label,hand1_p0_x,hand1_p0_y,hand1_p0_z,hand1_p1_x,hand1_p1_y,hand1_p1_z,hand1_p2_x,hand1_p2_y,hand1_p2_z,hand1_p3_x,hand1_p3_y,hand1_p3_z,hand1_p4_x,hand1_p4_y,hand1_p4_z,hand1_p5_x,hand1_p5_y,hand1_p5_z,hand1_p6_x,hand1_p6_y,hand1_p6_z,hand1_p7_x,hand1_p7_y,hand1_p7_z,hand1_p8_x,hand1_p8_y,hand1_p8_z,hand1_p9_x,hand1_p9_y,hand1_p9_z,hand1_p10_x,hand1_p10_y,hand1_p10_z,hand1_p11_x,hand1_p11_y,hand1_p11_z,hand1_p12_x,hand1_p12_y,hand1_p12_z,hand1_p13_x,hand1_p13_y,hand1_p13_z,hand1_p14_x,hand1_p14_y,hand1_p14_z,hand1_p15_x,hand1_p15_y,hand1_p15_z,hand1_p16_x,hand1_p16_y,hand1_p16_z,hand1_p17_x,hand1_p17_y,hand1_p17_z,hand1_p18_x,hand1_p18_y,hand1_p18_z,hand1_p19_x,hand1_p19_y,hand1_p19_z,hand1_p20_x,hand1_p20_y,hand1_p20_z,hand2_p0_x,hand2_p0_y,hand2_p0_z,hand2_p1_x,hand2_p1_y,hand2_p1_z,hand2_p2_x,hand2_p2_y,hand2_p2_z,hand2_p3_x,hand2_p3_y,hand2_p3_z,hand2_p4_x,hand2_p4_y,hand2_p4_z,hand2_p5_x,hand2_p5_y,hand2_p5_z,hand2_p6_x,hand2_p6_y,hand2_p6_z,hand2_p7_x,hand2_p7_y,hand2_p7_z,hand2_p8_x,hand2_p8_y,hand2_p8_z,hand2_p9_x,hand2_p9_y,hand2_p9_z,hand2_p10_x,hand2_p10_y,hand2_p10_z,hand2_p11_x,hand2_p11_y,hand2_p11_z,hand2_p12_x,hand2_p12_y,hand2_p12_z,hand2_p13_x,hand2_p13_y,hand2_p13_z,hand2_p14_x,hand2_p14_y,hand2_p14_z,hand2_p15_x,hand2_p15_y,hand2_p15_z,hand2_p16_x,hand2_p16_y,hand2_p16_z,hand2_p17_x,hand2_p17_y,hand2_p17_z,hand2_p18_x,hand2_p18_y,hand2_p18_z,hand2_p19_x,hand2_p19_y,hand2_p19_z,hand2_p20_x,hand2_p20_y,hand2_p20_z
A,0.0,0.0,0.0,0.01379391923546791,-0.4769494831562042,-0.2194449007511139,-0.03085939958691597,-0.9350348711013794,-0.36127185821533203,0.008939052931964397,-1.346238613128662,-0.48811089992523193,0.030451085418462753,-1.6966016292572021,-0.6158756613731384,-0.7171729803085327,-0.8164419531822205,-0.25197938084602356,-1.0448884963989258,-1.0652412176132202,-0.39923056960105896,-1.2571654319763184,-1.2227331399917603,-0.51715087890625,-1.454419732093811,-1.3545403480529785,-0.6056709289550781,-0.828937292098999,-0.49864357709884644,-0.2534119188785553,-1.2236483097076416,-0.6804890632629395,-0.3819200098514557,-1.4887601137161255,-0.8200542330741882,-0.49139150977134705,-1.7051531076431274,-0.9180657863616943,-0.5725201368331909,-0.8240451812744141,-0.1634146273136139,-0.27658745646476746,-1.2039623260498047,-0.19615617394447327,-0.4011644721031189,-1.4447723627090454,-0.23181283473968506,-0.5045824646949768,-1.6539472341537476,-0.2789647579193115,-0.573983371257782,-0.7308862805366516,0.16811268031597137,-0.3197811245918274,-1.0150458812713623,0.2409353256225586,-0.4422945976257324,-1.2032287120819092,0.290569007396698,-0.5114444494247437,-1.3893828392028809,0.2961103022098541,-0.5541843771934509,0.0,0.0,0.0,0.0,0.0,0.0,0.0,0.0,0.0,0.0,0.0,0.0,0.0,0.0,0.0,0.0,0.0,0.0,0.0,0.0,0.0,0.0,0.0,0.0,0.0,0.0,0.0,0.0,0.0,0.0,0.0,0.0,0.0,0.0,0.0,0.0,0.0,0.0,0.0,0.0,0.0,0.0,0.0,0.0,0.0,0.0,0.0,0.0,0.0,0.0,0.0,0.0,0.0,0.0,0.0,0.0,0.0,0.0,0.0,0.0,0.0,0.0,0.0
A,0.0,0.0,0.0,0.2314617782831192,-0.29235008358955383,-0.1543152928352356,0.3973618447780609,-0.642708420753479,-0.2560044825077057,0.5581389665603638,-0.8683213591575623,-0.3497143089771271,0.7151166796684265,-1.0220283269882202,-0.44983580708503723,-0.052301838994026184,-1.0359729528427124,-0.21415504813194275,-0.1790514588356018,-1.4505605697631836,-0.3422143757343292,-0.2530772387981415,-1.7002384662628174,-0.43788525462150574,-0.317251980304718,-1.9214297533035278,-0.5074473023414612,-0.2534918785095215,-0.9389529228210449,-0.23261405527591705,-0.40048980712890625,-1.3538908958435059,-0.339590460062027,-0.4795934557914734,-1.619163155555725,-0.4222242534160614,-0.5433550477027893,-1.8406316041946411,-0.48654472827911377,-0.40843603014945984,-0.7522914409637451,-0.2665356993675232,-0.5801878571510315,-1.1220741271972656,-0.3671821057796478,-0.6810759902000427,-1.3710263967514038,-0.44782915711402893,-0.7563057541847229,-1.5851315259933472,-0.5069668889045715,-0.5180174708366394,-0.49895814061164856,-0.31471991539001465,-0.7414935827255249,-0.6907800436019897,-0.41806715726852417,-0.8971856236457825,-0.8134250640869141,-0.47331681847572327,-1.0317330360412598,-0.9346528649330139,-0.5094636678695679,0.0,0.0,0.0,0.10286698490381241,-0.3493348956108093,-0.13586685061454773,0.11848520487546921,-0.7169938683509827,-0.18182912468910217,0.10264645516872406,-0.955134391784668,-0.2254871129989624,0.06832477450370789,-1.074199914932251,-0.25978395342826843,-0.2770635783672333,-1.0207796096801758,0.026006830856204033,-0.37057921290397644,-1.34641695022583,-0.003988186363130808,-0.4080689251422882,-1.539381504058838,-0.05809019133448601,-0.4640962481498718,-1.7042981386184692,-0.09908560663461685,-0.41731512546539307,-0.9074479341506958,0.0488494411110878,-0.5128775835037231,-1.2482935190200806,0.04925062507390976,-0.5525149703025818,-1.4492313861846924,0.014841611497104168,-0.5983637571334839,-1.6387869119644165,-0.01656832918524742,-0.5111409425735474,-0.7372007966041565,0.0447794646024704,-0.6268060803413391,-1.0369230508804321,0.0443839430809021,-0.6786816120147705,-1.2084459066390991,0.032425809651613235,-0.7345445156097412,-1.3813666105270386,0.020687280222773552,-0.5705537796020508,-0.4963745176792145,0.01896994188427925,-0.7191917300224304,-0.6961052417755127,0.03448418527841568,-0.8047217726707458,-0.7915099859237671,0.05461778864264488,-0.8880494236946106,-0.8860478401184082,0.06685766577720642
A,0.0,0.0,0.0,-0.1847834438085556,-0.3441620171070099,-0.046210017055273056,-0.33591344952583313,-0.7985693216323853,-0.032395873218774796,-0.45459872484207153,-1.1336936950683594,-0.022109515964984894,-0.585011899471283,-1.3099818229675293,-0.011392381973564625,-0.18933643400669098,-1.0721651315689087,0.06259820610284805,-0.05713072419166565,-1.4594899415969849,0.04502373933792114,0.03495149314403534,-1.6618508100509644,0.009448683820664883,0.09868232905864716,-1.835092306137085,-0.021830959245562553,-0.05980360880494118,-0.9963604807853699,0.060739073902368546,0.1184273511171341,-1.400696873664856,0.06020665168762207,0.22987911105155945,-1.6226893663406372,0.02105735056102276,0.3209076225757599,-1.8166927099227905,-0.021643605083227158,0.05139342322945595,-0.8913180232048035,0.04471521079540253,0.20905500650405884,-1.2725207805633545,0.026868430897593498,0.30527830123901367,-1.4868758916854858,-0.005187155678868294,0.39118364453315735,-1.6617099046707153,-0.0344722643494606,0.14595788717269897,-0.7632075548171997,0.023037852719426155,0.28388741612434387,-1.042082667350769,0.013158812187612057,0.36992132663726807,-1.2198015451431274,0.011259431950747967,0.4359711706638336,-1.3766576051712036,0.00492075877264142,0.0,0.0,0.0,0.0,0.0,0.0,0.0,0.0,0.0,0.0,0.0,0.0,0.0,0.0,0.0,0.0,0.0,0.0,0.0,0.0,0.0,0.0,0.0,0.0,0.0,0.0,0.0,0.0,0.0,0.0,0.0,0.0,0.0,0.0,0.0,0.0,0.0,0.0,0.0,0.0,0.0,0.0,0.0,0.0,0.0,0.0,0.0,0.0,0.0,0.0,0.0,0.0,0.0,0.0,0.0,0.0,0.0,0.0,0.0,0.0,0.0,0.0,0.0
A,0.0,0.0,0.0,0.0,0.0,0.0,0.0,0.0,0.0,0.0,0.0,0.0,0.0,0.0,0.0,0.0,0.0,0.0,0.0,0.0,0.0,0.0,0.0,0.0,0.0,0.0,0.0,0.0,0.0,0.0,0.0,0.0,0.0,0.0,0.0,0.0,0.0,0.0,0.0,0.0,0.0,0.0,0.0,0.0,0.0,0.0,0.0,0.0,0.0,0.0,0.0,0.0,0.0,0.0,0.0,0.0,0.0,0.0,0.0,0.0,0.0,0.0,0.0,0.0,0.0,0.0,-0.21008674800395966,-0.4826948046684265,-0.1593923717737198,-0.2076401710510254,-0.9943046569824219,-0.19670610129833221,-0.1534288227558136,-1.4073214530944824,-0.225734144449234,-0.18261881172657013,-1.7425436973571777,-0.2628605365753174,0.31849226355552673,-1.087754249572754,-0.13007403910160065,0.6248032450675964,-1.3463091850280762,-0.23202599585056305,0.7865034341812134,-1.4988442659378052,-0.31623998284339905,0.9613441228866577,-1.6150988340377808,-0.38684722781181335,0.48017585277557373,-0.8655028939247131,-0.1426040083169937,0.8606312870979309,-1.0347543954849243,-0.261697381734848,1.0680313110351562,-1.1584619283676147,-0.38513627648353577,1.2839367389678955,-1.2619285583496094,-0.4924573302268982,0.5376158356666565,-0.6304173469543457,-0.17634911835193634,0.8903257846832275,-0.7068877220153809,-0.3633251190185547,1.1049141883850098,-0.7760399580001831,-0.5178043246269226,1.3227225542068481,-0.8540717363357544,-0.620044469833374,0.5164502859115601,-0.3884781002998352,-0.21765118837356567,0.76856929063797,-0.3160856366157532,-0.42364105582237244,0.91706383228302,-0.24894122779369354,-0.5397301912307739,1.0846534967422485,-0.2333085983991623,-0.6147723197937012
A,0.0,0.0,0.0,0.19137422740459442,-0.28107255697250366,-0.08234883099794388,0.2744673192501068,-0.6418386697769165,-0.10443595051765442,0.3626669645309448,-0.9283965229988098,-0.12810401618480682,0.4756891429424286,-1.0919411182403564,-0.1490870863199234,-0.1077217236161232,-1.033379316329956,0.033433880656957626,-0.20756307244300842,-1.3551623821258545,0.005246850196272135,-0.27562206983566284,-1.5199755430221558,-0.04735737293958664,-0.3371725082397461,-1.66420316696167,-0.09098481386899948,-0.24981385469436646,-0.9679107666015625,0.02723492681980133,-0.360617458820343,-1.3281464576721191,0.014917684718966484,-0.425138384103775,-1.5345271825790405,-0.03111722134053707,-0.47710567712783813,-1.7020419836044312,-0.07024109363555908,-0.363580584526062,-0.8466814160346985,0.0028518065810203552,-0.4643135666847229,-1.185980200767517,-0.017749320715665817,-0.5120665431022644,-1.3839508295059204,-0.0494946725666523,-0.5490044355392456,-1.5521430969238281,-0.07477813959121704,-0.45885226130485535,-0.6771113276481628,-0.03495073318481445,-0.5383909344673157,-0.9434362053871155,-0.05115048214793205,-0.5673478245735168,-1.097100853919983,-0.04988778382539749,-0.583221971988678,-1.2429603338241577,-0.05005276948213577,0.0,0.0,0.0,-0.1557193100452423,-0.47304588556289673,-0.03755663335323334,-0.5048654675483704,-0.7590969204902649,-0.12681010365486145,-0.8133392333984375,-0.684428334236145,-0.2145797163248062,-0.9973528981208801,-0.47961631417274475,-0.32585716247558594,-0.5927723050117493,-0.985846221446991,-0.23190715909004211,-0.8582004904747009,-1.4045031070709229,-0.3969831168651581,-1.0371803045272827,-1.7512009143829346,-0.4972836673259735,-1.1580437421798706,-2.044429063796997,-0.5661219358444214,-0.6279202103614807,-0.7209897637367249,-0.2930699288845062,-1.1475963592529297,-0.5623126029968262,-0.46826598048210144,-1.062622308731079,-0.33761197328567505,-0.482717365026474,-0.8869120478630066,-0.30488911271095276,-0.47100573778152466,-0.639556884765625,-0.34806737303733826,-0.3508017659187317,-1.1143039464950562,-0.14258332550525665,-0.5115494132041931,-0.9824894666671753,-0.040652915835380554,-0.4535219967365265,-0.8099126815795898,-0.09249035269021988,-0.3863624632358551,-0.6120484471321106,0.02907649800181389,-0.40695375204086304,-0.9824525713920593,0.17756186425685883,-0.5226549506187439,-0.8606998324394226,0.2356499880552292,-0.46592167019844055,-0.6960732936859131,0.18294492363929749,-0.39832553267478943
A,0.0,0.0,0.0,-0.07997698336839676,-0.47443318367004395,-0.019725117832422256,-0.1873917281627655,-0.8622526526451111,-0.08108850568532944,-0.2895156741142273,-1.117498755455017,-0.1595982015132904,-0.3566688001155853,-1.2349114418029785,-0.24758705496788025,-0.320412814617157,-1.1005244255065918,-0.12116929143667221,-0.36939290165901184,-1.4391177892684937,-0.2805989384651184,-0.2626096308231354,-1.546198844909668,-0.38451912999153137,-0.11469345539808273,-1.6202939748764038,-0.43040525913238525,-0.38959673047065735,-0.905501663684845,-0.16817045211791992,-0.260927677154541,-1.1555486917495728,-0.34497371315956116,-0.09303680062294006,-1.241100788116455,-0.4322679936885834,0.09278290718793869,-1.3022310733795166,-0.46664491295814514,-0.4332342743873596,-0.6407132148742676,-0.21503658592700958,-0.31039610505104065,-0.7867385149002075,-0.3840087652206421,-0.1028018593788147,-0.7669156789779663,-0.40887534618377686,0.0938350185751915,-0.7590529918670654,-0.3864750564098358,-0.4545760750770569,-0.3611079752445221,-0.2586595118045807,-0.3899434208869934,-0.4541688859462738,-0.3781556487083435,-0.22449477016925812,-0.4182005822658539,-0.37164393067359924,-0.0738813579082489,-0.388146311044693,-0.3321000039577484,0.0,0.0,0.0,-0.20323747396469116,-0.4479077458381653,-0.18767543137073517,-0.26406076550483704,-0.884833574295044,-0.2935016453266144,-0.3363845944404602,-1.1516155004501343,-0.3890901505947113,-0.4253818988800049,-1.3079428672790527,-0.49210500717163086,0.4060407876968384,-1.0754661560058594,-0.21527191996574402,0.729335367679596,-1.2872077226638794,-0.35639700293540955,0.9327425956726074,-1.416914939880371,-0.46831443905830383,1.1030927896499634,-1.5274468660354614,-0.5513801574707031,0.5230118632316589,-0.822095513343811,-0.22498343884944916,0.8853089809417725,-0.9878270626068115,-0.3576846122741699,1.135389804840088,-1.1003191471099854,-0.451093852519989,1.363608479499817,-1.1932224035263062,-0.5241186022758484,0.5348350405693054,-0.5509542226791382,-0.25800248980522156,0.8486517667770386,-0.6069108843803406,-0.4317513108253479,1.1025527715682983,-0.7150915265083313,-0.5262199640274048,1.3404258489608765,-0.8187060356140137,-0.579495906829834,0.4605192244052887,-0.2557336390018463,-0.30308225750923157,0.7080814838409424,-0.15571673214435577,-0.4707429111003876,0.9084399342536926,-0.12616397440433502,-0.5320998430252075,1.0998904705047607,-0.13053199648857117,-0.565643846988678
A,0.0,0.0,0.0,-0.18721415102481842,-0.4019201993942261,-0.05462178960442543,-0.3077302873134613,-0.8262272477149963,-0.06556441634893417,-0.4158283472061157,-1.1102147102355957,-0.08447927236557007,-0.5167989730834961,-1.263528823852539,-0.10323401540517807,0.03193695470690727,-1.0723304748535156,0.07001201063394547,0.09200187027454376,-1.40201997756958,0.06056628003716469,0.13892433047294617,-1.5821298360824585,0.02327652834355831,0.1912773847579956,-1.7507293224334717,-0.013891607522964478,0.16518943011760712,-0.984528660774231,0.05844460055232048,0.24284487962722778,-1.3195101022720337,0.06953168660402298,0.28726619482040405,-1.5211313962936401,0.043924763798713684,0.34037700295448303,-1.6935652494430542,0.013029437512159348,0.275793194770813,-0.824069082736969,0.026338370516896248,0.38893061876296997,-1.113837718963623,0.023746710270643234,0.4382839798927307,-1.306909441947937,0.0008478551171720028,0.48623380064964294,-1.48367178440094,-0.025139575824141502,0.37567973136901855,-0.6042739152908325,-0.017555586993694305,0.5171153545379639,-0.7395118474960327,-0.022468775510787964,0.6084575057029724,-0.8484765887260437,-0.02677309885621071,0.6970504522323608,-0.9671789407730103,-0.03681840002536774,0.0,0.0,0.0,-0.29766014218330383,-0.3625498414039612,-0.048513785004615784,-0.4679754078388214,-0.6869674324989319,-0.054557062685489655,-0.6010186672210693,-0.8969613313674927,-0.07502655684947968,-0.7280851602554321,-1.0325144529342651,-0.09935741871595383,-0.17654845118522644,-1.0282390117645264,0.03853039816021919,-0.09488260000944138,-1.4040884971618652,-0.026673443615436554,-0.05146775022149086,-1.6526238918304443,-0.09481111913919449,-0.00270959734916687,-1.8708664178848267,-0.14552687108516693,-0.04961966350674629,-0.9987037181854248,0.011347505263984203,0.05573578178882599,-1.377621054649353,-0.04028596729040146,0.12414330244064331,-1.644423246383667,-0.1107318103313446,0.20635828375816345,-1.8773192167282104,-0.16839994490146637,0.05158110335469246,-0.9040696024894714,-0.03260466456413269,0.1797114610671997,-1.2288213968276978,-0.10240503400564194,0.25661924481391907,-1.465266466140747,-0.16986609995365143,0.34383320808410645,-1.6727575063705444,-0.21837382018566132,0.13509421050548553,-0.743030309677124,-0.08326680958271027,0.29909971356391907,-0.9111194014549255,-0.15715253353118896,0.400229811668396,-1.051507592201233,-0.20361293852329254,0.5073944926261902,-1.1964529752731323,-0.23393136262893677
A,0.0,0.0,0.0,0.22874875366687775,-0.4635210931301117,-0.1781216859817505,0.24241024255752563,-1.0841964483261108,-0.2365020364522934,0.2020946443080902,-1.5082722902297974,-0.27532798051834106,0.25760120153427124,-1.7904385328292847,-0.33746472001075745,-0.2029699683189392,-1.1417522430419922,-0.23423512279987335,-0.5444933176040649,-1.4084829092025757,-0.37079623341560364,-0.7423840761184692,-1.5235905647277832,-0.5099203586578369,-0.925037682056427,-1.6900076866149902,-0.625095546245575,-0.3693898320198059,-0.898505687713623,-0.23714713752269745,-0.7896455526351929,-1.1229264736175537,-0.37122300267219543,-1.0238807201385498,-1.261031985282898,-0.5517817735671997,-1.2225693464279175,-1.4077115058898926,-0.7216922640800476,-0.4462888538837433,-0.6630799770355225,-0.2507566809654236,-0.818318784236908,-0.805091917514801,-0.4488835334777832,-1.0753633975982666,-0.8712691068649292,-0.6371085047721863,-1.3092330694198608,-0.9308733344078064,-0.7851029634475708,-0.433515340089798,-0.44060367345809937,-0.27234214544296265,-0.7254164814949036,-0.3464352488517761,-0.4673948884010315,-0.9686040878295898,-0.26660749316215515,-0.5892670154571533,-1.1876140832901,-0.2428424209356308,-0.6925038695335388,0.0,0.0,0.0,0.0,0.0,0.0,0.0,0.0,0.0,0.0,0.0,0.0,0.0,0.0,0.0,0.0,0.0,0.0,0.0,0.0,0.0,0.0,0.0,0.0,0.0,0.0,0.0,0.0,0.0,0.0,0.0,0.0,0.0,0.0,0.0,0.0,0.0,0.0,0.0,0.0,0.0,0.0,0.0,0.0,0.0,0.0,0.0,0.0,0.0,0.0,0.0,0.0,0.0,0.0,0.0,0.0,0.0,0.0,0.0,0.0,0.0,0.0,0.0
B,0.0,0.0,0.0,0.0,0.0,0.0,0.0,0.0,0.0,0.0,0.0,0.0,0.0,0.0,0.0,0.0,0.0,0.0,0.0,0.0,0.0,0.0,0.0,0.0,0.0,0.0,0.0,0.0,0.0,0.0,0.0,0.0,0.0,0.0,0.0,0.0,0.0,0.0,0.0,0.0,0.0,0.0,0.0,0.0,0.0,0.0,0.0,0.0,0.0,0.0,0.0,0.0,0.0,0.0,0.0,0.0,0.0,0.0,0.0,0.0,0.0,0.0,0.0,0.0,0.0,0.0,-0.24588672816753387,-0.046869032084941864,0.05346172675490379,-0.4775278568267822,-0.2595066428184509,0.07741251587867737,-0.6838483214378357,-0.39772021770477295,0.06443645060062408,-0.8505502343177795,-0.5401800274848938,0.05397295206785202,-0.43590158224105835,-0.7957175970077515,0.22284527122974396,-0.6523606181144714,-0.8987696766853333,0.1469559222459793,-0.7948558926582336,-0.7987540364265442,0.034898243844509125,-0.8746037483215332,-0.6602902412414551,-0.02434196136891842,-0.3923478126525879,-0.907200813293457,0.15182183682918549,-0.5558233261108398,-1.2487263679504395,0.13375224173069,-0.7460927963256836,-1.3209940195083618,0.07832851260900497,-0.8987529873847961,-1.2918040752410889,0.04621340334415436,-0.32586050033569336,-0.9425436854362488,0.057290539145469666,-0.4644619822502136,-1.3424972295761108,0.0477471798658371,-0.6405162215232849,-1.4694995880126953,0.023900119587779045,-0.7769752144813538,-1.4933241605758667,0.014257142320275307,-0.2728368043899536,-0.9230479001998901,-0.043009426444768906,-0.3687783479690552,-1.2465548515319824,-0.040376629680395126,-0.49369701743125916,-1.3979687690734863,-0.03156723827123642,-0.6153287887573242,-1.4923943281173706,-0.019610676914453506
B,0.0,0.0,0.0,0.0,0.0,0.0,0.0,0.0,0.0,0.0,0.0,0.0,0.0,0.0,0.0,0.0,0.0,0.0,0.0,0.0,0.0,0.0,0.0,0.0,0.0,0.0,0.0,0.0,0.0,0.0,0.0,0.0,0.0,0.0,0.0,0.0,0.0,0.0,0.0,0.0,0.0,0.0,0.0,0.0,0.0,0.0,0.0,0.0,0.0,0.0,0.0,0.0,0.0,0.0,0.0,0.0,0.0,0.0,0.0,0.0,0.0,0.0,0.0,0.0,0.0,0.0,-0.30444326996803284,-0.42267540097236633,0.013387453742325306,-0.4326189160346985,-0.791130781173706,-0.006115777883678675,-0.5358750224113464,-1.064360499382019,-0.03617057204246521,-0.6059257388114929,-1.253151774406433,-0.06871609389781952,-0.20968696475028992,-1.0772924423217773,-0.02829618938267231,-0.45690804719924927,-1.296330213546753,-0.0935947597026825,-0.6370875835418701,-1.351122498512268,-0.14283543825149536,-0.757656455039978,-1.3605303764343262,-0.1745472550392151,-0.14080920815467834,-0.9875184893608093,-0.07056882232427597,-0.4375435411930084,-1.2290990352630615,-0.12774910032749176,-0.609111487865448,-1.2600877285003662,-0.17075635492801666,-0.7330448627471924,-1.247616171836853,-0.2056083083152771,-0.10649074614048004,-0.8463289141654968,-0.11350253969430923,-0.39874762296676636,-1.0804178714752197,-0.17359362542629242,-0.5804517269134521,-1.1172188520431519,-0.19879017770290375,-0.7137051820755005,-1.103930115699768,-0.21480824053287506,-0.11143205314874649,-0.6623989343643188,-0.15439076721668243,-0.35251933336257935,-0.8441058397293091,-0.2073720395565033,-0.5004261136054993,-0.903021514415741,-0.2263130396604538,-0.6193394064903259,-0.9218335747718811,-0.23704949021339417
B,0.0,0.0,0.0,-0.20054161548614502,-0.1725119650363922,-0.23484675586223602,-0.3680679500102997,-0.4933439791202545,-0.3057810962200165,-0.5707377791404724,-0.7164015769958496,-0.313739538192749,-0.7388619184494019,-0.8509488105773926,-0.2998158931732178,-0.09113135188817978,-0.9463823437690735,-0.2054377645254135,-0.411482572555542,-1.1511480808258057,-0.24185402691364288,-0.6043136715888977,-1.0625686645507812,-0.2928394079208374,-0.7313318848609924,-0.9450190663337708,-0.3162136375904083,-0.043574605137109756,-0.9978373050689697,-0.049212176352739334,-0.2342054843902588,-1.3886864185333252,-0.03424134477972984,-0.3499014973640442,-1.627386450767517,-0.056480519473552704,-0.4565429091453552,-1.8049546480178833,-0.08411937952041626,-0.03280935063958168,-0.9593002796173096,0.09583978354930878,-0.16108140349388123,-1.3174160718917847,0.1290157288312912,-0.22143049538135529,-1.527401328086853,0.12121213972568512,-0.28060686588287354,-1.6660230159759521,0.10834284126758575,-0.07114826142787933,-0.9088199138641357,0.22300735116004944,-0.13390497863292694,-1.1837364435195923,0.2470669001340866,-0.16064992547035217,-1.3670440912246704,0.25291797518730164,-0.19532538950443268,-1.5307657718658447,0.2571014165878296,0.0,0.0,0.0,0.24550534784793854,0.060457512736320496,-0.21947497129440308,0.4813435971736908,-0.11852430552244186,-0.3124275803565979,0.7000802159309387,-0.34603074193000793,-0.34895965456962585,0.8797694444656372,-0.558109700679779,-0.35938671231269836,0.3056507110595703,-0.8349069356918335,-0.26074743270874023,0.6492740511894226,-0.9435303211212158,-0.3723635971546173,0.8158438801765442,-0.784171462059021,-0.4412793815135956,0.8897754549980164,-0.5919094681739807,-0.4584544897079468,0.23564286530017853,-0.9613661766052246,-0.1422937512397766,0.4853684604167938,-1.334741234779358,-0.23092670738697052,0.7005528807640076,-1.5104738473892212,-0.27515316009521484,0.8630010485649109,-1.6083312034606934,-0.28628861904144287,0.19684050977230072,-0.9698286652565002,-0.032128605991601944,0.37055477499961853,-1.3466626405715942,-0.08943074941635132,0.5251781344413757,-1.5267471075057983,-0.11898042261600494,0.6566441655158997,-1.642295479774475,-0.12036267668008804,0.18375436961650848,-0.9151800870895386,0.0653207078576088,0.1963210254907608,-1.1744720935821533,0.05019332095980644,0.22375068068504333,-1.3290919065475464,0.05535948649048805,0.2676089406013489,-1.4355955123901367,0.07398945093154907
B,0.0,0.0,0.0,0.27108344435691833,-0.1533057987689972,0.015468728728592396,0.4355461299419403,-0.3732638657093048,-0.019835883751511574,0.5703290700912476,-0.4912129342556,-0.07411413639783859,0.6621052026748657,-0.6260970234870911,-0.1207616999745369,0.1795015037059784,-1.02976655960083,-0.02180408500134945,0.49440503120422363,-1.1358767747879028,-0.1165740117430687,0.6675891280174255,-1.0047134160995483,-0.18696901202201843,0.7386195063591003,-0.8167020678520203,-0.21982456743717194,0.1514349728822708,-0.9852948784828186,-0.07912857830524445,0.5212636590003967,-1.1242034435272217,-0.16762909293174744,0.6768990755081177,-0.9128633737564087,-0.2082042098045349,0.7084268927574158,-0.695064127445221,-0.219106063246727,0.1705591231584549,-0.82805335521698,-0.13844288885593414,0.5193272829055786,-0.9568211436271667,-0.20973855257034302,0.6689522862434387,-0.7503376007080078,-0.20708581805229187,0.6906898021697998,-0.5580882430076599,-0.18685781955718994,0.22723020613193512,-0.606852650642395,-0.1979214996099472,0.5210341811180115,-0.6799545288085938,-0.23069794476032257,0.6333338022232056,-0.5625383853912354,-0.20383013784885406,0.6512223482131958,-0.4224676489830017,-0.17151686549186707,0.0,0.0,0.0,-0.2531827986240387,-0.17070206999778748,0.020557112991809845,-0.44031715393066406,-0.42688480019569397,0.007452849764376879,-0.5924869775772095,-0.5259650945663452,-0.021322866901755333,-0.6539115309715271,-0.6199415922164917,-0.04795503243803978,-0.2087584286928177,-0.9978932738304138,0.04511909931898117,-0.4657207131385803,-1.1011072397232056,-0.0014591151848435402,-0.6276935935020447,-1.0192844867706299,-0.061478786170482635,-0.7402757406234741,-0.8899248242378235,-0.09993817657232285,-0.1936052441596985,-0.9810790419578552,0.0009142025373876095,-0.5245121121406555,-1.1527364253997803,-0.01775265671312809,-0.6648766398429871,-1.013406753540039,-0.05756117030978203,-0.7317637801170349,-0.8360319137573242,-0.08916535973548889,-0.19533666968345642,-0.9114258885383606,-0.04729613661766052,-0.4933949410915375,-1.072569727897644,-0.06435643136501312,-0.6390824317932129,-0.979362964630127,-0.0831175446510315,-0.7178904414176941,-0.8180904388427734,-0.09731714427471161,-0.23425264656543732,-0.7730110287666321,-0.09651689231395721,-0.4614538550376892,-0.9473026394844055,-0.11271420866250992,-0.5916618704795837,-0.9069896340370178,-0.10967376828193665,-0.674210250377655,-0.7891222834587097,-0.10422823578119278
B,0.0,0.0,0.0,0.24584317207336426,-0.1515953242778778,0.0639614686369896,0.40709346532821655,-0.35068774223327637,0.058686573058366776,0.5359064340591431,-0.4436803460121155,0.023649603128433228,0.6033155918121338,-0.5341535806655884,-0.009155006147921085,0.18672478199005127,-0.9947448968887329,0.06817962229251862,0.43060237169265747,-1.122853398323059,-0.0014234879054129124,0.5727376937866211,-0.9625975489616394,-0.06910056620836258,0.6439244747161865,-0.7714831233024597,-0.10614515095949173,0.15102271735668182,-0.9884933829307556,-0.008543137460947037,0.4624396860599518,-1.1355037689208984,-0.07003726065158844,0.6019608378410339,-0.9245467185974121,-0.11868218332529068,0.6452568173408508,-0.7052841782569885,-0.1408233493566513,0.1558959186077118,-0.8918962478637695,-0.0864209309220314,0.43742507696151733,-1.0470829010009766,-0.13362537324428558,0.580544650554657,-0.8658884763717651,-0.1403934210538864,0.6295049786567688,-0.6741480827331543,-0.1321629136800766,0.19419576227664948,-0.7133187055587769,-0.16221439838409424,0.4084133803844452,-0.8805534243583679,-0.18792645633220673,0.5358709692955017,-0.8049001693725586,-0.17311635613441467,0.6046617031097412,-0.6842178106307983,-0.15264511108398438,0.0,0.0,0.0,-0.2618975341320038,-0.21010634303092957,0.04972280561923981,-0.39333269000053406,-0.46154358983039856,0.03556162491440773,-0.49264734983444214,-0.6260676383972168,0.0003897050046361983,-0.5762658715248108,-0.7361416816711426,-0.035537850111722946,-0.20197510719299316,-1.0233694314956665,0.017856713384389877,-0.45490750670433044,-1.1343448162078857,-0.04614267125725746,-0.5876986980438232,-0.9874559044837952,-0.09670249372720718,-0.6449791193008423,-0.827309787273407,-0.12310782819986343,-0.19035153090953827,-0.9810762405395508,-0.03543480113148689,-0.48831379413604736,-1.0934017896652222,-0.07834381610155106,-0.602888286113739,-0.9053954482078552,-0.10456424951553345,-0.637135922908783,-0.7498918771743774,-0.12638907134532928,-0.2054983228445053,-0.8577978014945984,-0.08880845457315445,-0.4884706139564514,-0.939723551273346,-0.12710615992546082,-0.5803920030593872,-0.7644217014312744,-0.1299067586660385,-0.5993689298629761,-0.6208102703094482,-0.13266363739967346,-0.24886390566825867,-0.6723521947860718,-0.1383792757987976,-0.48093026876449585,-0.7196651101112366,-0.1563054919242859,-0.5507538318634033,-0.6129288077354431,-0.14634238183498383,-0.5689133405685425,-0.5147250890731812,-0.1385706067085266
B,0.0,0.0,0.0,0.15407246351242065,-0.32040512561798096,0.05456773564219475,0.2806524336338043,-0.6210734844207764,0.058392491191625595,0.43405312299728394,-0.76483553647995,0.034008581191301346,0.5709306597709656,-0.8310319185256958,0.01845518685877323,0.07088840752840042,-1.0663044452667236,0.12161894142627716,0.17768415808677673,-1.4122519493103027,0.14232483506202698,0.2605474293231964,-1.510963797569275,0.1371874362230301,0.329565167427063,-1.593013882637024,0.12094734609127045,0.038960181176662445,-0.9971534013748169,0.06455443799495697,0.2237532138824463,-1.1406211853027344,0.06854774057865143,0.3459976613521576,-1.1125127077102661,0.04391220211982727,0.44608274102211,-1.0619264841079712,0.019168632104992867,0.05542919784784317,-0.8504753112792969,0.0057258023880422115,0.22936059534549713,-1.0005853176116943,0.017292067408561707,0.3429895043373108,-1.0654534101486206,0.0020311870612204075,0.437713086605072,-1.1023815870285034,-0.022546594962477684,0.12305426597595215,-0.6636587977409363,-0.053311340510845184,0.31681376695632935,-0.7540463209152222,-0.01843542605638504,0.4247438907623291,-0.7706891894340515,0.005070505663752556,0.5068548917770386,-0.770923376083374,0.01105223223567009,0.0,0.0,0.0,-0.285391628742218,-0.227018803358078,0.028033899143338203,-0.4607742726802826,-0.4331725239753723,0.026663916185498238,-0.5935824513435364,-0.5437085628509521,0.004162492696195841,-0.7157673835754395,-0.5846545100212097,-0.023869959637522697,-0.23984281718730927,-1.011171579360962,0.1347181648015976,-0.4207364320755005,-1.146106243133545,0.16959479451179504,-0.5245653390884399,-1.0949145555496216,0.15813304483890533,-0.5958687663078308,-1.0664516687393188,0.14369931817054749,-0.15750068426132202,-0.9812508225440979,0.11108703166246414,-0.353279709815979,-1.1216367483139038,0.15384481847286224,-0.45084691047668457,-1.1042064428329468,0.13075894117355347,-0.5104104280471802,-1.1089080572128296,0.10198268294334412,-0.11246626079082489,-0.872653067111969,0.08317418396472931,-0.28781813383102417,-0.9496633410453796,0.13017359375953674,-0.390008807182312,-0.946744441986084,0.11569292843341827,-0.4602527618408203,-0.9377198815345764,0.08927267789840698,-0.11149038374423981,-0.7179242968559265,0.05466937646269798,-0.24463413655757904,-0.7152800559997559,0.10550183802843094,-0.33981016278266907,-0.6836661100387573,0.12559781968593597,-0.4192047715187073,-0.6383285522460938,0.13061359524726868
B,0.0,0.0,0.0,0.180727019906044,-0.3940064609050751,0.0022249389439821243,0.261680006980896,-0.7211920619010925,-0.019027099013328552,0.3197525441646576,-0.9482393264770508,-0.053462617099285126,0.36385974287986755,-1.1218516826629639,-0.0864461213350296,0.022845415398478508,-1.0825151205062866,-0.018219849094748497,0.21850398182868958,-1.263323426246643,-0.09775092452764511,0.3675708472728729,-1.2981685400009155,-0.16371501982212067,0.482258141040802,-1.2766469717025757,-0.20606279373168945,-0.018546095117926598,-0.9981228113174438,-0.05836806446313858,0.20013733208179474,-1.1784496307373047,-0.13750402629375458,0.3566068708896637,-1.1795120239257812,-0.1841030716896057,0.47329995036125183,-1.1466994285583496,-0.21227991580963135,-0.023540958762168884,-0.8454567790031433,-0.10308052599430084,0.177076056599617,-1.0232982635498047,-0.17796418070793152,0.33317849040031433,-1.0252398252487183,-0.200776144862175,0.4507434070110321,-0.985511839389801,-0.20764344930648804,0.0013460931368172169,-0.6558142304420471,-0.14929388463497162,0.15978899598121643,-0.7832561731338501,-0.20506800711154938,0.271495521068573,-0.7873138189315796,-0.21613642573356628,0.3629549443721771,-0.7545493245124817,-0.21618182957172394,0.0,0.0,0.0,-0.20184697210788727,-0.40006589889526367,0.005824094172567129,-0.3094804584980011,-0.757272481918335,-0.02141742780804634,-0.4011581838130951,-1.0030008554458618,-0.056769464164972305,-0.47173789143562317,-1.1959902048110962,-0.09431580454111099,-0.06385974586009979,-1.1037585735321045,-0.044634394347667694,-0.2961414158344269,-1.2683759927749634,-0.12754730880260468,-0.45624449849128723,-1.2995588779449463,-0.19549798965454102,-0.5701118111610413,-1.2719104290008545,-0.2348681390285492,-0.016527466475963593,-0.996303915977478,-0.08429250866174698,-0.27450284361839294,-1.2010328769683838,-0.1456937938928604,-0.44043678045272827,-1.231533169746399,-0.1912006437778473,-0.5657268762588501,-1.208815574645996,-0.22671057283878326,-0.002775193890556693,-0.8300552368164062,-0.12540888786315918,-0.2437591850757599,-1.034957766532898,-0.18288353085517883,-0.4030369818210602,-1.0814006328582764,-0.20279988646507263,-0.5238786339759827,-1.0791335105895996,-0.21522603929042816,-0.022296758368611336,-0.6180740594863892,-0.1652488112449646,-0.21627192199230194,-0.7666871547698975,-0.212356835603714,-0.33946865797042847,-0.8296149969100952,-0.2230805605649948,-0.43856027722358704,-0.8632249236106873,-0.22648309171199799
B,0.0,0.0,0.0,0.24584907293319702,-0.3353729844093323,0.026857849210500717,0.3588750958442688,-0.5973662734031677,0.009273487143218517,0.4402596950531006,-0.7656856179237366,-0.03316298499703407,0.5201071500778198,-0.9058467149734497,-0.06891389936208725,0.09423137456178665,-1.0264806747436523,0.0673716589808464,0.3013963997364044,-1.138514757156372,0.0022508578840643167,0.44027066230773926,-1.0537627935409546,-0.061978779733181,0.5255320072174072,-0.9338542222976685,-0.10149107873439789,0.05844097584486008,-0.9981963038444519,0.013740191236138344,0.30306538939476013,-1.1544859409332275,-0.04735644534230232,0.447996586561203,-1.058018445968628,-0.09285839647054672,0.5408649444580078,-0.9288734197616577,-0.11526260524988174,0.06310674548149109,-0.9053467512130737,-0.04729306697845459,0.29092997312545776,-1.0966801643371582,-0.1058490201830864,0.43797439336776733,-1.0317493677139282,-0.12556657195091248,0.539559006690979,-0.9248538613319397,-0.12732884287834167,0.1081765815615654,-0.76418536901474,-0.10930104553699493,0.3088921904563904,-0.8640924692153931,-0.14667659997940063,0.4324969947338104,-0.8472793698310852,-0.1504218876361847,0.526770293712616,-0.7985540628433228,-0.1440904140472412,0.0,0.0,0.0,-0.21569132804870605,-0.3430359363555908,0.050121333450078964,-0.3022919297218323,-0.6122776865959167,0.037161361426115036,-0.39441654086112976,-0.7911914587020874,-0.0034946375526487827,-0.48681825399398804,-0.8962674140930176,-0.04576899856328964,-0.03725646436214447,-1.01664137840271,0.07700721174478531,-0.22784514725208282,-1.1997387409210205,0.018508369103074074,-0.36785757541656494,-1.1587481498718262,-0.045234668999910355,-0.46398985385894775,-1.08584725856781,-0.08647098392248154,0.0006576807354576886,-0.9998867511749268,0.01503740530461073,-0.24300320446491241,-1.2270667552947998,-0.028733383864164352,-0.39029166102409363,-1.141345500946045,-0.08151988685131073,-0.48517656326293945,-1.0344040393829346,-0.12096723169088364,0.00659541692584753,-0.9204047322273254,-0.05168477073311806,-0.2293056845664978,-1.12809419631958,-0.0877620279788971,-0.3840170204639435,-1.0822900533676147,-0.11691705137491226,-0.4965759515762329,-1.0024186372756958,-0.13907068967819214,-0.0365295484662056,-0.7855550050735474,-0.11687784641981125,-0.22644053399562836,-0.912227988243103,-0.13138404488563538,-0.34530171751976013,-0.9162102341651917,-0.13835382461547852,-0.44408541917800903,-0.8955174088478088,-0.14640381932258606
B,0.0,0.0,0.0,0.21023282408714294,-0.334634393453598,0.03311176598072052,0.2962662875652313,-0.6193077564239502,0.019235746935009956,0.3754650354385376,-0.7973518371582031,-0.018265435472130775,0.4614654779434204,-0.9107179045677185,-0.050504233688116074,0.016022631898522377,-1.0278739929199219,0.05718362331390381,0.2269817441701889,-1.1708199977874756,-0.012324600480496883,0.37415382266044617,-1.1257075071334839,-0.07852908968925476,0.47506025433540344,-1.0355970859527588,-0.11986324936151505,-0.020908942446112633,-0.9997804760932922,-0.0013511681463569403,0.23238469660282135,-1.1991033554077148,-0.07445449382066727,0.3849852979183197,-1.1337954998016357,-0.12714961171150208,0.4878227710723877,-1.011816143989563,-0.1517963856458664,-0.01830456592142582,-0.9100119471549988,-0.06508193165063858,0.21651142835617065,-1.0975453853607178,-0.12453639507293701,0.3691540062427521,-1.0595802068710327,-0.14777283370494843,0.47469639778137207,-0.9705302715301514,-0.1516539603471756,0.019355857744812965,-0.7703793048858643,-0.12977313995361328,0.20258165895938873,-0.8909891247749329,-0.16676415503025055,0.32296544313430786,-0.8939353227615356,-0.17256620526313782,0.421411395072937,-0.858918309211731,-0.16771256923675537,0.0,0.0,0.0,-0.23740485310554504,-0.2976400852203369,0.04896518960595131,-0.3296295404434204,-0.565628170967102,0.04813474044203758,-0.4051234722137451,-0.752653181552887,0.021874310448765755,-0.4592266380786896,-0.8834523558616638,-0.006536825560033321,-0.07961759716272354,-1.0136038064956665,0.0885239988565445,-0.2981548011302948,-1.1098713874816895,0.03805834427475929,-0.43741536140441895,-1.0259934663772583,-0.023845462128520012,-0.5244110822677612,-0.9161101579666138,-0.06380978971719742,-0.04433942958712578,-0.9985456466674805,0.030668416991829872,-0.30428993701934814,-1.1353274583816528,-0.005643966607749462,-0.4495190978050232,-1.0224664211273193,-0.053019534796476364,-0.5351375937461853,-0.8949576616287231,-0.08514032512903214,-0.03864360600709915,-0.918451189994812,-0.0320698581635952,-0.283816397190094,-1.0732362270355225,-0.06892285495996475,-0.4321332275867462,-0.9943791627883911,-0.09357088059186935,-0.5325189232826233,-0.8922439217567444,-0.10798666626214981,-0.07575395703315735,-0.7821818590164185,-0.09340567141771317,-0.29483762383461,-0.8394980430603027,-0.12091177701950073,-0.4180743396282196,-0.8156185150146484,-0.13045349717140198,-0.5124966502189636,-0.782669186592102,-0.13273699581623077
B,0.0,0.0,0.0,0.27573737502098083,-0.12810544669628143,0.06698128581047058,0.4841047525405884,-0.3277435898780823,0.0780036672949791,0.6726239323616028,-0.4710600674152374,0.04848428815603256,0.8304116129875183,-0.56100994348526,0.010617762804031372,0.35470467805862427,-0.8623977303504944,0.16639494895935059,0.609752893447876,-0.9494634866714478,0.10444871336221695,0.7702411413192749,-0.9015488624572754,0.020061854273080826,0.8818252086639404,-0.8166303634643555,-0.03026111051440239,0.31739193201065063,-0.9449315667152405,0.07979133725166321,0.4750552773475647,-1.301384449005127,0.03953280299901962,0.6398890614509583,-1.395150065422058,-0.017826758325099945,0.7863621115684509,-1.3766967058181763,-0.055712148547172546,0.2731810510158539,-0.9602185487747192,-0.01972334459424019,0.3928372263908386,-1.3712583780288696,-0.06360931694507599,0.5735101103782654,-1.4570794105529785,-0.10033362358808517,0.731553316116333,-1.451812744140625,-0.11818426102399826,0.24992048740386963,-0.9357162714004517,-0.11953897774219513,0.3410820960998535,-1.2651718854904175,-0.15718838572502136,0.47676005959510803,-1.4211846590042114,-0.16930505633354187,0.6145524978637695,-1.5100191831588745,-0.1738644689321518,0.0,0.0,0.0,-0.2558188736438751,-0.06586078554391861,-0.013241445645689964,-0.4698478579521179,-0.3024858832359314,-0.03544911742210388,-0.6091040372848511,-0.4826810359954834,-0.0845971554517746,-0.739082932472229,-0.6180354952812195,-0.1364867240190506,-0.4019675850868225,-0.8184531927108765,0.08383440971374512,-0.5914304852485657,-0.9422153234481812,-0.01351787056773901,-0.7226395606994629,-0.8663709163665771,-0.12831079959869385,-0.7981073260307312,-0.7466701865196228,-0.19872184097766876,-0.3360418677330017,-0.9413163661956787,0.0316113643348217,-0.4877212643623352,-1.2675315141677856,-0.02697167731821537,-0.6438642740249634,-1.3204423189163208,-0.09449755400419235,-0.7746434807777405,-1.2876657247543335,-0.14330574870109558,-0.25552523136138916,-0.9870499968528748,-0.04158864542841911,-0.3413940668106079,-1.3523805141448975,-0.09056471288204193,-0.48676028847694397,-1.4620200395584106,-0.1300116777420044,-0.6242374777793884,-1.4777582883834839,-0.15720134973526,-0.16840824484825134,-0.9644899368286133,-0.12371452152729034,-0.20958536863327026,-1.2657278776168823,-0.14929522573947906,-0.31053170561790466,-1.3935534954071045,-0.15790753066539764,-0.4314127564430237,-1.4564560651779175,-0.16762201488018036
C,0.0,0.0,0.0,0.0,0.0,0.0,0.0,0.0,0.0,0.0,0.0,0.0,0.0,0.0,0.0,0.0,0.0,0.0,0.0,0.0,0.0,0.0,0.0,0.0,0.0,0.0,0.0,0.0,0.0,0.0,0.0,0.0,0.0,0.0,0.0,0.0,0.0,0.0,0.0,0.0,0.0,0.0,0.0,0.0,0.0,0.0,0.0,0.0,0.0,0.0,0.0,0.0,0.0,0.0,0.0,0.0,0.0,0.0,0.0,0.0,0.0,0.0,0.0,0.0,0.0,0.0,-0.3960148096084595,-0.1503276228904724,0.24263475835323334,-0.6457670331001282,-0.29916343092918396,0.2757655680179596,-0.8455457091331482,-0.3573429584503174,0.21484139561653137,-1.0517113208770752,-0.3951321840286255,0.13969163596630096,-0.4162696599960327,-0.8645792603492737,0.4278509318828583,-0.6242339015007019,-0.997833251953125,0.45874571800231934,-0.7267721891403198,-1.1204001903533936,0.44695547223091125,-0.8098383545875549,-1.2614617347717285,0.4142551124095917,-0.352202445268631,-0.9074525237083435,0.2290923148393631,-0.7507104873657227,-0.8506773114204407,0.21004825830459595,-0.6634976863861084,-0.627173900604248,0.20410849153995514,-0.5286508798599243,-0.6000536680221558,0.21434998512268066,-0.32606104016304016,-0.8999378085136414,0.02263014204800129,-0.6864288449287415,-0.768887460231781,0.008333177305758,-0.5683838725090027,-0.5660524964332581,0.047213077545166016,-0.43150025606155396,-0.60031658411026,0.06922560185194016,-0.3304174840450287,-0.8621413111686707,-0.17504829168319702,-0.5963906645774841,-0.6991182565689087,-0.16837631165981293,-0.4963744580745697,-0.5449504852294922,-0.1300206333398819,-0.36667320132255554,-0.5733887553215027,-0.10956466943025589
C,0.0,0.0,0.0,0.0,0.0,0.0,0.0,0.0,0.0,0.0,0.0,0.0,0.0,0.0,0.0,0.0,0.0,0.0,0.0,0.0,0.0,0.0,0.0,0.0,0.0,0.0,0.0,0.0,0.0,0.0,0.0,0.0,0.0,0.0,0.0,0.0,0.0,0.0,0.0,0.0,0.0,0.0,0.0,0.0,0.0,0.0,0.0,0.0,0.0,0.0,0.0,0.0,0.0,0.0,0.0,0.0,0.0,0.0,0.0,0.0,0.0,0.0,0.0,0.0,0.0,0.0,-0.39302384853363037,-0.02454308792948723,-0.013336355797946453,-0.6675420999526978,-0.21037621796131134,-0.08511020988225937,-0.9118164777755737,-0.3022799789905548,-0.17697545886039734,-1.1589809656143188,-0.3002218008041382,-0.26321136951446533,-0.49066048860549927,-0.9137470126152039,-0.043846648186445236,-0.6780958771705627,-1.2144702672958374,-0.17357608675956726,-0.8906029462814331,-1.3085572719573975,-0.2523416578769684,-1.0772508382797241,-1.3281844854354858,-0.30606284737586975,-0.38725459575653076,-0.9147303104400635,-0.11533547192811966,-0.8351788520812988,-0.6331332921981812,-0.238468199968338,-0.7620221972465515,-0.39732033014297485,-0.22671760618686676,-0.6231842041015625,-0.3896690905094147,-0.20906399190425873,-0.3330397605895996,-0.7850520610809326,-0.20228703320026398,-0.7466627359390259,-0.4198289215564728,-0.29295170307159424,-0.6406779289245605,-0.2431413233280182,-0.21127326786518097,-0.5186291337013245,-0.27600494027137756,-0.1583307981491089,-0.31572479009628296,-0.5870875120162964,-0.30164656043052673,-0.6164607405662537,-0.27050334215164185,-0.3678842782974243,-0.5342669486999512,-0.13083572685718536,-0.3266659379005432,-0.42576056718826294,-0.15163855254650116,-0.2882189154624939
C,0.0,0.0,0.0,0.0,0.0,0.0,0.0,0.0,0.0,0.0,0.0,0.0,0.0,0.0,0.0,0.0,0.0,0.0,0.0,0.0,0.0,0.0,0.0,0.0,0.0,0.0,0.0,0.0,0.0,0.0,0.0,0.0,0.0,0.0,0.0,0.0,0.0,0.0,0.0,0.0,0.0,0.0,0.0,0.0,0.0,0.0,0.0,0.0,0.0,0.0,0.0,0.0,0.0,0.0,0.0,0.0,0.0,0.0,0.0,0.0,0.0,0.0,0.0,0.0,0.0,0.0,-0.3168618977069855,-0.05963987484574318,-0.0315391942858696,-0.6309216618537903,-0.23332904279232025,-0.1004236713051796,-0.8722052574157715,-0.2855633497238159,-0.1959570199251175,-1.0875986814498901,-0.2597629427909851,-0.2817847728729248,-0.43243804574012756,-0.9344078898429871,-0.03447850048542023,-0.5336462259292603,-1.3140604496002197,-0.19046024978160858,-0.7506040334701538,-1.37602961063385,-0.2744617164134979,-0.9275937080383301,-1.3239902257919312,-0.3163597583770752,-0.29134228825569153,-0.950602114200592,-0.10712304711341858,-0.6635643839836121,-0.8526980876922607,-0.27612781524658203,-0.6310767531394958,-0.6178414225578308,-0.2795124351978302,-0.5139493942260742,-0.5784642100334167,-0.24615006148815155,-0.16119666397571564,-0.8633864521980286,-0.20131658017635345,-0.5078927874565125,-0.6425909399986267,-0.34366193413734436,-0.43512916564941406,-0.4703323245048523,-0.27314046025276184,-0.31557294726371765,-0.4950922727584839,-0.19651329517364502,-0.05022713914513588,-0.7229754328727722,-0.3071547746658325,-0.31783396005630493,-0.5578306317329407,-0.38517338037490845,-0.2939677834510803,-0.42165130376815796,-0.33030790090560913,-0.19384661316871643,-0.4171735346317291,-0.2666698694229126
C,0.0,0.0,0.0,-0.0922384262084961,-0.16131596267223358,-0.28291743993759155,-0.28796595335006714,-0.42653676867485046,-0.3546072244644165,-0.5397731065750122,-0.5433765053749084,-0.3704679310321808,-0.7453792691230774,-0.5556128025054932,-0.3592681288719177,-0.08211454749107361,-1.096879482269287,-0.13515429198741913,-0.2031935155391693,-1.5348485708236694,-0.20537663996219635,-0.3697817325592041,-1.7073352336883545,-0.24319280683994293,-0.5105512142181396,-1.7844537496566772,-0.25775569677352905,-0.14670270681381226,-0.9890758395195007,-0.014401731081306934,-0.39267420768737793,-1.0804076194763184,-0.12122305482625961,-0.3744111657142639,-0.8003008365631104,-0.14641845226287842,-0.26576319336891174,-0.6925013661384583,-0.11950358748435974,-0.21253548562526703,-0.8524961471557617,0.07147449254989624,-0.41580629348754883,-0.8944345712661743,-0.058076161891222,-0.3683243691921234,-0.6636136770248413,-0.08976168185472488,-0.2759901285171509,-0.6235786080360413,-0.0600600466132164,-0.24997633695602417,-0.7331804633140564,0.13566036522388458,-0.410247802734375,-0.7655209898948669,0.035493891686201096,-0.38076719641685486,-0.5936464071273804,0.015207389369606972,-0.29740381240844727,-0.49211791157722473,0.03993197903037071,0.0,0.0,0.0,-0.1458849161863327,-0.3513583540916443,-0.08244284242391586,-0.3561018407344818,-0.6765040159225464,-0.08467600494623184,-0.5467425584793091,-0.8317011594772339,-0.07845273613929749,-0.6998857259750366,-0.906714916229248,-0.06398976594209671,-0.27688196301460266,-1.0436547994613647,0.055873312056064606,-0.45470741391181946,-1.4560585021972656,0.07544123381376266,-0.5764957070350647,-1.5602997541427612,0.0718206912279129,-0.6803932785987854,-1.5806533098220825,0.0750424787402153,-0.29684242606163025,-0.9492464661598206,0.10399861633777618,-0.4712556302547455,-1.167083501815796,0.1296713948249817,-0.5680913925170898,-1.1227004528045654,0.10647782683372498,-0.6209325790405273,-1.039829969406128,0.0922895148396492,-0.316412091255188,-0.8143259286880493,0.13891200721263885,-0.4912112355232239,-0.9221882224082947,0.161959707736969,-0.5474252700805664,-0.8549450039863586,0.12363574653863907,-0.5771971344947815,-0.7922592759132385,0.09807291626930237,-0.34445470571517944,-0.685843825340271,0.16718506813049316,-0.5118541717529297,-0.7661858201026917,0.20026692748069763,-0.5951017141342163,-0.7599449157714844,0.2028556764125824,-0.6407511234283447,-0.7270002365112305,0.20639164745807648
C,0.0,0.0,0.0,0.2639281153678894,-0.16196121275424957,-0.08533529937267303,0.5143065452575684,-0.3687540888786316,-0.197445809841156,0.7556612491607666,-0.4495290517807007,-0.33199089765548706,0.923168957233429,-0.44293704628944397,-0.456535279750824,0.4069206416606903,-0.9664146304130554,-0.05265316367149353,0.5146017074584961,-1.256402850151062,-0.210072323679924,0.6668633222579956,-1.3808963298797607,-0.30881789326667786,0.8033199310302734,-1.4500348567962646,-0.35898154973983765,0.2517617344856262,-0.9636536240577698,-0.0893734022974968,0.5433421730995178,-0.919734001159668,-0.23352542519569397,0.49233224987983704,-0.6765615344047546,-0.2732238471508026,0.3732980489730835,-0.6438274383544922,-0.2735542058944702,0.11676851660013199,-0.8615072965621948,-0.14819848537445068,0.41561800241470337,-0.7485446929931641,-0.270727276802063,0.34861788153648376,-0.5565858483314514,-0.2542440593242645,0.2371283620595932,-0.5632097125053406,-0.21619223058223724,-0.003962308168411255,-0.7152799367904663,-0.22228984534740448,0.25559118390083313,-0.6121715903282166,-0.26829737424850464,0.21902546286582947,-0.4716837704181671,-0.2331923246383667,0.12108662724494934,-0.45607393980026245,-0.1849629431962967,0.0,0.0,0.0,0.20689070224761963,-0.30415990948677063,-0.10213249921798706,0.40734708309173584,-0.532268226146698,-0.21246178448200226,0.6013171076774597,-0.6027194261550903,-0.3427625596523285,0.7250288724899292,-0.6171085834503174,-0.4765734374523163,0.3435559868812561,-1.0102723836898804,-0.11013113707304001,0.5047315955162048,-1.372491478919983,-0.2730860710144043,0.6548357605934143,-1.4964103698730469,-0.4098074734210968,0.7687869668006897,-1.550906777381897,-0.4907638728618622,0.22821849584579468,-0.9640684127807617,-0.13597193360328674,0.383907288312912,-1.1209170818328857,-0.26493149995803833,0.43299445509910583,-1.023040533065796,-0.35755813121795654,0.42290231585502625,-0.9022105932235718,-0.41891050338745117,0.10796918720006943,-0.8281545042991638,-0.1793053150177002,0.24892988801002502,-0.9607674479484558,-0.29589006304740906,0.3069433271884918,-0.8632621169090271,-0.32981157302856445,0.3017165958881378,-0.7358182668685913,-0.3338359594345093,-0.016818609088659286,-0.6282564997673035,-0.23650945723056793,0.07935238629579544,-0.7688132524490356,-0.314861536026001,0.17472602427005768,-0.7414155006408691,-0.3105970025062561,0.22299301624298096,-0.6557977795600891,-0.2913888096809387
C,0.0,0.0,0.0,0.40047305822372437,-0.18396930396556854,0.04463999345898628,0.6543152928352356,-0.3946445882320404,-0.008133457973599434,0.8520426154136658,-0.4931642413139343,-0.10578766465187073,1.034159541130066,-0.45621952414512634,-0.19914735853672028,0.5255509614944458,-0.918572187423706,-0.0008730172994546592,0.7114889621734619,-1.2244343757629395,-0.10567782074213028,0.9009258151054382,-1.2330446243286133,-0.17576944828033447,1.0669209957122803,-1.1643530130386353,-0.22373352944850922,0.4271073043346405,-0.8991569876670837,-0.09537357091903687,0.7742546796798706,-0.7170297503471375,-0.21697452664375305,0.7146188020706177,-0.48033562302589417,-0.24665217101573944,0.6086238026618958,-0.4165811538696289,-0.2594151794910431,0.3693612217903137,-0.7785467505455017,-0.193082794547081,0.7024339437484741,-0.5293169617652893,-0.2690368890762329,0.6123003363609314,-0.35698771476745605,-0.23891998827457428,0.4900822639465332,-0.333931028842926,-0.21924863755702972,0.35094964504241943,-0.6244179606437683,-0.2976728081703186,0.6278451085090637,-0.38707974553108215,-0.31005385518074036,0.5770601630210876,-0.25990772247314453,-0.2729727029800415,0.4879210293292999,-0.24740830063819885,-0.24687667191028595,0.0,0.0,0.0,0.0,0.0,0.0,0.0,0.0,0.0,0.0,0.0,0.0,0.0,0.0,0.0,0.0,0.0,0.0,0.0,0.0,0.0,0.0,0.0,0.0,0.0,0.0,0.0,0.0,0.0,0.0,0.0,0.0,0.0,0.0,0.0,0.0,0.0,0.0,0.0,0.0,0.0,0.0,0.0,0.0,0.0,0.0,0.0,0.0,0.0,0.0,0.0,0.0,0.0,0.0,0.0,0.0,0.0,0.0,0.0,0.0,0.0,0.0,0.0
C,0.0,0.0,0.0,0.0,0.0,0.0,0.0,0.0,0.0,0.0,0.0,0.0,0.0,0.0,0.0,0.0,0.0,0.0,0.0,0.0,0.0,0.0,0.0,0.0,0.0,0.0,0.0,0.0,0.0,0.0,0.0,0.0,0.0,0.0,0.0,0.0,0.0,0.0,0.0,0.0,0.0,0.0,0.0,0.0,0.0,0.0,0.0,0.0,0.0,0.0,0.0,0.0,0.0,0.0,0.0,0.0,0.0,0.0,0.0,0.0,0.0,0.0,0.0,0.0,0.0,0.0,0.13722239434719086,-0.14433176815509796,-0.2752922773361206,0.31660589575767517,-0.3498668372631073,-0.3704538643360138,0.5482282638549805,-0.4784358739852905,-0.41370007395744324,0.7372627258300781,-0.5494943261146545,-0.436516672372818,0.0911405086517334,-1.0817710161209106,-0.15578874945640564,0.2043004333972931,-1.5152561664581299,-0.21244028210639954,0.39350005984306335,-1.7027417421340942,-0.25448837876319885,0.5365611910820007,-1.7555876970291138,-0.27067092061042786,0.1510065793991089,-0.9883320331573486,-0.01991983875632286,0.40255239605903625,-0.9977947473526001,-0.1059313714504242,0.39612117409706116,-0.7159546613693237,-0.1332402527332306,0.31090131402015686,-0.6085041165351868,-0.11175141483545303,0.21487094461917877,-0.8490806818008423,0.09030696004629135,0.4215584993362427,-0.8414502143859863,-0.006182331591844559,0.39864444732666016,-0.5960137844085693,-0.024643566459417343,0.3113984167575836,-0.5313862562179565,0.006429133005440235,0.24978625774383545,-0.7055058479309082,0.182712584733963,0.4322376847267151,-0.7317569851875305,0.11914744228124619,0.43984532356262207,-0.5630159974098206,0.12135598808526993,0.37294790148735046,-0.48876824975013733,0.15828871726989746
C,0.0,0.0,0.0,0.28986454010009766,-0.038986075669527054,-0.08957328647375107,0.56839519739151,-0.22598540782928467,-0.1770045906305313,0.8271481990814209,-0.26466238498687744,-0.27853912115097046,1.0669759511947632,-0.2540246844291687,-0.3788282871246338,0.259390652179718,-0.9549391269683838,-0.03993483632802963,0.25540000200271606,-1.3560508489608765,-0.1779872626066208,0.40596500039100647,-1.4980233907699585,-0.2958533763885498,0.5868534445762634,-1.5187420845031738,-0.3606840670108795,0.14369843900203705,-0.9864914417266846,-0.07864723354578018,0.14840711653232574,-1.4318809509277344,-0.19975131750106812,0.33493322134017944,-1.5682746171951294,-0.2996867299079895,0.5402737855911255,-1.5487110614776611,-0.3517870008945465,0.05172557756304741,-0.9574361443519592,-0.13765721023082733,0.06380583345890045,-1.4382306337356567,-0.24730253219604492,0.25860509276390076,-1.5812180042266846,-0.3179512023925781,0.4676770269870758,-1.5695329904556274,-0.3418090045452118,-0.01408704649657011,-0.8459750413894653,-0.20842835307121277,0.05268964171409607,-1.2210420370101929,-0.28469911217689514,0.20023395121097565,-1.3845112323760986,-0.3128588795661926,0.36099809408187866,-1.4298521280288696,-0.31436240673065186,0.0,0.0,0.0,0.0,0.0,0.0,0.0,0.0,0.0,0.0,0.0,0.0,0.0,0.0,0.0,0.0,0.0,0.0,0.0,0.0,0.0,0.0,0.0,0.0,0.0,0.0,0.0,0.0,0.0,0.0,0.0,0.0,0.0,0.0,0.0,0.0,0.0,0.0,0.0,0.0,0.0,0.0,0.0,0.0,0.0,0.0,0.0,0.0,0.0,0.0,0.0,0.0,0.0,0.0,0.0,0.0,0.0,0.0,0.0,0.0,0.0,0.0,0.0
C,0.0,0.0,0.0,0.3132131099700928,-0.07894650101661682,0.08032833784818649,0.5802638530731201,-0.2633408308029175,0.049478959292173386,0.8033907413482666,-0.3309386968612671,-0.03898114338517189,0.9949190020561218,-0.3737650513648987,-0.12921524047851562,0.4285953938961029,-0.8942635655403137,0.13434149324893951,0.6025608777999878,-1.1487185955047607,0.05369389057159424,0.7761930227279663,-1.203515648841858,0.019996939226984978,0.9307310581207275,-1.2091989517211914,0.00237503950484097,0.34030255675315857,-0.9402363896369934,0.012233144603669643,0.716097354888916,-0.8892773389816284,-0.1037691980600357,0.6200279593467712,-0.5949841141700745,-0.10607700794935226,0.47402718663215637,-0.5874453783035278,-0.07572222501039505,0.26909586787223816,-0.9122400879859924,-0.12149269878864288,0.6334629058837891,-0.7511439323425293,-0.23480744659900665,0.5131399631500244,-0.47821512818336487,-0.18596626818180084,0.3667425811290741,-0.5086789131164551,-0.12736272811889648,0.2116965800523758,-0.8353671431541443,-0.2543407380580902,0.48891812562942505,-0.6727355718612671,-0.2986501157283783,0.41020771861076355,-0.47773849964141846,-0.24593418836593628,0.2836054563522339,-0.4868316054344177,-0.1937120407819748,0.0,0.0,0.0,0.0,0.0,0.0,0.0,0.0,0.0,0.0,0.0,0.0,0.0,0.0,0.0,0.0,0.0,0.0,0.0,0.0,0.0,0.0,0.0,0.0,0.0,0.0,0.0,0.0,0.0,0.0,0.0,0.0,0.0,0.0,0.0,0.0,0.0,0.0,0.0,0.0,0.0,0.0,0.0,0.0,0.0,0.0,0.0,0.0,0.0,0.0,0.0,0.0,0.0,0.0,0.0,0.0,0.0,0.0,0.0,0.0,0.0,0.0,0.0
C,0.0,0.0,0.0,0.0,0.0,0.0,0.0,0.0,0.0,0.0,0.0,0.0,0.0,0.0,0.0,0.0,0.0,0.0,0.0,0.0,0.0,0.0,0.0,0.0,0.0,0.0,0.0,0.0,0.0,0.0,0.0,0.0,0.0,0.0,0.0,0.0,0.0,0.0,0.0,0.0,0.0,0.0,0.0,0.0,0.0,0.0,0.0,0.0,0.0,0.0,0.0,0.0,0.0,0.0,0.0,0.0,0.0,0.0,0.0,0.0,0.0,0.0,0.0,0.0,0.0,0.0,-0.1967846155166626,-0.1586356908082962,-0.05868037790060043,-0.40085500478744507,-0.3747899532318115,-0.1582488715648651,-0.642460286617279,-0.43374645709991455,-0.2929322421550751,-0.8470889329910278,-0.4491834044456482,-0.4323197603225708,-0.16331613063812256,-0.9944918155670166,-0.007130912505090237,-0.21950167417526245,-1.395616888999939,-0.15640272200107574,-0.3966008126735687,-1.4464608430862427,-0.2835349440574646,-0.5290851593017578,-1.3867939710617065,-0.35981160402297974,-0.0852726474404335,-0.993541419506073,-0.07486114650964737,-0.16740073263645172,-1.464042067527771,-0.21735645830631256,-0.38099685311317444,-1.4941868782043457,-0.3317829668521881,-0.5311653017997742,-1.377947211265564,-0.39538100361824036,-0.0066457646898925304,-0.9446532130241394,-0.16623865067958832,-0.09732022881507874,-1.4187722206115723,-0.2837159037590027,-0.3289421796798706,-1.4804579019546509,-0.36578214168548584,-0.49526530504226685,-1.394221305847168,-0.4037013053894043,0.06638198345899582,-0.8513225317001343,-0.26673656702041626,-0.07047662138938904,-1.244497299194336,-0.3396027684211731,-0.25369808077812195,-1.3591111898422241,-0.3771888315677643,-0.39618709683418274,-1.3534234762191772,-0.39857593178749084
D,0.0,0.0,0.0,0.2546312212944031,0.022150680422782898,-0.07554104179143906,0.5585419535636902,-0.1555400937795639,-0.17317628860473633,0.8069348931312561,-0.2434035986661911,-0.29254764318466187,1.041192889213562,-0.25950220227241516,-0.4097359776496887,0.45211127400398254,-0.8915619254112244,-0.11566662043333054,0.6904866695404053,-1.207956314086914,-0.30906081199645996,0.9573426842689514,-1.2601423263549805,-0.43347322940826416,1.17152738571167,-1.2459778785705566,-0.5054545402526855,0.2765607535839081,-0.9442104697227478,-0.1788312941789627,0.6867870688438416,-0.7997460961341858,-0.3863782584667206,0.603840708732605,-0.5553425550460815,-0.43180930614471436,0.4595988988876343,-0.5346614122390747,-0.4317278265953064,0.10246443003416061,-0.8761478662490845,-0.2600771188735962,0.4896731972694397,-0.6050221920013428,-0.4542559087276459,0.3865506947040558,-0.39891961216926575,-0.4170370101928711,0.2624158561229706,-0.4344915747642517,-0.3608644902706146,-0.07273469865322113,-0.7300481796264648,-0.3503803312778473,0.2578223645687103,-0.5077045559883118,-0.4577825665473938,0.18557609617710114,-0.3347257971763611,-0.39593809843063354,0.06120995804667473,-0.3530781865119934,-0.32990461587905884,0.0,0.0,0.0,-0.32088419795036316,-0.08489573001861572,-0.07628130912780762,-0.5721291303634644,-0.2872384488582611,-0.16166095435619354,-0.7056345343589783,-0.4542192220687866,-0.2674265503883362,-0.6601927280426025,-0.5249252915382385,-0.3744417428970337,-0.4049977660179138,-0.9651258587837219,-0.10480816662311554,-0.45480018854141235,-1.3697476387023926,-0.2621297836303711,-0.48397204279899597,-1.6647529602050781,-0.3691043555736542,-0.501160740852356,-1.8995059728622437,-0.4525316655635834,-0.16588599979877472,-0.9726362824440002,-0.16266679763793945,-0.5191219449043274,-0.8506422638893127,-0.3617252707481384,-0.5141407251358032,-0.585652232170105,-0.38680192828178406,-0.398653507232666,-0.4924202859401703,-0.3689720332622528,0.0282319113612175,-0.8461789488792419,-0.237467423081398,-0.34032365679740906,-0.6289440989494324,-0.39688530564308167,-0.32372087240219116,-0.4198959469795227,-0.3127157688140869,-0.2184661328792572,-0.38667938113212585,-0.2278648018836975,0.17769594490528107,-0.6416787505149841,-0.33026883006095886,-0.1318502575159073,-0.46303194761276245,-0.43534088134765625,-0.13146643340587616,-0.30020228028297424,-0.37532636523246765,-0.039773229509592056,-0.2835141122341156,-0.3014945685863495
D,0.0,0.0,0.0,0.2485457807779312,-0.35645192861557007,-0.06627123057842255,0.47563594579696655,-0.6453983187675476,-0.022564981132745743,0.6579853296279907,-0.7713595032691956,0.02763344533741474,0.7900492548942566,-0.8306306600570679,0.09076417237520218,0.45875313878059387,-1.0153988599777222,0.13855649530887604,0.6559505462646484,-1.2947807312011719,0.19422803819179535,0.7934245467185974,-1.3139450550079346,0.21025212109088898,0.8850184082984924,-1.2677173614501953,0.22482086718082428,0.4325985312461853,-0.8796793222427368,0.19754204154014587,0.674008309841156,-0.9859346151351929,0.25122377276420593,0.7908292412757874,-0.8759222030639648,0.21848635375499725,0.852748692035675,-0.7504922747612,0.19857877492904663,0.4176402986049652,-0.7283151745796204,0.24196869134902954,0.635493278503418,-0.7252070307731628,0.2709878087043762,0.7253910899162292,-0.6176204681396484,0.20077212154865265,0.7702416777610779,-0.5267485976219177,0.1619318574666977,0.4154474437236786,-0.5869019627571106,0.28143492341041565,0.6008127331733704,-0.569622814655304,0.30984950065612793,0.685630738735199,-0.5049157738685608,0.28475135564804077,0.7233909964561462,-0.426222026348114,0.27515023946762085,0.0,0.0,0.0,-0.18762293457984924,-0.13705644011497498,-0.14148648083209991,-0.377499520778656,-0.36864709854125977,-0.17274218797683716,-0.5039238929748535,-0.535773754119873,-0.17583774030208588,-0.5601727366447449,-0.6461483240127563,-0.15908510982990265,-0.3807757496833801,-0.9634960889816284,-0.09809021651744843,-0.5205835103988647,-1.42239511013031,-0.15080444514751434,-0.6215188503265381,-1.4569878578186035,-0.16472724080085754,-0.6515257358551025,-1.418735146522522,-0.15880821645259857,-0.35513806343078613,-0.9342955946922302,-0.031125346198678017,-0.5933305025100708,-1.079236626625061,-0.07375071942806244,-0.6761256456375122,-0.9189790487289429,-0.0756082683801651,-0.6442151069641113,-0.8059982657432556,-0.061650600284338,-0.3338448405265808,-0.846616804599762,0.01761782169342041,-0.5445314645767212,-0.878844678401947,-0.04324917495250702,-0.5909512042999268,-0.7258034348487854,-0.06714586168527603,-0.5523668527603149,-0.6504223942756653,-0.06392283737659454,-0.3039838373661041,-0.7409132719039917,0.05729903280735016,-0.4964245855808258,-0.7136895656585693,0.006152665242552757,-0.5258283019065857,-0.5785146951675415,-0.010697387158870697,-0.48377951979637146,-0.4819519519805908,-0.0017062743427231908
D,0.0,0.0,0.0,0.31209489703178406,-0.13760685920715332,0.029717059805989265,0.45905831456184387,-0.366812527179718,-0.014724674634635448,0.5038756728172302,-0.5517195463180542,-0.09640192985534668,0.49290600419044495,-0.7007085680961609,-0.16853325068950653,0.3009305000305176,-0.9596683382987976,-0.008741491474211216,0.36545702815055847,-1.3184154033660889,-0.10142102092504501,0.4444534480571747,-1.400639295578003,-0.15739209949970245,0.4931531846523285,-1.4280339479446411,-0.19417348504066467,0.15088017284870148,-0.9843121767044067,-0.09145879745483398,0.3738801181316376,-0.8814327716827393,-0.20701605081558228,0.43227052688598633,-0.6272603273391724,-0.2247992604970932,0.4237096607685089,-0.5130271911621094,-0.22682498395442963,0.0372588150203228,-0.9299485683441162,-0.1809399276971817,0.3089780807495117,-0.6487953066825867,-0.28424516320228577,0.32207757234573364,-0.43583375215530396,-0.23848724365234375,0.2574348747730255,-0.39567506313323975,-0.19557268917560577,-0.04962901398539543,-0.818834662437439,-0.2740953266620636,0.18089373409748077,-0.5589492321014404,-0.316378116607666,0.20603999495506287,-0.423157274723053,-0.2703022062778473,0.15663161873817444,-0.4362938702106476,-0.2312341034412384,0.0,0.0,0.0,0.0,0.0,0.0,0.0,0.0,0.0,0.0,0.0,0.0,0.0,0.0,0.0,0.0,0.0,0.0,0.0,0.0,0.0,0.0,0.0,0.0,0.0,0.0,0.0,0.0,0.0,0.0,0.0,0.0,0.0,0.0,0.0,0.0,0.0,0.0,0.0,0.0,0.0,0.0,0.0,0.0,0.0,0.0,0.0,0.0,0.0,0.0,0.0,0.0,0.0,0.0,0.0,0.0,0.0,0.0,0.0,0.0,0.0,0.0,0.0
D,0.0,0.0,0.0,0.44680652022361755,-0.11239698529243469,-0.06788141280412674,0.6826915740966797,-0.2493400275707245,-0.22162842750549316,0.8682007789611816,-0.3481607437133789,-0.3990887403488159,0.9748730063438416,-0.42751872539520264,-0.5735766887664795,0.4494405686855316,-0.9345998167991638,-0.26498597860336304,0.4623923599720001,-1.3203647136688232,-0.4929099678993225,0.48887041211128235,-1.6173573732376099,-0.6417087316513062,0.4781378507614136,-1.8609728813171387,-0.7421750426292419,0.2562018036842346,-0.8941771388053894,-0.3671620190143585,0.8183106184005737,-0.8352810740470886,-0.6478434801101685,0.905086100101471,-0.5295089483261108,-0.6963595151901245,0.8214753866195679,-0.3788214921951294,-0.6779636740684509,0.13005505502223969,-0.7248764038085938,-0.47287607192993164,0.6921444535255432,-0.5435750484466553,-0.7130916714668274,0.6968958973884583,-0.32228270173072815,-0.6468017101287842,0.5666496753692627,-0.25533223152160645,-0.5543188452720642,0.06733157485723495,-0.49622294306755066,-0.5888642072677612,0.5271868109703064,-0.3449697494506836,-0.7118861079216003,0.5851271748542786,-0.18839634954929352,-0.6212113499641418,0.5072954893112183,-0.13528987765312195,-0.5256081223487854,0.0,0.0,0.0,-0.37376612424850464,-0.008384267799556255,-0.013233201578259468,-0.6439411640167236,-0.15886099636554718,-0.10750329494476318,-0.8665425777435303,-0.2416875809431076,-0.23432764410972595,-1.045067548751831,-0.2542291283607483,-0.3622031509876251,-0.5001490712165833,-0.9011045098304749,-0.04149916023015976,-0.7282519936561584,-1.1547163724899292,-0.18814627826213837,-0.9620336294174194,-1.299705982208252,-0.2839408814907074,-1.162498116493225,-1.3817906379699707,-0.36084476113319397,-0.34593334794044495,-0.9273604154586792,-0.14259308576583862,-0.9016978144645691,-0.6486596465110779,-0.3143075406551361,-0.7959626913070679,-0.3830726742744446,-0.3079851269721985,-0.63508540391922,-0.3558531403541565,-0.2798956036567688,-0.22745881974697113,-0.8336418271064758,-0.25915443897247314,-0.7540210485458374,-0.5060988664627075,-0.4044454097747803,-0.6184091567993164,-0.30460506677627563,-0.28756484389305115,-0.4648098349571228,-0.3172360360622406,-0.1945342719554901,-0.15180520713329315,-0.6576261520385742,-0.39036083221435547,-0.5606895089149475,-0.39321398735046387,-0.5145760178565979,-0.45948347449302673,-0.24428428709506989,-0.45745518803596497,-0.308508962392807,-0.2616887390613556,-0.39072802662849426
D,0.0,0.0,0.0,0.46584370732307434,-0.27818918228149414,0.039163608103990555,0.7093036770820618,-0.4961239993572235,-0.05584072694182396,0.9574553370475769,-0.618059515953064,-0.20290939509868622,1.203652262687683,-0.6352812647819519,-0.33785757422447205,0.44084030389785767,-1.0141204595565796,-0.022724691778421402,0.513691782951355,-1.3400810956954956,-0.1671573519706726,0.5585877299308777,-1.5537030696868896,-0.2522530257701874,0.5692471265792847,-1.742097020149231,-0.31648650765419006,0.2896621525287628,-0.9418277740478516,-0.17045913636684418,0.7144416570663452,-1.115710735321045,-0.37885284423828125,0.8291670680046082,-0.9232333898544312,-0.41174736618995667,0.8343883156776428,-0.7990349531173706,-0.3914985954761505,0.21089553833007812,-0.7857359051704407,-0.32437488436698914,0.7408207058906555,-0.6683386564254761,-0.4833214581012726,0.7249658107757568,-0.48414844274520874,-0.42029160261154175,0.6102258563041687,-0.43855196237564087,-0.346498042345047,0.1929522305727005,-0.5765782594680786,-0.48730751872062683,0.6172532439231873,-0.4513393044471741,-0.5311600565910339,0.5757629871368408,-0.3392062783241272,-0.4566260278224945,0.43117383122444153,-0.3333321809768677,-0.39671197533607483,0.0,0.0,0.0,-0.48376110196113586,-0.08378195017576218,0.025458313524723053,-0.8225624561309814,-0.22760216891765594,-0.06498555094003677,-1.10482919216156,-0.2858383357524872,-0.19436883926391602,-1.334134578704834,-0.32522404193878174,-0.32182735204696655,-0.7352768778800964,-0.8129704594612122,-0.11820527911186218,-0.976534903049469,-1.1357917785644531,-0.2986680865287781,-1.2667971849441528,-1.19850754737854,-0.40612876415252686,-1.4926137924194336,-1.160431981086731,-0.4760740399360657,-0.5841181874275208,-0.7761538624763489,-0.23746813833713531,-1.1766895055770874,-0.5301450490951538,-0.40123414993286133,-1.0844076871871948,-0.3309219777584076,-0.4072360396385193,-0.8872345685958862,-0.3218502998352051,-0.40822041034698486,-0.4582964777946472,-0.6033157706260681,-0.3644620478153229,-1.031409740447998,-0.28515416383743286,-0.48476076126098633,-0.880943238735199,-0.14012004435062408,-0.39293041825294495,-0.6967228055000305,-0.19249168038368225,-0.3408435881137848,-0.3696986436843872,-0.3787500560283661,-0.49815890192985535,-0.7991005778312683,-0.08903208374977112,-0.5813394784927368,-0.6925166845321655,0.02187414839863777,-0.5151028633117676,-0.5290019512176514,-0.02960340492427349,-0.4608519971370697
D,0.0,0.0,0.0,0.28742915391921997,-0.24020138382911682,0.010624801740050316,0.4441622495651245,-0.49070504307746887,-0.03816748410463333,0.5348349809646606,-0.6661458611488342,-0.1193222627043724,0.5978946685791016,-0.8329859375953674,-0.19144493341445923,0.3969365060329437,-1.0089213848114014,-0.009461121633648872,0.5041093230247498,-1.3879890441894531,-0.1037212461233139,0.6059796810150146,-1.5250041484832764,-0.1615920066833496,0.6734179854393005,-1.5885907411575317,-0.19625046849250793,0.27015241980552673,-0.9594822525978088,-0.08007197082042694,0.5345445275306702,-1.0108001232147217,-0.2054019719362259,0.5367201566696167,-0.795335054397583,-0.23525522649288177,0.47066980600357056,-0.6822227239608765,-0.23578375577926636,0.17198872566223145,-0.8532308340072632,-0.15757222473621368,0.4658273458480835,-0.7934982180595398,-0.26586416363716125,0.43310415744781494,-0.5878299474716187,-0.23729288578033447,0.3378964066505432,-0.5136404037475586,-0.19993264973163605,0.10312231630086899,-0.7088553309440613,-0.23898817598819733,0.3645167350769043,-0.620286226272583,-0.2870071828365326,0.353243887424469,-0.4916572868824005,-0.25241631269454956,0.2767007052898407,-0.4686571955680847,-0.21616336703300476,0.0,0.0,0.0,-0.384283185005188,-0.07412753999233246,0.02964220941066742,-0.6818755269050598,-0.20194099843502045,0.007130057085305452,-0.8869752883911133,-0.2763277292251587,-0.049047667533159256,-1.0554534196853638,-0.36970651149749756,-0.09865225106477737,-0.7482515573501587,-0.7066351175308228,0.08829677104949951,-1.0379971265792847,-0.9623539447784424,-0.0023103284183889627,-1.2040151357650757,-0.9856569766998291,-0.0628603845834732,-1.3030791282653809,-0.930766761302948,-0.09277917444705963,-0.6726193428039551,-0.7396607995033264,0.022024603560566902,-0.9895178079605103,-0.7172862887382507,-0.10741394013166428,-0.8471084237098694,-0.5027531981468201,-0.1393055021762848,-0.7056972980499268,-0.4252660572528839,-0.13036976754665375,-0.6091265082359314,-0.7314967513084412,-0.0586228147149086,-0.8905357718467712,-0.6435595154762268,-0.16554240882396698,-0.7170570492744446,-0.4629517197608948,-0.13497492671012878,-0.5859222412109375,-0.42740800976753235,-0.08993323892354965,-0.5527454614639282,-0.7017504572868347,-0.1418367177248001,-0.7574592232704163,-0.5913835167884827,-0.19642795622348785,-0.6403423547744751,-0.45439431071281433,-0.16658121347427368,-0.5412402153015137,-0.4448416829109192,-0.12861575186252594
D,0.0,0.0,0.0,0.4183071553707123,-0.18160635232925415,0.1543920785188675,0.6573597192764282,-0.34726637601852417,0.18822163343429565,0.8415433168411255,-0.43993255496025085,0.1539197862148285,0.9971292614936829,-0.5490750670433044,0.10592462122440338,0.5904052257537842,-0.829582929611206,0.2489393949508667,0.7997481226921082,-1.0171279907226562,0.2362479716539383,0.9503821730613708,-1.1169416904449463,0.19371704757213593,1.0730805397033691,-1.1810853481292725,0.15290425717830658,0.5173037648200989,-0.8488729000091553,0.10868135094642639,0.7502155900001526,-1.1136492490768433,0.07989928871393204,0.947095513343811,-1.1759674549102783,0.01509651355445385,1.109531283378601,-1.187418818473816,-0.04025331512093544,0.4338710308074951,-0.8165687918663025,-0.035064928233623505,0.6533886194229126,-1.0263781547546387,-0.07335176318883896,0.7713049054145813,-0.9576424956321716,-0.10457374900579453,0.8270715475082397,-0.8494342565536499,-0.13007836043834686,0.37728866934776306,-0.7413283586502075,-0.17388920485973358,0.5353406667709351,-0.944605827331543,-0.2236010879278183,0.6790288686752319,-0.9212348461151123,-0.24167253077030182,0.7862433791160583,-0.8367347717285156,-0.25538310408592224,0.0,0.0,0.0,-0.36136844754219055,-0.0768982544541359,-0.018591037020087242,-0.5998423099517822,-0.2843582332134247,-0.0842762440443039,-0.6620841026306152,-0.40552055835723877,-0.16720691323280334,-0.6550811529159546,-0.5393179655075073,-0.2447943389415741,-0.5870804190635681,-0.9335628747940063,-0.11246800422668457,-0.6377177834510803,-1.4274506568908691,-0.24558180570602417,-0.6960035562515259,-1.4766746759414673,-0.310093492269516,-0.7091283798217773,-1.490984559059143,-0.33776476979255676,-0.41504594683647156,-0.8914035558700562,-0.18203464150428772,-0.5554839968681335,-1.1002647876739502,-0.33507728576660156,-0.6300833821296692,-1.0395386219024658,-0.36093151569366455,-0.6242727637290955,-1.035038948059082,-0.3540271520614624,-0.25809067487716675,-0.7178226113319397,-0.25829410552978516,-0.4566415548324585,-0.4763955771923065,-0.4014715552330017,-0.46097204089164734,-0.24771487712860107,-0.3668908476829529,-0.4073111414909363,-0.21136663854122162,-0.30736568570137024,-0.14330406486988068,-0.4779489040374756,-0.3353399932384491,-0.3303720951080322,-0.22951766848564148,-0.42222028970718384,-0.3277479410171509,-0.0922100692987442,-0.37185272574424744,-0.2721588909626007,-0.1275358498096466,-0.3097328245639801
D,0.0,0.0,0.0,0.3942248523235321,-0.12462809681892395,0.07522477209568024,0.5969292521476746,-0.3047765791416168,0.07964900135993958,0.7540587782859802,-0.40346118807792664,0.031134910881519318,0.8803340792655945,-0.4431777894496918,-0.0009677528869360685,0.42577677965164185,-0.9085403084754944,0.20988942682743073,0.6105265021324158,-1.1134341955184937,0.17055082321166992,0.7399207353591919,-1.129032015800476,0.12849123775959015,0.831948459148407,-1.1367608308792114,0.10619514435529709,0.32064804434776306,-0.9386559128761292,0.126925528049469,0.6614781618118286,-0.8486168384552002,0.04897404462099075,0.6825056672096252,-0.692571222782135,-0.004028507973998785,0.6392734050750732,-0.6598851680755615,-0.01508861593902111,0.26785075664520264,-0.8904708027839661,0.034735482186079025,0.6215950846672058,-0.6005517244338989,-0.04189171642065048,0.5571401119232178,-0.4239601194858551,-0.04728739336133003,0.44639500975608826,-0.40603506565093994,-0.01891232281923294,0.2551407516002655,-0.785804271697998,-0.05582616850733757,0.5220968723297119,-0.5345484018325806,-0.053386054933071136,0.48876550793647766,-0.4082590639591217,-0.013061394914984703,0.4003949761390686,-0.40449848771095276,0.03360619395971298,0.0,0.0,0.0,0.0,0.0,0.0,0.0,0.0,0.0,0.0,0.0,0.0,0.0,0.0,0.0,0.0,0.0,0.0,0.0,0.0,0.0,0.0,0.0,0.0,0.0,0.0,0.0,0.0,0.0,0.0,0.0,0.0,0.0,0.0,0.0,0.0,0.0,0.0,0.0,0.0,0.0,0.0,0.0,0.0,0.0,0.0,0.0,0.0,0.0,0.0,0.0,0.0,0.0,0.0,0.0,0.0,0.0,0.0,0.0,0.0,0.0,0.0,0.0
D,0.0,0.0,0.0,0.0,0.0,0.0,0.0,0.0,0.0,0.0,0.0,0.0,0.0,0.0,0.0,0.0,0.0,0.0,0.0,0.0,0.0,0.0,0.0,0.0,0.0,0.0,0.0,0.0,0.0,0.0,0.0,0.0,0.0,0.0,0.0,0.0,0.0,0.0,0.0,0.0,0.0,0.0,0.0,0.0,0.0,0.0,0.0,0.0,0.0,0.0,0.0,0.0,0.0,0.0,0.0,0.0,0.0,0.0,0.0,0.0,0.0,0.0,0.0,0.0,0.0,0.0,0.27718183398246765,0.02454451099038124,-0.22949980199337006,0.5388031005859375,-0.15620054304599762,-0.2759237289428711,0.7534574270248413,-0.3353508412837982,-0.25979894399642944,0.7490121126174927,-0.5008548498153687,-0.21614758670330048,0.3686388432979584,-0.9457892775535583,-0.22857363522052765,0.4858455955982208,-1.408756971359253,-0.2797536253929138,0.5338693261146545,-1.7372428178787231,-0.31879523396492004,0.5528477430343628,-2.0126702785491943,-0.3443645238876343,0.30763453245162964,-0.9465811848640442,-0.09666945785284042,0.6100459098815918,-0.9436020851135254,-0.15261948108673096,0.6816151738166809,-0.6934586763381958,-0.16896799206733704,0.6683174967765808,-0.5238749384880066,-0.16609659790992737,0.2798071503639221,-0.8735029101371765,0.0242012869566679,0.5797902345657349,-0.8294951915740967,-0.04009663686156273,0.6266704201698303,-0.5967197418212891,-0.06341172009706497,0.5990605354309082,-0.45683932304382324,-0.05932357907295227,0.28088122606277466,-0.7891088724136353,0.12986455857753754,0.5276323556900024,-0.7131163477897644,0.07876124978065491,0.5674651861190796,-0.557994544506073,0.05470399186015129,0.5407687425613403,-0.45463672280311584,0.05468126758933067
E,0.0,0.0,0.0,0.21139270067214966,-0.26386481523513794,-0.03424353525042534,0.5607117414474487,-0.46317407488822937,-0.12318500876426697,0.8638800978660583,-0.4278101921081543,-0.21955308318138123,1.080453634262085,-0.3477737605571747,-0.3179266154766083,0.5719266533851624,-0.9639357924461365,-0.24651913344860077,0.9172552227973938,-1.180591344833374,-0.41740909218788147,1.162804365158081,-1.359694480895996,-0.5236151814460754,1.3575716018676758,-1.5364047288894653,-0.5966100096702576,0.501736044883728,-0.79749995470047,-0.3350444734096527,0.9975984692573547,-0.4001571536064148,-0.5315156579017639,0.8996456861495972,-0.20500335097312927,-0.5578098297119141,0.761788010597229,-0.23049387335777283,-0.5512449145317078,0.421816885471344,-0.457663893699646,-0.4181021749973297,0.8860077261924744,0.057046011090278625,-0.5790656805038452,0.722127377986908,0.13215851783752441,-0.5096151232719421,0.5754588842391968,0.00903993844985962,-0.4416693449020386,0.337837815284729,-0.04157975688576698,-0.5056792497634888,0.7081292271614075,0.3614465296268463,-0.5929237604141235,0.5700404644012451,0.4096105694770813,-0.5159479975700378,0.4246428310871124,0.28881773352622986,-0.4472882151603699,0.0,0.0,0.0,-0.22901420295238495,-0.40648433566093445,0.0038747545331716537,-0.5346364378929138,-0.7622299790382385,-0.048218026757240295,-0.7971218824386597,-0.865220844745636,-0.11481256783008575,-0.9725080132484436,-0.8464727401733398,-0.2000202238559723,-0.49192115664482117,-1.100062370300293,-0.16095003485679626,-0.8093449473381042,-1.4359838962554932,-0.27414971590042114,-0.9900851845741272,-1.7073405981063843,-0.3443358242511749,-1.1217596530914307,-1.9585336446762085,-0.40670785307884216,-0.42163413763046265,-0.8737867474555969,-0.24232497811317444,-0.9871593117713928,-0.709818959236145,-0.364270955324173,-0.9580670595169067,-0.510368824005127,-0.3654091954231262,-0.8244451284408569,-0.4948202967643738,-0.36607855558395386,-0.3695281147956848,-0.5060225129127502,-0.31789734959602356,-0.8783842325210571,-0.278424471616745,-0.4313924312591553,-0.8015091419219971,-0.18306824564933777,-0.365375280380249,-0.6395225524902344,-0.24578562378883362,-0.3156791031360626,-0.3243905305862427,-0.104460708796978,-0.3932245075702667,-0.7285014390945435,0.04800331965088844,-0.4881435036659241,-0.6527960300445557,0.10981390625238419,-0.4398864805698395,-0.49780961871147156,0.06591741740703583,-0.3932703137397766
E,0.0,0.0,0.0,0.2740669846534729,-0.15133661031723022,-0.007749643642455339,0.4368511140346527,-0.39769038558006287,-0.07495852559804916,0.5521283745765686,-0.5488835573196411,-0.16288241744041443,0.6488555073738098,-0.568649411201477,-0.24277271330356598,0.2527146339416504,-1.0218206644058228,-0.1356123834848404,0.3491305708885193,-1.4135075807571411,-0.26945480704307556,0.3951016366481781,-1.66594398021698,-0.3578721582889557,0.42365023493766785,-1.8874677419662476,-0.4149840772151947,0.1521649807691574,-0.9644770622253418,-0.21593955159187317,0.49758902192115784,-0.9914855360984802,-0.3537377715110779,0.5784939527511597,-0.7218315601348877,-0.37950998544692993,0.5692053437232971,-0.5494874119758606,-0.37730732560157776,0.10265065729618073,-0.7666760087013245,-0.29542168974876404,0.4854208827018738,-0.5849848985671997,-0.4204941689968109,0.4940166175365448,-0.3385276198387146,-0.3609844148159027,0.4116020202636719,-0.2556281089782715,-0.2945546507835388,0.09573191404342651,-0.4943488538265228,-0.3788544535636902,0.4248882532119751,-0.4053962230682373,-0.42782703042030334,0.4676808714866638,-0.22569222748279572,-0.34649431705474854,0.4123084843158722,-0.14189428091049194,-0.2751280665397644,0.0,0.0,0.0,-0.39409491419792175,0.1516958326101303,-0.0444347970187664,-0.744846522808075,0.2302459180355072,-0.1153157651424408,-1.0177291631698608,0.3339006304740906,-0.2089807689189911,-1.2097631692886353,0.458965539932251,-0.3031163513660431,-0.8655977845191956,-0.5424364805221558,-0.03274374082684517,-1.1623800992965698,-0.6934759616851807,-0.1549612432718277,-1.3746176958084106,-0.8110761046409607,-0.24576538801193237,-1.5573723316192627,-0.9079389572143555,-0.31403249502182007,-0.7600690126419067,-0.6421911120414734,-0.09942605346441269,-1.1145368814468384,-0.21284876763820648,-0.2929641306400299,-1.0708954334259033,0.1540965437889099,-0.34380075335502625,-0.9488636255264282,0.3190546929836273,-0.33117401599884033,-0.623796820640564,-0.6128902435302734,-0.1785803586244583,-0.9242103099822998,-0.11023376137018204,-0.33758386969566345,-0.826025664806366,0.138222798705101,-0.29570990800857544,-0.6973447799682617,0.20166712999343872,-0.22359158098697662,-0.4697383642196655,-0.502448558807373,-0.2686091661453247,-0.7117060422897339,-0.09459741413593292,-0.35149380564689636,-0.6639438271522522,0.10836739838123322,-0.29981616139411926,-0.5663651823997498,0.1433471143245697,-0.23001611232757568
E,0.0,0.0,0.0,0.24322398006916046,-0.23250792920589447,-0.08506791293621063,0.3367643654346466,-0.5776770114898682,-0.1034250259399414,0.3391987979412079,-0.8443126082420349,-0.1208290308713913,0.3687911927700043,-1.0179535150527954,-0.14080609381198883,0.1555488556623459,-0.9804446697235107,-0.06735052168369293,0.2640398442745209,-1.32870352268219,-0.13789431750774384,0.318546861410141,-1.5609965324401855,-0.19809460639953613,0.34311315417289734,-1.7686692476272583,-0.24363426864147186,-0.038336820900440216,-0.9960712790489197,-0.07982664555311203,-0.03653687238693237,-1.4044550657272339,-0.13926954567432404,-0.043467264622449875,-1.656716227531433,-0.1917777806520462,-0.06496315449476242,-1.8639867305755615,-0.2304454892873764,-0.2065841555595398,-0.9088203310966492,-0.10493910312652588,-0.2697804570198059,-1.2591378688812256,-0.16511431336402893,-0.298580527305603,-1.4790418148040771,-0.20643708109855652,-0.32207217812538147,-1.6672136783599854,-0.23580794036388397,-0.35743293166160583,-0.7363439798355103,-0.14032110571861267,-0.4170595705509186,-0.9999239444732666,-0.19904959201812744,-0.4417848289012909,-1.1609666347503662,-0.2208225280046463,-0.4551354944705963,-1.3078364133834839,-0.23306122422218323,0.0,0.0,0.0,-0.13753646612167358,-0.44492945075035095,0.011441563256084919,-0.42575737833976746,-0.7394741177558899,-0.026364095509052277,-0.6936195492744446,-0.7664147615432739,-0.06525979936122894,-0.8664640784263611,-0.6383925676345825,-0.11671116948127747,-0.5311301946640015,-0.9572588205337524,-0.16558299958705902,-0.888591468334198,-1.3401552438735962,-0.2631508409976959,-1.1180490255355835,-1.54764723777771,-0.30288997292518616,-1.2996962070465088,-1.7072747945785522,-0.33007127046585083,-0.6191214919090271,-0.7573699951171875,-0.2075553685426712,-1.0151607990264893,-0.6803500652313232,-0.324005663394928,-0.8801478147506714,-0.5210513472557068,-0.3033875823020935,-0.7126849293708801,-0.494838148355484,-0.27426499128341675,-0.6781784892082214,-0.486642986536026,-0.23941677808761597,-0.9965612888336182,-0.3942527174949646,-0.32556796073913574,-0.8457435369491577,-0.2910107970237732,-0.24689047038555145,-0.6981598138809204,-0.2884511649608612,-0.18256616592407227,-0.7077681422233582,-0.21086859703063965,-0.26854056119918823,-0.9274975061416626,-0.15961600840091705,-0.3182046711444855,-0.7946604490280151,-0.08458571881055832,-0.25600719451904297,-0.6789504885673523,-0.08085766434669495,-0.19803951680660248
E,0.0,0.0,0.0,0.20126263797283173,-0.41287198662757874,-0.004073952790349722,0.4044036865234375,-0.721562385559082,-0.04318297281861305,0.544120192527771,-0.8783273696899414,-0.10313741117715836,0.6161555647850037,-0.9238354563713074,-0.16536127030849457,0.3276048004627228,-1.0774198770523071,-0.03389822319149971,0.5133715271949768,-1.282307744026184,-0.1122882217168808,0.622956395149231,-1.3947640657424927,-0.17898334562778473,0.7062247395515442,-1.4929040670394897,-0.23137615621089935,0.25881367921829224,-0.9614508152008057,-0.09288660436868668,0.5833532810211182,-0.8586324453353882,-0.17775149643421173,0.5980185866355896,-0.7395868301391602,-0.22609449923038483,0.5433616042137146,-0.7104268074035645,-0.2628921866416931,0.21090753376483917,-0.7480027675628662,-0.15421651303768158,0.5037494897842407,-0.6185447573661804,-0.22453993558883667,0.4942009747028351,-0.5292287468910217,-0.2293655127286911,0.43659669160842896,-0.5270701050758362,-0.23241026699543,0.1779646873474121,-0.511925995349884,-0.2213071584701538,0.410115122795105,-0.40851905941963196,-0.25843125581741333,0.42420172691345215,-0.34746628999710083,-0.24482642114162445,0.39350324869155884,-0.3302651047706604,-0.2324194461107254,0.0,0.0,0.0,-0.25597405433654785,-0.3418281674385071,0.02750619500875473,-0.546022891998291,-0.5992000102996826,-0.00585872633382678,-0.7860891222953796,-0.6246949434280396,-0.057709407061338425,-0.9363413453102112,-0.5321080684661865,-0.11896038800477982,-0.6670224070549011,-0.9093831777572632,-0.05893128365278244,-0.9988816380500793,-1.1005693674087524,-0.1562560647726059,-1.2202956676483154,-1.2568297386169434,-0.21476924419403076,-1.391677737236023,-1.3899245262145996,-0.26024648547172546,-0.6097303032875061,-0.7816895246505737,-0.13111230731010437,-1.0204354524612427,-0.5102179050445557,-0.2429216057062149,-0.9017826914787292,-0.36761990189552307,-0.2409176230430603,-0.7668566703796387,-0.40347880125045776,-0.23002664744853973,-0.5420410633087158,-0.547954261302948,-0.20299002528190613,-0.8801226019859314,-0.21270331740379333,-0.2936967611312866,-0.7531919479370117,-0.13575416803359985,-0.2371109575033188,-0.644183337688446,-0.2283092439174652,-0.19204804301261902,-0.4737979769706726,-0.27923035621643066,-0.2759583592414856,-0.7244512438774109,-0.006567787379026413,-0.3327386975288391,-0.6081773638725281,0.03964368253946304,-0.2894730865955353,-0.502515971660614,-0.03686080127954483,-0.2504175007343292
E,0.0,0.0,0.0,0.0,0.0,0.0,0.0,0.0,0.0,0.0,0.0,0.0,0.0,0.0,0.0,0.0,0.0,0.0,0.0,0.0,0.0,0.0,0.0,0.0,0.0,0.0,0.0,0.0,0.0,0.0,0.0,0.0,0.0,0.0,0.0,0.0,0.0,0.0,0.0,0.0,0.0,0.0,0.0,0.0,0.0,0.0,0.0,0.0,0.0,0.0,0.0,0.0,0.0,0.0,0.0,0.0,0.0,0.0,0.0,0.0,0.0,0.0,0.0,0.0,0.0,0.0,-0.052740372717380524,-0.5465116500854492,-0.10092104226350784,-0.015015765093266964,-1.0318524837493896,-0.11760624498128891,0.061085887253284454,-1.3820666074752808,-0.13215987384319305,0.11025451123714447,-1.659372091293335,-0.14480428397655487,0.5305226445198059,-1.0149757862091064,-0.021940408274531364,0.8134937882423401,-1.2434192895889282,-0.061480581760406494,0.9492776393890381,-1.3759911060333252,-0.09623858332633972,1.0320147275924683,-1.468925952911377,-0.1168900802731514,0.6675137281417847,-0.7445424795150757,-0.009054348804056644,1.010125994682312,-0.8813363909721375,-0.023044079542160034,1.1546114683151245,-0.994125485420227,-0.03613840788602829,1.2369256019592285,-1.084065318107605,-0.05501626804471016,0.7258104681968689,-0.4921598732471466,-0.017377173528075218,1.0486019849777222,-0.5134427547454834,-0.054232120513916016,1.2074031829833984,-0.6295113563537598,-0.07248552143573761,1.3152261972427368,-0.7214424014091492,-0.08800969272851944,0.6980434060096741,-0.24100446701049805,-0.037318628281354904,0.9627563953399658,-0.15710581839084625,-0.06639698892831802,1.093398928642273,-0.17945563793182373,-0.06665641069412231,1.1815298795700073,-0.20521129667758942,-0.06957856565713882
E,0.0,0.0,0.0,0.1504053771495819,-0.2492399662733078,0.0572313591837883,0.3703415095806122,-0.45055368542671204,0.008761649020016193,0.5808689594268799,-0.5180997848510742,-0.060538098216056824,0.7388995885848999,-0.4906405806541443,-0.1316283941268921,0.45391616225242615,-0.8777458071708679,-0.1314442902803421,0.7442795634269714,-1.17952299118042,-0.22904659807682037,0.9015750885009766,-1.3520219326019287,-0.2618606388568878,1.0082520246505737,-1.526003360748291,-0.2770441174507141,0.4547995328903198,-0.865609347820282,-0.20947052538394928,0.8745090365409851,-0.6413484215736389,-0.3026907742023468,0.8181829452514648,-0.31745627522468567,-0.2618285119533539,0.7077699303627014,-0.21016763150691986,-0.21200884878635406,0.44810962677001953,-0.6924049258232117,-0.2775626480579376,0.7888113856315613,-0.2831079363822937,-0.3630329966545105,0.6820508241653442,-0.04976974427700043,-0.29580509662628174,0.5578757524490356,-0.02638685517013073,-0.23349788784980774,0.4465819299221039,-0.453728586435318,-0.3401811718940735,0.6821461915969849,-0.04338736832141876,-0.3638215661048889,0.583211362361908,0.11910482496023178,-0.2987409830093384,0.4586210548877716,0.10239122807979584,-0.24473299086093903,0.0,0.0,0.0,0.0,0.0,0.0,0.0,0.0,0.0,0.0,0.0,0.0,0.0,0.0,0.0,0.0,0.0,0.0,0.0,0.0,0.0,0.0,0.0,0.0,0.0,0.0,0.0,0.0,0.0,0.0,0.0,0.0,0.0,0.0,0.0,0.0,0.0,0.0,0.0,0.0,0.0,0.0,0.0,0.0,0.0,0.0,0.0,0.0,0.0,0.0,0.0,0.0,0.0,0.0,0.0,0.0,0.0,0.0,0.0,0.0,0.0,0.0,0.0
E,0.0,0.0,0.0,0.0779501348733902,-0.5026761293411255,-0.1982397586107254,-0.002003791043534875,-0.9971928596496582,-0.2967991232872009,-0.07612451910972595,-1.401950478553772,-0.3742935359477997,-0.07194381952285767,-1.7739503383636475,-0.45087704062461853,-0.645203709602356,-0.918302059173584,-0.1746334433555603,-0.9186165928840637,-1.1927027702331543,-0.27249738574028015,-1.0971620082855225,-1.3568562269210815,-0.3590365946292877,-1.242411732673645,-1.4787564277648926,-0.4255966544151306,-0.7945594787597656,-0.5880678296089172,-0.1511666178703308,-1.1538678407669067,-0.7481959462165833,-0.2255445420742035,-1.3600671291351318,-0.8367784023284912,-0.2914256453514099,-1.5076789855957031,-0.8914327621459961,-0.34217503666877747,-0.8384012579917908,-0.24886734783649445,-0.1494666188955307,-1.1641615629196167,-0.35057470202445984,-0.22233951091766357,-1.352216124534607,-0.42081427574157715,-0.2729220390319824,-1.4975674152374268,-0.4855082631111145,-0.3073708415031433,-0.7938419580459595,0.09372758120298386,-0.16740292310714722,-1.0752097368240356,0.08331319689750671,-0.23606686294078827,-1.247581124305725,0.07641097158193588,-0.26544690132141113,-1.3959296941757202,0.04853009060025215,-0.2802448868751526,0.0,0.0,0.0,-0.21071238815784454,-0.3881804049015045,-0.014398254454135895,-0.13580627739429474,-0.823180079460144,0.0037687530275434256,0.04568572714924812,-1.0430290699005127,0.027840102091431618,0.19423486292362213,-1.1205062866210938,0.053490158170461655,0.11887945979833603,-1.1458349227905273,-0.052256885915994644,0.3531257212162018,-1.5325416326522827,-0.05522637069225311,0.4730778634548187,-1.7660964727401733,-0.04547702893614769,0.549856424331665,-1.9426690340042114,-0.04109751433134079,0.3152090013027191,-0.9481905102729797,-0.039724018424749374,0.3290235102176666,-1.219112753868103,-0.03324830159544945,0.24903404712677002,-1.1935945749282837,-0.0074838874861598015,0.17412815988063812,-1.125032901763916,0.01302297506481409,0.4356827139854431,-0.675005316734314,-0.022428952157497406,0.34067174792289734,-0.7430127263069153,-0.030524248257279396,0.2615043520927429,-0.6525389552116394,-0.011319786310195923,0.20330476760864258,-0.5181188583374023,0.005053568631410599,0.5180759429931641,-0.3892449140548706,-0.004315855447202921,0.41013574600219727,-0.4374654293060303,0.0033055779058486223,0.3393925726413727,-0.36866673827171326,0.033320143818855286,0.29874297976493835,-0.2697163224220276,0.06208367645740509
E,0.0,0.0,0.0,0.23476453125476837,0.2652517855167389,-0.1569899618625641,0.6168692111968994,0.13421761989593506,-0.23166334629058838,0.8496891260147095,-0.18349388241767883,-0.29483819007873535,0.8072635531425476,-0.5306805372238159,-0.3547333776950836,0.7144771814346313,-0.6402316689491272,-0.15249161422252655,1.0023595094680786,-1.109849214553833,-0.29478177428245544,1.161621332168579,-1.3895213603973389,-0.3810911476612091,1.2699438333511353,-1.6243284940719604,-0.44116494059562683,0.5184627175331116,-0.8386849761009216,-0.16674502193927765,0.8262191414833069,-1.1546602249145508,-0.4373336732387543,0.7468731999397278,-0.7286514043807983,-0.529435932636261,0.6309952139854431,-0.3995782732963562,-0.5181375741958618,0.33370089530944824,-0.9253585338592529,-0.19332025945186615,0.576677143573761,-1.1797252893447876,-0.47604790329933167,0.47805196046829224,-0.6669435501098633,-0.47015032172203064,0.352807879447937,-0.36534497141838074,-0.3862593173980713,0.13060197234153748,-0.9656035304069519,-0.22549371421337128,0.2842472791671753,-0.9775330424308777,-0.4343899190425873,0.20496858656406403,-0.5806379318237305,-0.4236956238746643,0.09997114539146423,-0.36002427339553833,-0.3628375232219696,0.0,0.0,0.0,-0.1401844322681427,-0.39101874828338623,0.11256873607635498,-0.3645826578140259,-0.6212059855461121,0.09008435159921646,-0.5946166515350342,-0.6894491314888,0.04931575059890747,-0.7801711559295654,-0.6275801658630371,-0.011076424270868301,-0.45551052689552307,-0.9713233113288879,-0.1531432718038559,-0.7820802927017212,-1.2641053199768066,-0.27039313316345215,-0.9407446980476379,-1.436905026435852,-0.31763291358947754,-1.0530061721801758,-1.6348786354064941,-0.3450261056423187,-0.4168458878993988,-0.8732969760894775,-0.2521742284297943,-0.9108898043632507,-0.5592291951179504,-0.3537769913673401,-0.8211954236030579,-0.25131702423095703,-0.300612211227417,-0.663352370262146,-0.20180369913578033,-0.2503352761268616,-0.3930644094944,-0.6255362629890442,-0.33591851592063904,-0.8151320815086365,-0.2079973816871643,-0.43625035881996155,-0.6649898290634155,0.050648871809244156,-0.3431220054626465,-0.4942218065261841,0.026213686913251877,-0.2655750811100006,-0.368854820728302,-0.34255608916282654,-0.4038027226924896,-0.6853559017181396,0.061348773539066315,-0.4947199523448944,-0.5461585521697998,0.26646557450294495,-0.44243448972702026,-0.388480007648468,0.22874946892261505,-0.3854118585586548
E,0.0,0.0,0.0,0.13973505795001984,-0.4945647418498993,0.0410844162106514,0.36724528670310974,-0.7998956441879272,-0.012399639002978802,0.5985834002494812,-0.8088656663894653,-0.08791902661323547,0.7825493216514587,-0.655290424823761,-0.16184628009796143,0.4247067868709564,-1.0894358158111572,-0.12346268445253372,0.7353683710098267,-1.444630742073059,-0.2119443714618683,0.9196181893348694,-1.6548290252685547,-0.25115594267845154,1.060335397720337,-1.823832631111145,-0.27791082859039307,0.5046353936195374,-0.8376399278640747,-0.20905150473117828,0.9003545641899109,-0.6979562640190125,-0.320983350276947,0.8210507035255432,-0.525175154209137,-0.3087395429611206,0.6781756281852722,-0.47901901602745056,-0.27973052859306335,0.5714160799980164,-0.5111991763114929,-0.282905250787735,0.8987815380096436,-0.3686213493347168,-0.3414212763309479,0.8036229610443115,-0.2663787305355072,-0.2503291070461273,0.6733054518699646,-0.2612251937389374,-0.1817488670349121,0.6217471361160278,-0.18469442427158356,-0.35811108350753784,0.8616104125976562,-0.08926505595445633,-0.3416367471218109,0.7633445858955383,-0.016599059104919434,-0.23588427901268005,0.6501939296722412,-0.017953071743249893,-0.1575811505317688,0.0,0.0,0.0,-0.2683330476284027,-0.15435241162776947,-0.062442243099212646,-0.38466450572013855,-0.4823864698410034,-0.085084930062294,-0.3842414915561676,-0.7834064364433289,-0.1021011471748352,-0.423715740442276,-0.9613450765609741,-0.12485203891992569,-0.20035475492477417,-0.949578046798706,-0.08487651497125626,-0.2805292308330536,-1.321916103363037,-0.14938578009605408,-0.3183091878890991,-1.569047212600708,-0.19851358234882355,-0.33823978900909424,-1.7855039834976196,-0.2349497228860855,-0.01761840283870697,-0.9933706521987915,-0.11359697580337524,0.007925847545266151,-1.4357627630233765,-0.1770695149898529,0.035404521971940994,-1.7168512344360352,-0.2297341525554657,0.06027619540691376,-1.9511735439300537,-0.26481950283050537,0.14761672914028168,-0.9231691360473633,-0.15112392604351044,0.2310791164636612,-1.3165969848632812,-0.24228112399578094,0.28281694650650024,-1.572021245956421,-0.2973650097846985,0.3141900599002838,-1.7863603830337524,-0.32554227113723755,0.2911732792854309,-0.7687697410583496,-0.19008199870586395,0.36288049817085266,-1.051002860069275,-0.27341821789741516,0.4051399827003479,-1.2253010272979736,-0.29491883516311646,0.4268845021724701,-1.386807918548584,-0.30285051465034485
E,0.0,0.0,0.0,0.4027305841445923,0.051069628447294235,-0.02395986020565033,0.7159497141838074,0.04787789285182953,-0.11425932496786118,0.9428378939628601,0.1306619644165039,-0.23430564999580383,1.1188234090805054,0.24406197667121887,-0.35579320788383484,0.856751561164856,-0.5753204822540283,-0.08677691221237183,1.1623353958129883,-0.7362422943115234,-0.21852193772792816,1.3766943216323853,-0.8484562635421753,-0.3012995421886444,1.5507378578186035,-0.9622333645820618,-0.3600809872150421,0.7261948585510254,-0.6667207479476929,-0.16770346462726593,1.0729695558547974,-0.33170220255851746,-0.3580995500087738,0.992311418056488,0.0141445929184556,-0.3915518820285797,0.8465920686721802,0.16720475256443024,-0.3782161474227905,0.5751383900642395,-0.6305599212646484,-0.2542121112346649,0.8735139966011047,-0.2031863033771515,-0.40615224838256836,0.774725079536438,0.04569653049111366,-0.35390204191207886,0.639642059803009,0.10204920917749405,-0.28659600019454956,0.4246390461921692,-0.5094835758209229,-0.3500390946865082,0.6674798727035522,-0.1632308065891266,-0.41677325963974,0.6083150506019592,0.01825520023703575,-0.3579348921775818,0.49280646443367004,0.04047432541847229,-0.29730460047721863,0.0,0.0,0.0,-0.33637535572052,-0.2426789402961731,-0.010156264528632164,-0.5295566320419312,-0.4914376735687256,-0.06412918120622635,-0.6676464676856995,-0.6468475461006165,-0.14131508767604828,-0.7656018137931824,-0.7175201773643494,-0.22098256647586823,-0.351237028837204,-1.0250991582870483,-0.05444351211190224,-0.5036290287971497,-1.3745059967041016,-0.1548478901386261,-0.5861606597900391,-1.5850154161453247,-0.2145957350730896,-0.6330136656761169,-1.781854271888733,-0.2602291703224182,-0.25076210498809814,-0.9597698450088501,-0.12633395195007324,-0.5892695188522339,-1.074167251586914,-0.2794249653816223,-0.7136995196342468,-0.8721828460693359,-0.3135940432548523,-0.7243983745574951,-0.7213335633277893,-0.30849316716194153,-0.19428454339504242,-0.810989260673523,-0.20383213460445404,-0.5672434568405151,-0.7655072808265686,-0.33545973896980286,-0.5946110486984253,-0.5535195469856262,-0.3037058115005493,-0.5299427509307861,-0.44042959809303284,-0.2536129653453827,-0.18007756769657135,-0.6207423210144043,-0.2862394452095032,-0.5076493620872498,-0.5842059850692749,-0.34587812423706055,-0.5444236993789673,-0.43483904004096985,-0.30244943499565125,-0.4922446012496948,-0.35378891229629517,-0.25460126996040344
F,0.0,0.0,0.0,0.32791373133659363,-0.35605716705322266,0.029263272881507874,0.6494273543357849,-0.6020879745483398,0.07534573972225189,0.8924350738525391,-0.7118123173713684,0.10650771111249924,1.0811949968338013,-0.7829309105873108,0.1497132033109665,0.727558434009552,-0.7590498924255371,0.23863889276981354,1.0327112674713135,-0.9011485576629639,0.29484695196151733,1.188070297241211,-0.9341118931770325,0.2956242561340332,1.2944709062576294,-0.9678550958633423,0.29176947474479675,0.6994643807411194,-0.6738743185997009,0.23799782991409302,1.022842288017273,-0.8130698204040527,0.32053637504577637,1.1873799562454224,-0.8618341088294983,0.31156864762306213,1.3270069360733032,-0.9088195562362671,0.29136142134666443,0.6778371334075928,-0.5555307865142822,0.22348277270793915,0.9538046717643738,-0.6797387599945068,0.3090505301952362,1.107357144355774,-0.7411028146743774,0.3053050935268402,1.2282150983810425,-0.7983512878417969,0.2817360758781433,0.6623438596725464,-0.40637949109077454,0.2030394971370697,0.8499893546104431,-0.48530837893486023,0.2906707525253296,0.9515268802642822,-0.5520198941230774,0.31880998611450195,1.0349665880203247,-0.6242986917495728,0.3242023289203644,0.0,0.0,0.0,0.0,0.0,0.0,0.0,0.0,0.0,0.0,0.0,0.0,0.0,0.0,0.0,0.0,0.0,0.0,0.0,0.0,0.0,0.0,0.0,0.0,0.0,0.0,0.0,0.0,0.0,0.0,0.0,0.0,0.0,0.0,0.0,0.0,0.0,0.0,0.0,0.0,0.0,0.0,0.0,0.0,0.0,0.0,0.0,0.0,0.0,0.0,0.0,0.0,0.0,0.0,0.0,0.0,0.0,0.0,0.0,0.0,0.0,0.0,0.0
F,0.0,0.0,0.0,0.4303479790687561,-0.03992167487740517,0.018957028165459633,0.6862430572509766,-0.07573013007640839,-0.05181549862027168,0.8041868209838867,0.028904741629958153,-0.15656568109989166,0.7590280175209045,0.18191298842430115,-0.2616936266422272,0.8655100464820862,-0.5768369436264038,0.005701681599020958,1.1110906600952148,-0.48029547929763794,-0.08717016130685806,1.2734029293060303,-0.43248048424720764,-0.1622174084186554,1.4033911228179932,-0.39906519651412964,-0.2148115634918213,0.733805775642395,-0.6747701168060303,-0.07883172482252121,0.9708349704742432,-0.5781044363975525,-0.1674548238515854,1.079637050628662,-0.5145604014396667,-0.2153017222881317,1.1953511238098145,-0.5357275605201721,-0.24733175337314606,0.5647684931755066,-0.6756144165992737,-0.1690782755613327,0.7234621644020081,-0.20778793096542358,-0.23860237002372742,0.6621138453483582,-0.00442884024232626,-0.22375409305095673,0.6041908264160156,0.023019980639219284,-0.202646404504776,0.38478580117225647,-0.5770384669303894,-0.26636430621147156,0.5004116296768188,-0.17285175621509552,-0.2798122465610504,0.47689682245254517,-0.0237765870988369,-0.24336658418178558,0.4332282245159149,-0.0384003147482872,-0.21430924534797668,0.0,0.0,0.0,0.0,0.0,0.0,0.0,0.0,0.0,0.0,0.0,0.0,0.0,0.0,0.0,0.0,0.0,0.0,0.0,0.0,0.0,0.0,0.0,0.0,0.0,0.0,0.0,0.0,0.0,0.0,0.0,0.0,0.0,0.0,0.0,0.0,0.0,0.0,0.0,0.0,0.0,0.0,0.0,0.0,0.0,0.0,0.0,0.0,0.0,0.0,0.0,0.0,0.0,0.0,0.0,0.0,0.0,0.0,0.0,0.0,0.0,0.0,0.0
F,0.0,0.0,0.0,0.41742539405822754,0.04029971361160278,0.014665281400084496,0.8111070394515991,0.18662907183170319,-0.12360252439975739,1.013628363609314,0.49058592319488525,-0.29457607865333557,0.9698397517204285,0.6709564924240112,-0.4534987211227417,0.9859877228736877,-0.3378119170665741,-0.2670046389102936,1.41422700881958,-0.31394779682159424,-0.4805501699447632,1.7085886001586914,-0.25292402505874634,-0.610771894454956,1.945673942565918,-0.1977342963218689,-0.7011456489562988,0.8293416500091553,-0.3627813160419464,-0.42494964599609375,1.3484026193618774,-0.3206765055656433,-0.7259101867675781,1.6427974700927734,-0.242182195186615,-0.8708383440971375,1.8897854089736938,-0.16112591326236725,-0.9498891830444336,0.6070184111595154,-0.23066945374011993,-0.5570140480995178,0.9421201348304749,0.473102331161499,-0.7485874891281128,0.820742666721344,0.567322313785553,-0.6599823236465454,0.7145448327064514,0.4786941111087799,-0.5660326480865479,0.38666245341300964,0.02358866296708584,-0.6979983448982239,0.6729650497436523,0.5971605777740479,-0.7650540471076965,0.5814111232757568,0.650443434715271,-0.6452534198760986,0.4890764355659485,0.4917539060115814,-0.5451061129570007,0.0,0.0,0.0,-0.48586854338645935,0.14105276763439178,-0.08937060832977295,-0.8543423414230347,0.2556103467941284,-0.24122461676597595,-0.979316234588623,0.43982502818107605,-0.40309715270996094,-0.872807502746582,0.6059318780899048,-0.5706231594085693,-0.9696362614631653,-0.2664823532104492,-0.32273685932159424,-1.3253732919692993,-0.2353280782699585,-0.5128206610679626,-1.5551286935806274,-0.19216588139533997,-0.620845377445221,-1.7667620182037354,-0.17441140115261078,-0.69482421875,-0.8169562220573425,-0.4166605472564697,-0.39871862530708313,-1.1812838315963745,-0.36546584963798523,-0.6103070378303528,-1.399185299873352,-0.3999510407447815,-0.6913041472434998,-1.5898680686950684,-0.44195976853370667,-0.7320530414581299,-0.6036231517791748,-0.430887371301651,-0.4728275537490845,-0.8581607937812805,0.18472935259342194,-0.6868942379951477,-0.7857463955879211,0.4657387137413025,-0.7131112217903137,-0.6976756453514099,0.5645497441291809,-0.6880215406417847,-0.36964255571365356,-0.32838910818099976,-0.5518015027046204,-0.5399499535560608,0.24340806901454926,-0.676664412021637,-0.5864112377166748,0.5589759349822998,-0.681212842464447,-0.601209819316864,0.7301663756370544,-0.6699329614639282
F,0.0,0.0,0.0,0.16684778034687042,-0.42683151364326477,0.017698166891932487,0.375966876745224,-0.7808656096458435,0.06338676810264587,0.5314256548881531,-0.9866891503334045,0.09450240433216095,0.6398528814315796,-1.13906991481781,0.13375134766101837,0.6122449040412903,-0.8142034411430359,0.23342347145080566,0.7540938854217529,-1.0735039710998535,0.2838345170021057,0.7614222168922424,-1.2005263566970825,0.27180182933807373,0.7548874020576477,-1.2984427213668823,0.2613959312438965,0.6071237921714783,-0.7589578032493591,0.2353375107049942,0.7430736422538757,-1.061202883720398,0.30445289611816406,0.7616915106773376,-1.2214628458023071,0.2909628450870514,0.7587118148803711,-1.3228461742401123,0.275862455368042,0.5816785097122192,-0.6976536512374878,0.22168047726154327,0.6912777423858643,-0.9696934223175049,0.30103030800819397,0.7130664587020874,-1.1124757528305054,0.3089291751384735,0.708254337310791,-1.2041112184524536,0.3007636070251465,0.5361738204956055,-0.6059273481369019,0.200210839509964,0.6068236231803894,-0.7995617985725403,0.28627273440361023,0.6202296614646912,-0.9104092121124268,0.3278321623802185,0.6222957372665405,-0.993579626083374,0.3498517572879791,0.0,0.0,0.0,-0.27853068709373474,-0.2154073864221573,-0.08962218463420868,-0.5905060768127441,-0.425975501537323,-0.06758695840835571,-0.8337502479553223,-0.5264054536819458,-0.013288642279803753,-1.0123268365859985,-0.5715304017066956,0.05290156602859497,-0.8393863439559937,-0.5472930073738098,-0.002214991021901369,-1.1400188207626343,-0.71366286277771,0.03198184072971344,-1.3143900632858276,-0.7851373553276062,0.03997170925140381,-1.4749627113342285,-0.837231457233429,0.043790075927972794,-0.8575697541236877,-0.5083299875259399,0.0785789042711258,-1.1414437294006348,-0.6991326808929443,0.0921487808227539,-1.3122594356536865,-0.7754079103469849,0.07958707213401794,-1.4691933393478394,-0.8293730020523071,0.07320775091648102,-0.8447279930114746,-0.4393148422241211,0.15614672005176544,-1.0847258567810059,-0.5811304450035095,0.1731182485818863,-1.2291853427886963,-0.650898277759552,0.16669213771820068,-1.346132755279541,-0.693244218826294,0.165422722697258,-0.8259891271591187,-0.34479543566703796,0.22726160287857056,-1.0316969156265259,-0.450283020734787,0.25176185369491577,-1.1385239362716675,-0.4997805655002594,0.26537421345710754,-1.2204593420028687,-0.5316587686538696,0.2798539102077484
F,0.0,0.0,0.0,0.41399306058883667,0.16827791929244995,-0.039680346846580505,0.7556195259094238,0.23485910892486572,-0.08323869109153748,1.0133605003356934,0.33943068981170654,-0.15797629952430725,1.1950803995132446,0.38313841819763184,-0.22966518998146057,0.8984955549240112,-0.4295957386493683,0.012408697977662086,1.174294114112854,-0.4253459572792053,-0.11302661895751953,1.3395767211914062,-0.4032936096191406,-0.2085399478673935,1.4862964153289795,-0.3704396188259125,-0.26778724789619446,0.7651171684265137,-0.6415574550628662,-0.05476981773972511,1.0131244659423828,-0.7388145327568054,-0.19954131543636322,1.1917468309402466,-0.6661853194236755,-0.2983056902885437,1.3392808437347412,-0.5648616552352905,-0.35305023193359375,0.596525251865387,-0.7432295680046082,-0.1392366886138916,0.7741955518722534,-0.5283541679382324,-0.3379707336425781,0.8344109654426575,-0.15607377886772156,-0.41640451550483704,0.85170978307724,0.1456187665462494,-0.4221501350402832,0.4145458936691284,-0.7317597270011902,-0.22706033289432526,0.560715913772583,-0.4326121509075165,-0.372724324464798,0.6431123614311218,-0.12625883519649506,-0.4206465184688568,0.6862584948539734,0.12004204839468002,-0.42542460560798645,0.0,0.0,0.0,0.0,0.0,0.0,0.0,0.0,0.0,0.0,0.0,0.0,0.0,0.0,0.0,0.0,0.0,0.0,0.0,0.0,0.0,0.0,0.0,0.0,0.0,0.0,0.0,0.0,0.0,0.0,0.0,0.0,0.0,0.0,0.0,0.0,0.0,0.0,0.0,0.0,0.0,0.0,0.0,0.0,0.0,0.0,0.0,0.0,0.0,0.0,0.0,0.0,0.0,0.0,0.0,0.0,0.0,0.0,0.0,0.0,0.0,0.0,0.0
F,0.0,0.0,0.0,0.4071534276008606,0.08614704012870789,0.01824667491018772,0.6630042791366577,-0.01913623698055744,-0.07701445370912552,0.8354208469390869,-0.10744917392730713,-0.21598295867443085,0.9412704110145569,-0.12429134547710419,-0.3478110730648041,0.8055176734924316,-0.6736122965812683,-0.0677819475531578,1.238090991973877,-0.49983203411102295,-0.21194109320640564,1.4747636318206787,-0.3831273019313812,-0.2934795618057251,1.655781626701355,-0.3196447789669037,-0.3409566283226013,0.725807785987854,-0.6632835865020752,-0.18236759305000305,1.2736517190933228,-0.4464660584926605,-0.3283631503582001,1.5325355529785156,-0.32241615653038025,-0.37001144886016846,1.7550939321517944,-0.2807304263114929,-0.38554278016090393,0.6393366456031799,-0.5425329804420471,-0.3011060655117035,1.0116974115371704,-0.023073723539710045,-0.4318854510784149,0.830029308795929,0.11268182098865509,-0.38353174924850464,0.6754170060157776,0.08338739722967148,-0.3256630599498749,0.5637087821960449,-0.3233220875263214,-0.4271855354309082,0.791556179523468,0.16807924211025238,-0.48260992765426636,0.6596883535385132,0.2701015770435333,-0.4231695234775543,0.546444296836853,0.20976603031158447,-0.3698897063732147,0.0,0.0,0.0,0.0,0.0,0.0,0.0,0.0,0.0,0.0,0.0,0.0,0.0,0.0,0.0,0.0,0.0,0.0,0.0,0.0,0.0,0.0,0.0,0.0,0.0,0.0,0.0,0.0,0.0,0.0,0.0,0.0,0.0,0.0,0.0,0.0,0.0,0.0,0.0,0.0,0.0,0.0,0.0,0.0,0.0,0.0,0.0,0.0,0.0,0.0,0.0,0.0,0.0,0.0,0.0,0.0,0.0,0.0,0.0,0.0,0.0,0.0,0.0
F,0.0,0.0,0.0,0.4043513238430023,0.22125542163848877,0.08987989276647568,0.6750319004058838,0.21629227697849274,0.032673273235559464,0.8505513668060303,0.16819453239440918,-0.07634548842906952,0.952200710773468,0.1315683126449585,-0.18071545660495758,0.9518490433692932,-0.30285248160362244,-0.07022011280059814,1.3976722955703735,-0.26308003067970276,-0.21446798741817474,1.6812244653701782,-0.2480529397726059,-0.2966686189174652,1.915174961090088,-0.251589834690094,-0.36278507113456726,0.8976438045501709,-0.3719303011894226,-0.23643918335437775,1.4350074529647827,-0.27833691239356995,-0.43938371539115906,1.7645559310913086,-0.23377640545368195,-0.5302488803863525,2.031949520111084,-0.22281457483768463,-0.581222653388977,0.7730323672294617,-0.3303764760494232,-0.38792237639427185,1.1511739492416382,0.053430285304784775,-0.531683087348938,0.9176997542381287,0.17381364107131958,-0.4556116461753845,0.7293848395347595,0.12702766060829163,-0.39013367891311646,0.6319609880447388,-0.1800115555524826,-0.5441008806228638,0.7732396721839905,0.26399463415145874,-0.6581504344940186,0.6013518571853638,0.3525512218475342,-0.6219472289085388,0.45844507217407227,0.26106199622154236,-0.5803003311157227,0.0,0.0,0.0,0.0,0.0,0.0,0.0,0.0,0.0,0.0,0.0,0.0,0.0,0.0,0.0,0.0,0.0,0.0,0.0,0.0,0.0,0.0,0.0,0.0,0.0,0.0,0.0,0.0,0.0,0.0,0.0,0.0,0.0,0.0,0.0,0.0,0.0,0.0,0.0,0.0,0.0,0.0,0.0,0.0,0.0,0.0,0.0,0.0,0.0,0.0,0.0,0.0,0.0,0.0,0.0,0.0,0.0,0.0,0.0,0.0,0.0,0.0,0.0
F,0.0,0.0,0.0,0.2500377595424652,-0.029158595949411392,-0.07094226032495499,0.4665706157684326,-0.21147681772708893,-0.13514551520347595,0.5852016806602478,-0.3791792392730713,-0.20797501504421234,0.6663901209831238,-0.47086724638938904,-0.2696395218372345,0.5007370114326477,-0.8261356949806213,-0.10295017808675766,0.6884903311729431,-0.9533505439758301,-0.23762786388397217,0.8424233198165894,-1.0468673706054688,-0.3306179642677307,0.9705234169960022,-1.1352628469467163,-0.38864779472351074,0.3810158967971802,-0.9117537140846252,-0.15340164303779602,0.6238431930541992,-1.0807629823684692,-0.30637097358703613,0.8080993294715881,-1.1246925592422485,-0.3795981705188751,0.9736254811286926,-1.1918952465057373,-0.41038328409194946,0.24176473915576935,-0.8508288860321045,-0.21312208473682404,0.49734020233154297,-0.5712277889251709,-0.39509427547454834,0.4553973972797394,-0.24147091805934906,-0.388477087020874,0.3848491609096527,-0.09232579171657562,-0.33595430850982666,0.10298025608062744,-0.6707804799079895,-0.2801284193992615,0.3052979111671448,-0.3119259178638458,-0.4040871560573578,0.28471997380256653,-0.10128891468048096,-0.3857075870037079,0.23461036384105682,-0.055096615105867386,-0.34213367104530334,0.0,0.0,0.0,-0.20212194323539734,-0.05776777118444443,-0.07360362261533737,-0.37605419754981995,-0.22781135141849518,-0.1430368572473526,-0.43242835998535156,-0.3944598138332367,-0.22117900848388672,-0.3746507465839386,-0.4783080220222473,-0.2999069094657898,-0.408578097820282,-0.8469228148460388,-0.10384280979633331,-0.5587433576583862,-1.002999186515808,-0.22584268450737,-0.6660500764846802,-1.0983179807662964,-0.31212660670280457,-0.7585099935531616,-1.2081372737884521,-0.3681066930294037,-0.2602142095565796,-0.9529445767402649,-0.15551604330539703,-0.4685854911804199,-1.1005510091781616,-0.27600225806236267,-0.6002228260040283,-1.164853572845459,-0.34500813484191895,-0.7162119150161743,-1.2620922327041626,-0.3763786256313324,-0.08828626573085785,-0.9330567717552185,-0.2161480188369751,-0.2554009258747101,-0.6463733315467834,-0.35565823316574097,-0.23096661269664764,-0.37687286734580994,-0.35255923867225647,-0.186992347240448,-0.2938447892665863,-0.31232985854148865,0.07462751120328903,-0.7962425947189331,-0.2858472764492035,-0.08010439574718475,-0.5352621078491211,-0.3632461428642273,-0.08212268352508545,-0.32999998331069946,-0.32567188143730164,-0.04350513964891434,-0.28630948066711426,-0.2785210609436035
F,0.0,0.0,0.0,0.22168514132499695,-0.11116752028465271,-0.029492875561118126,0.3987354636192322,-0.2746724486351013,-0.07534024119377136,0.47313880920410156,-0.4302122890949249,-0.13756555318832397,0.3925030529499054,-0.4903230369091034,-0.19841261208057404,0.3907153904438019,-0.860235869884491,-0.04321781545877457,0.5412625670433044,-0.9735434651374817,-0.14453555643558502,0.6468150615692139,-1.0647668838500977,-0.21420536935329437,0.7326581478118896,-1.1627864837646484,-0.2549927234649658,0.26110050082206726,-0.9601544141769409,-0.09964989125728607,0.4438989460468292,-1.080110788345337,-0.20309072732925415,0.5759817361831665,-1.138820767402649,-0.2492476999759674,0.6786530017852783,-1.2092671394348145,-0.26319363713264465,0.11187563836574554,-0.9495985507965088,-0.16440196335315704,0.27369698882102966,-0.6874516606330872,-0.2856041491031647,0.24006237089633942,-0.41956841945648193,-0.28546422719955444,0.1906835287809372,-0.2868165969848633,-0.24660909175872803,-0.03210357576608658,-0.8211394548416138,-0.2345210164785385,0.100672647356987,-0.5552743077278137,-0.29227709770202637,0.09561505168676376,-0.38454610109329224,-0.2668816149234772,0.0614779107272625,-0.3229644000530243,-0.22882767021656036,0.0,0.0,0.0,-0.2433176189661026,-0.06943373382091522,-0.05197802186012268,-0.4388740360736847,-0.2589108347892761,-0.09382238984107971,-0.5439058542251587,-0.44035184383392334,-0.14660075306892395,-0.5923721790313721,-0.48331254720687866,-0.1931949108839035,-0.4549366235733032,-0.8709074258804321,-0.04048008471727371,-0.6444660425186157,-0.9984383583068848,-0.157789945602417,-0.7908974289894104,-1.0900037288665771,-0.24411365389823914,-0.9238014817237854,-1.1507712602615356,-0.30081069469451904,-0.32841384410858154,-0.9396483302116394,-0.09594469517469406,-0.57483971118927,-1.042121171951294,-0.2196241319179535,-0.7477668523788452,-1.087194800376892,-0.2939968705177307,-0.8890905380249023,-1.143004059791565,-0.32619261741638184,-0.18612870573997498,-0.8640294075012207,-0.16265228390693665,-0.430836021900177,-0.5671341419219971,-0.28830137848854065,-0.401426762342453,-0.2872600853443146,-0.27880316972732544,-0.3424839973449707,-0.18474751710891724,-0.23809809982776642,-0.060410842299461365,-0.6682735085487366,-0.23984478414058685,-0.25638726353645325,-0.3271697759628296,-0.31954872608184814,-0.2447926253080368,-0.14135074615478516,-0.29516783356666565,-0.19087260961532593,-0.10615668445825577,-0.25491732358932495
F,0.0,0.0,0.0,0.2719864547252655,-0.028929507359862328,-0.041947539895772934,0.5039035677909851,-0.09676201641559601,-0.10002899914979935,0.6530147790908813,-0.10634621977806091,-0.17826855182647705,0.7541996240615845,-0.05750960111618042,-0.25719448924064636,0.6885271668434143,-0.6237752437591553,-0.048558831214904785,0.9199538826942444,-0.7154175639152527,-0.1609850972890854,1.0727707147598267,-0.7449021935462952,-0.23489074409008026,1.2053844928741455,-0.7798705101013184,-0.2740432620048523,0.5877463817596436,-0.803744912147522,-0.09245730936527252,0.8538870215415955,-0.8631764650344849,-0.20083653926849365,1.0418040752410889,-0.890826404094696,-0.25443339347839355,1.193634271621704,-0.8873664736747742,-0.26887109875679016,0.4394872784614563,-0.8617665767669678,-0.14683009684085846,0.6025600433349609,-0.44028517603874207,-0.28132110834121704,0.5823250412940979,-0.0537656806409359,-0.29265284538269043,0.5493448376655579,0.22669145464897156,-0.25263503193855286,0.27017563581466675,-0.8096615672111511,-0.20713911950588226,0.41521570086479187,-0.44211164116859436,-0.29275089502334595,0.45585736632347107,-0.14452211558818817,-0.27713853120803833,0.47011393308639526,0.08182502537965775,-0.2342168688774109,0.0,0.0,0.0,-0.3090621531009674,-0.023573804646730423,-0.04496043920516968,-0.5587527751922607,0.030748317018151283,-0.13394486904144287,-0.6771694421768188,0.18809546530246735,-0.24630007147789001,-0.764489471912384,0.4088173508644104,-0.3641476035118103,-0.7577714323997498,-0.6293361783027649,-0.08986467868089676,-1.051978588104248,-0.5717305541038513,-0.254562109708786,-1.2383160591125488,-0.5133416056632996,-0.380921870470047,-1.4033187627792358,-0.4665147662162781,-0.4561806619167328,-0.6194885969161987,-0.7692134976387024,-0.1566668003797531,-0.8924759030342102,-0.5662074089050293,-0.2989296615123749,-1.0863534212112427,-0.4434773027896881,-0.37634173035621643,-1.242756724357605,-0.4037266969680786,-0.4215201437473297,-0.4301615357398987,-0.7805976867675781,-0.23743823170661926,-0.62712562084198,-0.2932269871234894,-0.38053378462791443,-0.5994840264320374,0.04426806792616844,-0.39168691635131836,-0.5481929779052734,0.23614011704921722,-0.3705550730228424,-0.2213381975889206,-0.6928471922874451,-0.3271101713180542,-0.38820865750312805,-0.27399423718452454,-0.3952326774597168,-0.44279515743255615,-0.006283925846219063,-0.36921426653862,-0.4597533047199249,0.17321284115314484,-0.33789747953414917
G,0.0,0.0,0.0,0.0,0.0,0.0,0.0,0.0,0.0,0.0,0.0,0.0,0.0,0.0,0.0,0.0,0.0,0.0,0.0,0.0,0.0,0.0,0.0,0.0,0.0,0.0,0.0,0.0,0.0,0.0,0.0,0.0,0.0,0.0,0.0,0.0,0.0,0.0,0.0,0.0,0.0,0.0,0.0,0.0,0.0,0.0,0.0,0.0,0.0,0.0,0.0,0.0,0.0,0.0,0.0,0.0,0.0,0.0,0.0,0.0,0.0,0.0,0.0,0.0,0.0,0.0,0.3121701776981354,-0.44187262654304504,-0.06121857464313507,0.8069943785667419,-0.5368377566337585,-0.05377764254808426,1.1035372018814087,-0.21878691017627716,-0.0773017555475235,1.2071551084518433,0.11552572250366211,-0.08255895227193832,0.984035313129425,-0.32378560304641724,0.16089510917663574,1.2434990406036377,-0.3411847949028015,0.009550007991492748,1.0115151405334473,-0.41085103154182434,-0.07102048397064209,0.8660542368888855,-0.3782041072845459,-0.09054730087518692,0.9911863207817078,0.02940974570810795,0.1291692703962326,1.2321906089782715,0.06746407598257065,-0.0419093519449234,0.9100840091705322,-0.02031446434557438,-0.08239667862653732,0.76404869556427,0.02845984324812889,-0.042624518275260925,0.9460498094558716,0.410884827375412,0.058574378490448,1.18082857131958,0.42581066489219666,-0.12961995601654053,0.8365706205368042,0.3080746531486511,-0.08527527749538422,0.6602057218551636,0.3446153998374939,0.01671806164085865,0.8638752102851868,0.8142555356025696,-0.02122228406369686,1.1203725337982178,0.8270199298858643,-0.1189008355140686,0.8805981874465942,0.6608545184135437,-0.05248189717531204,0.7150919437408447,0.6423156261444092,0.03886847570538521
G,0.0,0.0,0.0,0.2512143850326538,-0.39482206106185913,0.013152538798749447,0.7263422608375549,-0.5098705291748047,-0.06163591891527176,1.158668875694275,-0.39535513520240784,-0.13762129843235016,1.4149630069732666,-0.20088526606559753,-0.18398280441761017,0.7714914679527283,-0.8109785318374634,-0.19944022595882416,1.3592586517333984,-0.5961019992828369,-0.3140309751033783,1.1936801671981812,-0.4528447985649109,-0.34660500288009644,0.9850680232048035,-0.4798250198364258,-0.35079172253608704,0.8000240921974182,-0.5337140560150146,-0.27406325936317444,1.3235139846801758,-0.31627601385116577,-0.3106513023376465,1.147597074508667,-0.20396974682807922,-0.26961687207221985,0.9623245000839233,-0.2502487599849701,-0.25349876284599304,0.8126071691513062,-0.2260695844888687,-0.341552734375,1.2389063835144043,-0.03997816517949104,-0.3290577828884125,1.049126148223877,0.022131845355033875,-0.20559392869472504,0.8648356795310974,-0.028287429362535477,-0.14639364182949066,0.7962185144424438,0.06627925485372543,-0.4127293825149536,1.101282000541687,0.15149977803230286,-0.3500121533870697,0.9256082773208618,0.18462952971458435,-0.21980684995651245,0.767301619052887,0.1619103103876114,-0.14470422267913818,0.0,0.0,0.0,-0.43249547481536865,-0.5932216048240662,-0.14887091517448425,-1.0058187246322632,-0.9099174737930298,-0.3871840834617615,-1.5175162553787231,-0.8062992691993713,-0.6057030558586121,-1.718703269958496,-0.5393389463424683,-0.8185763955116272,-0.42480748891830444,-1.1725112199783325,-0.5672529935836792,-1.3795288801193237,-0.9598711133003235,-0.8427203297615051,-1.2868709564208984,-0.767388105392456,-0.9487932920455933,-1.0159673690795898,-0.7708953619003296,-1.0010031461715698,-0.2853281795978546,-0.7169476747512817,-0.6360610723495483,-1.3381550312042236,-0.5015559196472168,-0.8754147887229919,-1.1527976989746094,-0.4605642259120941,-0.8723240494728088,-0.8840388059616089,-0.5495156645774841,-0.8905832767486572,-0.28027278184890747,-0.2741735577583313,-0.704075038433075,-1.2851622104644775,-0.14259526133537292,-0.8937724232673645,-1.082880973815918,-0.17257754504680634,-0.8040426969528198,-0.7897234559059143,-0.2823563516139984,-0.7477725148200989,-0.34836286306381226,0.11682958900928497,-0.7781514525413513,-1.1651808023452759,0.07487142831087112,-0.9050385355949402,-1.0505388975143433,0.013319406658411026,-0.8331978917121887,-0.795067310333252,-0.07022722065448761,-0.7758854031562805
G,0.0,0.0,0.0,0.031400974839925766,0.32563769817352295,-0.35127413272857666,-0.13038305938243866,0.6591340899467468,-0.7045934796333313,-0.29876378178596497,1.0244916677474976,-1.0177791118621826,-0.26352035999298096,1.3869678974151611,-1.3209935426712036,-0.38808441162109375,0.03980924189090729,-0.808720052242279,-1.358047366142273,-0.047679465264081955,-1.1612699031829834,-1.298902988433838,-0.035286031663417816,-1.3753315210342407,-0.9618667364120483,-0.018478214740753174,-1.5237747430801392,-0.5979443192481995,-0.042856331914663315,-0.8003910779953003,-1.6109293699264526,-0.0582662969827652,-1.0763285160064697,-1.4698902368545532,0.0324961356818676,-1.1134247779846191,-1.1542552709579468,0.0797925740480423,-1.1833831071853638,-0.7204386591911316,-0.14181816577911377,-0.7917036414146423,-1.674716830253601,-0.14873799681663513,-1.0328254699707031,-1.5108181238174438,-0.05326354131102562,-0.9109788537025452,-1.1750911474227905,-0.01484427135437727,-0.845535933971405,-0.7915881872177124,-0.24428629875183105,-0.8287261724472046,-1.5623701810836792,-0.2639022767543793,-0.9870107173919678,-1.4931284189224243,-0.21050065755844116,-0.8934088349342346,-1.236798644065857,-0.1746329665184021,-0.8399761915206909,0.0,0.0,0.0,0.0,0.0,0.0,0.0,0.0,0.0,0.0,0.0,0.0,0.0,0.0,0.0,0.0,0.0,0.0,0.0,0.0,0.0,0.0,0.0,0.0,0.0,0.0,0.0,0.0,0.0,0.0,0.0,0.0,0.0,0.0,0.0,0.0,0.0,0.0,0.0,0.0,0.0,0.0,0.0,0.0,0.0,0.0,0.0,0.0,0.0,0.0,0.0,0.0,0.0,0.0,0.0,0.0,0.0,0.0,0.0,0.0,0.0,0.0,0.0
G,0.0,0.0,0.0,0.27134764194488525,-0.2814343273639679,-0.23063570261001587,0.7315464019775391,-0.44648483395576477,-0.48962005972862244,1.1041935682296753,-0.3514709770679474,-0.6957459449768066,1.3343696594238281,-0.1348903775215149,-0.9320913553237915,0.6273386478424072,-0.4692831039428711,-0.8049895167350769,1.2531250715255737,-0.16199271380901337,-1.017943263053894,1.3551065921783447,0.018721701577305794,-1.1630561351776123,1.2786463499069214,0.08880763500928879,-1.2810100317001343,0.576420247554779,-0.257692813873291,-0.7754573225975037,1.2334779500961304,0.11437314003705978,-0.9109936356544495,1.2890758514404297,0.2433418184518814,-0.9392584562301636,1.176536202430725,0.2383684366941452,-1.0191091299057007,0.5371779203414917,-0.01921924017369747,-0.7091809511184692,1.130839228630066,0.3038598597049713,-0.7915323972702026,1.1549954414367676,0.3599449098110199,-0.7050352096557617,1.0534915924072266,0.3383059799671173,-0.6954758167266846,0.49587056040763855,0.2186383306980133,-0.6639679670333862,0.9866455793380737,0.4097122251987457,-0.755610466003418,1.0169490575790405,0.40170708298683167,-0.692312479019165,0.9483860731124878,0.3503982722759247,-0.6654086112976074,0.0,0.0,0.0,0.0,0.0,0.0,0.0,0.0,0.0,0.0,0.0,0.0,0.0,0.0,0.0,0.0,0.0,0.0,0.0,0.0,0.0,0.0,0.0,0.0,0.0,0.0,0.0,0.0,0.0,0.0,0.0,0.0,0.0,0.0,0.0,0.0,0.0,0.0,0.0,0.0,0.0,0.0,0.0,0.0,0.0,0.0,0.0,0.0,0.0,0.0,0.0,0.0,0.0,0.0,0.0,0.0,0.0,0.0,0.0,0.0,0.0,0.0,0.0
G,0.0,0.0,0.0,0.0,0.0,0.0,0.0,0.0,0.0,0.0,0.0,0.0,0.0,0.0,0.0,0.0,0.0,0.0,0.0,0.0,0.0,0.0,0.0,0.0,0.0,0.0,0.0,0.0,0.0,0.0,0.0,0.0,0.0,0.0,0.0,0.0,0.0,0.0,0.0,0.0,0.0,0.0,0.0,0.0,0.0,0.0,0.0,0.0,0.0,0.0,0.0,0.0,0.0,0.0,0.0,0.0,0.0,0.0,0.0,0.0,0.0,0.0,0.0,0.0,0.0,0.0,-0.34464314579963684,-0.36525365710258484,0.031833842396736145,-0.7737135887145996,-0.6000290513038635,-0.04845431447029114,-1.157474398612976,-0.5387288928031921,-0.14810223877429962,-1.3587067127227783,-0.3467130661010742,-0.24946287274360657,-0.6716292500495911,-0.9769951701164246,-0.14255423843860626,-1.287225365638733,-0.8519560098648071,-0.2783932387828827,-1.3147380352020264,-0.6701081991195679,-0.34391212463378906,-1.2215685844421387,-0.5997440218925476,-0.3808542490005493,-0.584221601486206,-0.7735260725021362,-0.24564720690250397,-1.2406564950942993,-0.5640619993209839,-0.3750172555446625,-1.1401201486587524,-0.4506470859050751,-0.3892057240009308,-0.9724392294883728,-0.44370850920677185,-0.4004811644554138,-0.5222782492637634,-0.5003684163093567,-0.34196770191192627,-1.1226487159729004,-0.2788844406604767,-0.45169156789779663,-0.9810556769371033,-0.22023092210292816,-0.4052920639514923,-0.8015443682670593,-0.2627800405025482,-0.37345805764198303,-0.4866003692150116,-0.20496802031993866,-0.43108418583869934,-0.9631542563438416,-0.06852129846811295,-0.505004346370697,-0.8440624475479126,-0.03162669390439987,-0.4542187750339508,-0.6763776540756226,-0.07203932851552963,-0.41152235865592957
I,0.0,0.0,0.0,0.21888433396816254,-0.22256821393966675,-0.11042541265487671,0.3321695923805237,-0.5480377078056335,-0.16412761807441711,0.3835238218307495,-0.8045971989631653,-0.2119934856891632,0.41830945014953613,-1.015195608139038,-0.26038074493408203,0.10538728535175323,-0.9632244110107422,-0.13031288981437683,0.13402259349822998,-1.3235149383544922,-0.23905037343502045,0.1509740948677063,-1.5780516862869263,-0.32346776127815247,0.13975025713443756,-1.797081708908081,-0.3844214379787445,-0.07982440292835236,-0.9850625395774841,-0.1525774598121643,-0.01306949183344841,-1.3717164993286133,-0.25356683135032654,0.01694156602025032,-1.6409803628921509,-0.3248256742954254,0.02461623214185238,-1.8824504613876343,-0.3685753643512726,-0.2735403776168823,-0.9102033972740173,-0.1895613968372345,-0.3369486331939697,-1.3138978481292725,-0.2991884648799896,-0.3720111548900604,-1.5772285461425781,-0.36820513010025024,-0.3935694992542267,-1.8016430139541626,-0.4090415835380554,-0.4603387713432312,-0.7330992817878723,-0.23513180017471313,-0.5977373719215393,-0.9997978806495667,-0.34134843945503235,-0.6753359436988831,-1.180791974067688,-0.3826359510421753,-0.7313145399093628,-1.342231035232544,-0.401824951171875,0.0,0.0,0.0,0.0,0.0,0.0,0.0,0.0,0.0,0.0,0.0,0.0,0.0,0.0,0.0,0.0,0.0,0.0,0.0,0.0,0.0,0.0,0.0,0.0,0.0,0.0,0.0,0.0,0.0,0.0,0.0,0.0,0.0,0.0,0.0,0.0,0.0,0.0,0.0,0.0,0.0,0.0,0.0,0.0,0.0,0.0,0.0,0.0,0.0,0.0,0.0,0.0,0.0,0.0,0.0,0.0,0.0,0.0,0.0,0.0,0.0,0.0,0.0
I,0.0,0.0,0.0,0.0,0.0,0.0,0.0,0.0,0.0,0.0,0.0,0.0,0.0,0.0,0.0,0.0,0.0,0.0,0.0,0.0,0.0,0.0,0.0,0.0,0.0,0.0,0.0,0.0,0.0,0.0,0.0,0.0,0.0,0.0,0.0,0.0,0.0,0.0,0.0,0.0,0.0,0.0,0.0,0.0,0.0,0.0,0.0,0.0,0.0,0.0,0.0,0.0,0.0,0.0,0.0,0.0,0.0,0.0,0.0,0.0,0.0,0.0,0.0,0.0,0.0,0.0,0.17437316477298737,-0.24322080612182617,0.03246600180864334,0.24833466112613678,-0.5221384763717651,0.07240594923496246,0.27481526136398315,-0.7275503277778625,0.1084357276558876,0.2519434988498688,-0.806307852268219,0.1428455114364624,0.09641304612159729,-0.9753556847572327,0.0709611251950264,0.15530367195606232,-1.2670396566390991,0.13797520101070404,0.20051848888397217,-1.3122000694274902,0.17607657611370087,0.21492999792099,-1.3465347290039062,0.20097334682941437,-0.02267174795269966,-0.9964872598648071,0.08061783015727997,0.08264521509408951,-1.2374083995819092,0.16775810718536377,0.14934156835079193,-1.2974703311920166,0.18902768194675446,0.18497870862483978,-1.3245580196380615,0.19201932847499847,-0.11654568463563919,-0.9157300591468811,0.09734639525413513,0.007451738230884075,-0.9699472784996033,0.17326140403747559,0.0919625386595726,-0.8639150857925415,0.16477765142917633,0.13538523018360138,-0.7404138445854187,0.14834941923618317,-0.18535980582237244,-0.8067188262939453,0.1173638105392456,-0.0686129480600357,-0.7933069467544556,0.1835743486881256,0.005254637915641069,-0.7138283252716064,0.20112453401088715,0.04711855202913284,-0.6016414761543274,0.2113291174173355
I,0.0,0.0,0.0,-0.16797128319740295,-0.49262696504592896,-0.07056744396686554,-0.19204550981521606,-1.0339665412902832,-0.05697079375386238,-0.1274583786725998,-1.452559471130371,-0.04299598187208176,-0.11021096259355545,-1.7570774555206299,-0.03324059024453163,0.20099106431007385,-1.1208271980285645,0.020093323662877083,0.40412792563438416,-1.4591593742370605,0.011995360255241394,0.5123637914657593,-1.6459482908248901,-0.005944804288446903,0.606826901435852,-1.7958850860595703,-0.02389853075146675,0.3639765679836273,-0.9311201572418213,0.02315758541226387,0.5913614630699158,-1.2752670049667358,0.0389520563185215,0.7156540155410767,-1.4713726043701172,0.020774418488144875,0.8152872323989868,-1.6199887990951538,-0.008674656972289085,0.45429205894470215,-0.7055556178092957,0.008941242471337318,0.6703103184700012,-0.9536145925521851,-0.015789035707712173,0.7859769463539124,-1.1178674697875977,-0.056467846035957336,0.8721665740013123,-1.2603626251220703,-0.09299460053443909,0.4914652705192566,-0.4573023319244385,-0.011348800733685493,0.6903127431869507,-0.5429821610450745,-0.05546765774488449,0.7865214943885803,-0.5947133302688599,-0.08079986274242401,0.8564989566802979,-0.6549480557441711,-0.10256756097078323,0.0,0.0,0.0,-0.10488176345825195,-0.47257405519485474,-0.1591499149799347,-0.06419673562049866,-0.9461857676506042,-0.266579806804657,-0.031346749514341354,-1.3836064338684082,-0.3549635410308838,-0.043743789196014404,-1.7815816402435303,-0.4449350833892822,0.5008633732795715,-1.0060044527053833,-0.1814800500869751,0.7028757333755493,-1.4051185846328735,-0.2762533128261566,0.8411918878555298,-1.6569539308547974,-0.3671210706233978,0.9663730263710022,-1.8616780042648315,-0.4385990798473358,0.6519790887832642,-0.7375917434692383,-0.1757318675518036,0.9082102179527283,-1.0843037366867065,-0.2437002807855606,1.0671544075012207,-1.2930206060409546,-0.31769266724586487,1.1982004642486572,-1.4737913608551025,-0.3806264102458954,0.7090637683868408,-0.4043773114681244,-0.18296928703784943,0.9834772348403931,-0.5476517677307129,-0.25224506855010986,1.1527643203735352,-0.6422294974327087,-0.3036760985851288,1.281509518623352,-0.7517011761665344,-0.34755629301071167,0.685284435749054,-0.0537533313035965,-0.20418080687522888,0.9246639609336853,-0.07261166721582413,-0.2679724097251892,1.0415313243865967,-0.09922611713409424,-0.2844420373439789,1.1276575326919556,-0.15251728892326355,-0.29642435908317566
I,0.0,0.0,0.0,0.09182967990636826,-0.39142656326293945,0.06833407282829285,0.061042532324790955,-0.8127973079681396,0.054384373128414154,0.002897727768868208,-1.1034597158432007,0.006548786070197821,-0.05535232648253441,-1.3330847024917603,-0.05206841975450516,0.03001912124454975,-1.0586967468261719,-0.0162940863519907,0.01201389916241169,-1.4994370937347412,-0.12579423189163208,0.0027000082191079855,-1.7615207433700562,-0.20897234976291656,-0.007989274337887764,-1.9831104278564453,-0.27092239260673523,0.017420276999473572,-0.9897843599319458,-0.141504168510437,-0.049182649701833725,-1.5151969194412231,-0.25501030683517456,-0.09026966243982315,-1.8472168445587158,-0.3524545431137085,-0.13461148738861084,-2.142202138900757,-0.42207083106040955,0.021208330988883972,-0.8440496325492859,-0.2664414048194885,-0.053297705948352814,-1.3100539445877075,-0.3765764832496643,-0.07512594014406204,-1.5968694686889648,-0.47797438502311707,-0.09231455624103546,-1.8564951419830322,-0.552188515663147,0.056154388934373856,-0.6187532544136047,-0.38471147418022156,-0.05126247555017471,-0.9150303602218628,-0.48489004373550415,-0.13883675634860992,-1.1338227987289429,-0.5450613498687744,-0.22018902003765106,-1.3351738452911377,-0.588776707649231,0.0,0.0,0.0,0.0,0.0,0.0,0.0,0.0,0.0,0.0,0.0,0.0,0.0,0.0,0.0,0.0,0.0,0.0,0.0,0.0,0.0,0.0,0.0,0.0,0.0,0.0,0.0,0.0,0.0,0.0,0.0,0.0,0.0,0.0,0.0,0.0,0.0,0.0,0.0,0.0,0.0,0.0,0.0,0.0,0.0,0.0,0.0,0.0,0.0,0.0,0.0,0.0,0.0,0.0,0.0,0.0,0.0,0.0,0.0,0.0,0.0,0.0,0.0
I,0.0,0.0,0.0,0.19564403593540192,-0.27501657605171204,-0.028117120265960693,0.4235418736934662,-0.5466354489326477,-0.06178215518593788,0.6169365644454956,-0.6731975674629211,-0.11442741751670837,0.7022850513458252,-0.7335879802703857,-0.16968557238578796,0.37005192041397095,-0.9632250070571899,-0.02387107163667679,0.5879644155502319,-1.2563039064407349,-0.06500642746686935,0.720474123954773,-1.3704451322555542,-0.10801491886377335,0.822975754737854,-1.480804443359375,-0.15117287635803223,0.36536774039268494,-0.9292296767234802,-0.05512441694736481,0.6495702266693115,-0.8385679125785828,-0.10013359040021896,0.7185194492340088,-0.7042225003242493,-0.14835385978221893,0.7138220071792603,-0.6513260006904602,-0.19427752494812012,0.3830011487007141,-0.7896997928619385,-0.08680056780576706,0.6559923887252808,-0.7094700336456299,-0.1337822675704956,0.6981478929519653,-0.5927247405052185,-0.1480625569820404,0.6774176359176636,-0.5466636419296265,-0.16169261932373047,0.4088559150695801,-0.6310813426971436,-0.12373800575733185,0.6471432447433472,-0.5790022611618042,-0.1385224163532257,0.685549795627594,-0.4977971911430359,-0.11477179080247879,0.6760154366493225,-0.43843933939933777,-0.09507417678833008,0.0,0.0,0.0,-0.24418050050735474,-0.19270113110542297,-0.043177854269742966,-0.34769582748413086,-0.518973171710968,-0.0599992461502552,-0.38004952669143677,-0.7670368552207947,-0.08164367824792862,-0.41664552688598633,-0.9534568190574646,-0.10664312541484833,-0.15486977994441986,-0.9764226675033569,-0.01121446117758751,-0.24817918241024017,-1.297853708267212,-0.07511036843061447,-0.29200103878974915,-1.5048580169677734,-0.13751593232154846,-0.3039937913417816,-1.6768012046813965,-0.18842989206314087,0.040495265275239944,-0.9968945980072021,-0.067537322640419,-0.03634790703654289,-1.4043562412261963,-0.13938909769058228,-0.06772933900356293,-1.6840429306030273,-0.22070561349391937,-0.08938388526439667,-1.923685073852539,-0.27558210492134094,0.23951569199562073,-0.9147132039070129,-0.13541105389595032,0.3053703010082245,-1.318404197692871,-0.2442781776189804,0.35005274415016174,-1.602972388267517,-0.3397741913795471,0.3794921636581421,-1.8487478494644165,-0.39896076917648315,0.42586004734039307,-0.734190046787262,-0.20337176322937012,0.5817683935165405,-0.9977307319641113,-0.31543007493019104,0.6629934906959534,-1.1911566257476807,-0.3692772686481476,0.7159742712974548,-1.373276710510254,-0.3990059792995453
K,0.0,0.0,0.0,0.0,0.0,0.0,0.0,0.0,0.0,0.0,0.0,0.0,0.0,0.0,0.0,0.0,0.0,0.0,0.0,0.0,0.0,0.0,0.0,0.0,0.0,0.0,0.0,0.0,0.0,0.0,0.0,0.0,0.0,0.0,0.0,0.0,0.0,0.0,0.0,0.0,0.0,0.0,0.0,0.0,0.0,0.0,0.0,0.0,0.0,0.0,0.0,0.0,0.0,0.0,0.0,0.0,0.0,0.0,0.0,0.0,0.0,0.0,0.0,0.0,0.0,0.0,-0.3603125512599945,-0.16262273490428925,-0.044585563242435455,-0.6184909343719482,-0.3269604742527008,-0.13134542107582092,-0.8234795331954956,-0.38012436032295227,-0.24196065962314606,-1.0174064636230469,-0.3655278980731964,-0.3571266531944275,-0.4516429901123047,-0.9628539681434631,-0.12111302465200424,-0.6072945594787598,-1.3908438682556152,-0.25379911065101624,-0.708783745765686,-1.618653416633606,-0.3180694282054901,-0.7769258618354797,-1.8204553127288818,-0.35920384526252747,-0.3130970001220703,-0.9296932220458984,-0.19401220977306366,-0.6402047872543335,-1.121240496635437,-0.3870241641998291,-0.8095799088478088,-0.9008095860481262,-0.416559100151062,-0.852877140045166,-0.700645387172699,-0.38476336002349854,-0.21115250885486603,-0.7830625176429749,-0.2741449475288391,-0.6028532981872559,-0.6260045170783997,-0.4154964089393616,-0.6320810317993164,-0.397451251745224,-0.37448370456695557,-0.5642405152320862,-0.2771284282207489,-0.3054947555065155,-0.1502353996038437,-0.5727259516716003,-0.36466675996780396,-0.47812390327453613,-0.42933931946754456,-0.40388810634613037,-0.5202192664146423,-0.2623743712902069,-0.33657410740852356,-0.47495731711387634,-0.17924435436725616,-0.2677384316921234
K,0.0,0.0,0.0,0.3317488729953766,-0.049404025077819824,0.04115740582346916,0.7237755656242371,0.07689502835273743,-0.03573429957032204,0.9364746809005737,0.36887818574905396,-0.14414212107658386,1.0565212965011597,0.6155968308448792,-0.23980720341205597,1.0167856216430664,-0.3046075701713562,-0.08939778059720993,1.4435542821884155,-0.2536536753177643,-0.22088435292243958,1.5109491348266602,-0.032353706657886505,-0.28591418266296387,1.438931941986084,0.1369020789861679,-0.31155672669410706,0.9578834176063538,-0.21237315237522125,-0.19327960908412933,1.1547746658325195,0.3288319408893585,-0.3132302761077881,0.9936843514442444,0.4011023938655853,-0.33700424432754517,0.9015241861343384,0.28523707389831543,-0.3410135805606842,0.8299877047538757,-0.059567686170339584,-0.29590022563934326,0.8997024297714233,0.4973776042461395,-0.3708934485912323,0.7298494577407837,0.4818514287471771,-0.3352254033088684,0.6723387241363525,0.3392624258995056,-0.3109356760978699,0.6880417466163635,0.12031787633895874,-0.40013089776039124,0.7021830677986145,0.54521244764328,-0.3942594826221466,0.5494132041931152,0.536462664604187,-0.3204827606678009,0.49555695056915283,0.41748103499412537,-0.2692536413669586,0.0,0.0,0.0,-0.4220338463783264,-0.141661137342453,-0.039638664573431015,-0.6310076713562012,-0.31419846415519714,-0.14731915295124054,-0.7815732955932617,-0.4158852696418762,-0.2793256640434265,-0.8798904418945312,-0.5072502493858337,-0.41900473833084106,-0.43696847558021545,-0.9734498858451843,-0.1534082144498825,-0.4511556625366211,-1.3663294315338135,-0.3412111699581146,-0.4716532230377197,-1.6439647674560547,-0.46801698207855225,-0.4644336402416229,-1.8861992359161377,-0.5580211877822876,-0.24594467878341675,-0.9404139518737793,-0.2348034530878067,-0.6983970403671265,-0.8278191685676575,-0.4540049731731415,-0.8219146728515625,-0.5344504714012146,-0.49015969038009644,-0.789126992225647,-0.38852357864379883,-0.4869930148124695,-0.14024674892425537,-0.7724640965461731,-0.32716187834739685,-0.619655430316925,-0.5596588850021362,-0.5009109377861023,-0.6842377781867981,-0.34502384066581726,-0.42549678683280945,-0.6220617294311523,-0.26818177103996277,-0.3461827039718628,-0.09904976934194565,-0.5490443706512451,-0.4301275610923767,-0.4860897362232208,-0.34534546732902527,-0.5411657691001892,-0.5261685848236084,-0.20739486813545227,-0.490188330411911,-0.4574454724788666,-0.1895303726196289,-0.42512696981430054
K,0.0,0.0,0.0,0.1163254827260971,-0.42165711522102356,0.0032364223152399063,0.20938418805599213,-0.7254776358604431,-0.03210577741265297,0.35003337264060974,-0.8246563076972961,-0.09440216422080994,0.48015260696411133,-0.8180844783782959,-0.1683151125907898,0.06843014061450958,-1.0854398012161255,0.027669133618474007,-0.01736900955438614,-1.381713628768921,-0.025342756882309914,-0.10141270607709885,-1.5897291898727417,-0.09255216270685196,-0.15276619791984558,-1.7454662322998047,-0.15157340466976166,0.020533408969640732,-0.999394953250885,-0.02807379513978958,0.051317986100912094,-1.128559947013855,-0.07594481855630875,0.053593430668115616,-1.1154316663742065,-0.10361466556787491,0.03133183717727661,-1.0915275812149048,-0.12352995574474335,-0.018512481823563576,-0.8432505130767822,-0.09217404574155807,0.04552106559276581,-0.9026046991348267,-0.1300637573003769,0.024338770657777786,-0.8433859944343567,-0.11494968086481094,-0.02409062162041664,-0.7974494695663452,-0.10296709090471268,-0.03872890770435333,-0.6673604846000671,-0.16480150818824768,0.06619758158922195,-0.6836822032928467,-0.19502225518226624,0.08224163204431534,-0.6451401114463806,-0.17939329147338867,0.06716454029083252,-0.6035987138748169,-0.1598566174507141,0.0,0.0,0.0,0.09331713616847992,-0.8649170994758606,-0.13052241504192352,0.30486345291137695,-1.5875375270843506,-0.22334830462932587,0.3561594486236572,-2.1568710803985596,-0.35754233598709106,0.3958407938480377,-2.6107633113861084,-0.48623037338256836,0.6869370341300964,-0.934689998626709,-0.04003053158521652,0.6111078858375549,-1.2186262607574463,-0.27108272910118103,0.45204997062683105,-1.1346735954284668,-0.403293251991272,0.5036665797233582,-0.9808358550071716,-0.44624292850494385,0.736518144607544,-0.6692178249359131,-0.09843017160892487,0.4712083637714386,-1.1218621730804443,-0.4454245865345001,-0.0075752888806164265,-1.1004997491836548,-0.5607074499130249,-0.198197141289711,-0.9783528447151184,-0.5601329803466797,0.7627015113830566,-0.45179423689842224,-0.19429586827754974,0.5443132519721985,-0.8974936008453369,-0.6017862558364868,0.05041595548391342,-0.8637784123420715,-0.6329536437988281,-0.16391189396381378,-0.7064887285232544,-0.5161746144294739,0.787649929523468,-0.27334490418434143,-0.29203346371650696,1.191792368888855,-0.6665506362915039,-0.44776037335395813,1.4359179735183716,-0.8802707195281982,-0.3986397683620453,1.7010562419891357,-0.9731109142303467,-0.3136526644229889
K,0.0,0.0,0.0,0.13717466592788696,-0.14193111658096313,-0.09010990709066391,0.27496084570884705,-0.3581855595111847,-0.13165394961833954,0.407802015542984,-0.5423443913459778,-0.16866277158260345,0.48075026273727417,-0.6698548793792725,-0.19592764973640442,0.3105228841304779,-0.9248215556144714,-0.036544401198625565,0.4538344740867615,-1.1896775960922241,-0.09884534031152725,0.4784790277481079,-1.0970115661621094,-0.1458943784236908,0.45140382647514343,-0.985665500164032,-0.1701185703277588,0.26167169213294983,-0.9649671316146851,-0.01913955621421337,0.38305842876434326,-1.2847342491149902,-0.06889964640140533,0.4000977575778961,-1.1632568836212158,-0.10388647019863129,0.3786998391151428,-1.018226981163025,-0.12246079742908478,0.21691320836544037,-0.941430926322937,-0.017110036686062813,0.33302947878837585,-1.2310471534729004,-0.06277693063020706,0.3415915071964264,-1.1169381141662598,-0.08656153827905655,0.3106144666671753,-0.9828928112983704,-0.09579518437385559,0.1605311632156372,-0.8557291626930237,-0.02359011583030224,0.27432116866111755,-1.0269474983215332,-0.04675868898630142,0.30815690755844116,-1.0218230485916138,-0.05952102318406105,0.30339866876602173,-0.987355649471283,-0.06590460240840912,0.0,0.0,0.0,0.200428307056427,-0.04456333443522453,-0.2360507994890213,0.5127800107002258,-0.2340337336063385,-0.2822026312351227,0.8246458768844604,-0.40565750002861023,-0.27785471081733704,1.0174145698547363,-0.5914127230644226,-0.2521093487739563,0.57402104139328,-0.765308141708374,-0.12975886464118958,0.7219980359077454,-1.1083945035934448,-0.18255272507667542,0.8165830969810486,-1.3248335123062134,-0.2508390545845032,0.8695129752159119,-1.5065438747406006,-0.2966475784778595,0.6285983920097351,-0.7776238918304443,-0.012856235727667809,0.8976885676383972,-1.0952117443084717,-0.03721843287348747,1.051508903503418,-1.1061984300613403,-0.08903216570615768,1.1152491569519043,-1.0537844896316528,-0.12863759696483612,0.6635962724685669,-0.7232791185379028,0.08018478006124496,0.9528043866157532,-0.9559628367424011,0.04269534349441528,1.0451663732528687,-0.8939595818519592,-0.01932453364133835,1.0633403062820435,-0.8089919686317444,-0.05934521555900574,0.6831508874893188,-0.6455696225166321,0.15212343633174896,0.8765633702278137,-0.7480560541152954,0.11178643256425858,0.9445722103118896,-0.6844881772994995,0.06527592241764069,0.9554758667945862,-0.6031548380851746,0.03557280823588371
K,0.0,0.0,0.0,0.36133989691734314,-0.15087193250656128,0.04447074607014656,0.51190185546875,-0.3405296504497528,-0.024571435526013374,0.6253140568733215,-0.41782259941101074,-0.13972286880016327,0.6462965607643127,-0.47876545786857605,-0.24086283147335052,0.26634663343429565,-0.9833528399467468,-0.009895510971546173,0.2718202471733093,-1.3515218496322632,-0.12369737029075623,0.2594403326511383,-1.6038962602615356,-0.20060069859027863,0.22194279730319977,-1.8310476541519165,-0.259560227394104,0.14686495065689087,-0.9819437265396118,-0.11923588067293167,0.5160261392593384,-0.7817432284355164,-0.27315640449523926,0.568376898765564,-0.5264366865158081,-0.2988640069961548,0.519416868686676,-0.4677724242210388,-0.2989451289176941,0.09773556888103485,-0.8689152598381042,-0.2325514256954193,0.5353717803955078,-0.5061652064323425,-0.3494173586368561,0.5440343022346497,-0.3142967224121094,-0.2983093857765198,0.4492548108100891,-0.31640586256980896,-0.25113165378570557,0.10370918363332748,-0.6836959719657898,-0.3526062071323395,0.4718437194824219,-0.3400198817253113,-0.38606420159339905,0.46414095163345337,-0.21273595094680786,-0.3315129578113556,0.3662496507167816,-0.2527870535850525,-0.28992271423339844,0.0,0.0,0.0,0.0,0.0,0.0,0.0,0.0,0.0,0.0,0.0,0.0,0.0,0.0,0.0,0.0,0.0,0.0,0.0,0.0,0.0,0.0,0.0,0.0,0.0,0.0,0.0,0.0,0.0,0.0,0.0,0.0,0.0,0.0,0.0,0.0,0.0,0.0,0.0,0.0,0.0,0.0,0.0,0.0,0.0,0.0,0.0,0.0,0.0,0.0,0.0,0.0,0.0,0.0,0.0,0.0,0.0,0.0,0.0,0.0,0.0,0.0,0.0
K,0.0,0.0,0.0,0.32060709595680237,-0.08727488666772842,-0.03619915992021561,0.5447006821632385,-0.2726667821407318,-0.13843412697315216,0.7094276547431946,-0.38155966997146606,-0.25825226306915283,0.7783956527709961,-0.39445921778678894,-0.3759167492389679,0.43128904700279236,-0.9394623637199402,-0.16646718978881836,0.5136293172836304,-1.3355295658111572,-0.3203175365924835,0.6107931137084961,-1.6255109310150146,-0.4316239058971405,0.6681533455848694,-1.8556796312332153,-0.5124923586845398,0.2820291817188263,-0.9256237149238586,-0.25234928727149963,0.6732796430587769,-0.8460476398468018,-0.44191938638687134,0.6757127046585083,-0.59361332654953,-0.47255367040634155,0.5888858437538147,-0.46752873063087463,-0.4627690315246582,0.14317788183689117,-0.7824236154556274,-0.3390461802482605,0.5415900945663452,-0.548728883266449,-0.5092852711677551,0.5012177228927612,-0.3324432373046875,-0.44071894884109497,0.40968969464302063,-0.2785400152206421,-0.363728404045105,0.029493186622858047,-0.5599091649055481,-0.43202170729637146,0.3622001111507416,-0.36404067277908325,-0.5162879228591919,0.32944318652153015,-0.203291118144989,-0.4287247955799103,0.2371322363615036,-0.17796044051647186,-0.3492691218852997,0.0,0.0,0.0,0.39644476771354675,-0.24770981073379517,0.010867145843803883,0.6138340830802917,-0.5011405944824219,-0.039064232259988785,0.7314043045043945,-0.6354143619537354,-0.12554961442947388,0.8020817041397095,-0.6946530342102051,-0.21200229227542877,0.5009014010429382,-0.9684448838233948,-0.0487489253282547,0.6108531355857849,-1.2783969640731812,-0.14920341968536377,0.6914469003677368,-1.4357006549835205,-0.2153942883014679,0.7480747103691101,-1.571819543838501,-0.2682446539402008,0.3723702132701874,-0.9182966351509094,-0.13443152606487274,0.781111478805542,-0.841799259185791,-0.2977089583873749,0.7837176322937012,-0.6106255054473877,-0.3402286171913147,0.687155544757843,-0.5008044838905334,-0.34656694531440735,0.2831892669200897,-0.775145411491394,-0.22156672179698944,0.675098180770874,-0.6231842041015625,-0.35091322660446167,0.6276946067810059,-0.43609631061553955,-0.3328478932380676,0.5103253126144409,-0.3896162807941437,-0.30234500765800476,0.23525187373161316,-0.5997874736785889,-0.3135121762752533,0.5332638025283813,-0.45104095339775085,-0.36360517144203186,0.49649596214294434,-0.33741262555122375,-0.3321670889854431,0.3880006968975067,-0.32847943902015686,-0.3026331961154938
K,0.0,0.0,0.0,0.0,0.0,0.0,0.0,0.0,0.0,0.0,0.0,0.0,0.0,0.0,0.0,0.0,0.0,0.0,0.0,0.0,0.0,0.0,0.0,0.0,0.0,0.0,0.0,0.0,0.0,0.0,0.0,0.0,0.0,0.0,0.0,0.0,0.0,0.0,0.0,0.0,0.0,0.0,0.0,0.0,0.0,0.0,0.0,0.0,0.0,0.0,0.0,0.0,0.0,0.0,0.0,0.0,0.0,0.0,0.0,0.0,0.0,0.0,0.0,0.0,0.0,0.0,-0.2535928189754486,-0.2907652258872986,-0.0479993000626564,-0.4455263614654541,-0.630465030670166,-0.13349321484565735,-0.6830844879150391,-0.758966863155365,-0.23844817280769348,-0.9065555334091187,-0.7782179117202759,-0.34911808371543884,0.00977945514023304,-1.0208008289337158,-0.10070100426673889,-0.05310362949967384,-1.4189352989196777,-0.23796993494033813,-0.061780042946338654,-1.6668691635131836,-0.33286115527153015,-0.058845918625593185,-1.8897072076797485,-0.4183925688266754,0.21111156046390533,-0.9610567092895508,-0.1783306896686554,-0.1578574925661087,-1.0852466821670532,-0.36672812700271606,-0.2146742045879364,-0.8071639537811279,-0.38353121280670166,-0.1118411049246788,-0.6881171464920044,-0.3708135187625885,0.33121225237846375,-0.8033837080001831,-0.27003613114356995,-0.08346035331487656,-0.8221611380577087,-0.4091285467147827,-0.11849027127027512,-0.5960981249809265,-0.324676513671875,0.0013967587146908045,-0.5346187949180603,-0.2561238408088684,0.38303935527801514,-0.6038480401039124,-0.3759535253047943,0.041510067880153656,-0.5910235047340393,-0.4683050215244293,-0.004044311586767435,-0.44526731967926025,-0.4174492061138153,0.09691447019577026,-0.40153738856315613,-0.3711051344871521
K,0.0,0.0,0.0,0.3781791925430298,-0.03638181835412979,-0.040104951709508896,0.6454676985740662,-0.21002449095249176,-0.1537059098482132,0.8936842679977417,-0.27721107006073,-0.28710293769836426,1.1477210521697998,-0.2614727020263672,-0.41651466488838196,0.4875311851501465,-0.9048821926116943,-0.223450168967247,0.6598681807518005,-1.3238261938095093,-0.3927971422672272,0.7805864810943604,-1.6196130514144897,-0.4897400736808777,0.8504192233085632,-1.868687629699707,-0.5536423325538635,0.3417676091194153,-0.8859086036682129,-0.31362536549568176,0.7565876841545105,-1.0299805402755737,-0.49921542406082153,0.9145243167877197,-0.787818431854248,-0.5246167778968811,0.9366959929466248,-0.5894075632095337,-0.5110473036766052,0.23067204654216766,-0.7059583067893982,-0.4018471837043762,0.722261905670166,-0.5266042947769165,-0.5714403390884399,0.7711639404296875,-0.2639777362346649,-0.5016186833381653,0.6937198638916016,-0.14994770288467407,-0.42087459564208984,0.16763387620449066,-0.43495795130729675,-0.4961183965206146,0.5794116854667664,-0.3141079545021057,-0.5828083157539368,0.6306155920028687,-0.11873508244752884,-0.49462229013442993,0.5577341914176941,-0.02434481866657734,-0.4120642840862274,0.0,0.0,0.0,0.0,0.0,0.0,0.0,0.0,0.0,0.0,0.0,0.0,0.0,0.0,0.0,0.0,0.0,0.0,0.0,0.0,0.0,0.0,0.0,0.0,0.0,0.0,0.0,0.0,0.0,0.0,0.0,0.0,0.0,0.0,0.0,0.0,0.0,0.0,0.0,0.0,0.0,0.0,0.0,0.0,0.0,0.0,0.0,0.0,0.0,0.0,0.0,0.0,0.0,0.0,0.0,0.0,0.0,0.0,0.0,0.0,0.0,0.0,0.0
K,0.0,0.0,0.0,0.3698059320449829,0.015726648271083832,-0.008831588551402092,0.6833693385124207,-0.18350452184677124,-0.016094259917736053,0.886383056640625,-0.36802735924720764,-0.04707476124167442,1.0837700366973877,-0.4782116115093231,-0.07019738852977753,0.701564610004425,-0.727708637714386,0.08569560199975967,0.9801310896873474,-0.6905255913734436,-0.0421619787812233,1.1297880411148071,-0.5891726016998291,-0.13237442076206207,1.1967110633850098,-0.4556085467338562,-0.16994190216064453,0.5667598843574524,-0.8231749534606934,0.034152209758758545,0.908124566078186,-0.681444525718689,-0.11311020702123642,0.9111549258232117,-0.3502936363220215,-0.15326246619224548,0.8431472182273865,-0.1308995485305786,-0.1310817152261734,0.40697431564331055,-0.8414134383201599,-0.035607729107141495,0.7470721006393433,-0.6117146611213684,-0.18796442449092865,0.7248936891555786,-0.3164457082748413,-0.15702438354492188,0.6381390690803528,-0.15671725571155548,-0.07810118794441223,0.22489729523658752,-0.8025316596031189,-0.10954223573207855,0.5361359715461731,-0.6267951726913452,-0.1916726678609848,0.5610107779502869,-0.42870476841926575,-0.1438322365283966,0.5042348504066467,-0.31679844856262207,-0.06827032566070557,0.0,0.0,0.0,-0.30402007699012756,-0.09920484572649002,-0.0597136951982975,-0.5282105803489685,-0.3286004960536957,-0.13996902108192444,-0.6627251505851746,-0.4577638804912567,-0.2338554561138153,-0.7288839221000671,-0.4476030468940735,-0.33841827511787415,-0.3877609372138977,-0.9850969314575195,-0.14795155823230743,-0.4560278654098511,-1.415244698524475,-0.3115323781967163,-0.5469609498977661,-1.703995943069458,-0.40910783410072327,-0.5891425609588623,-1.9487919807434082,-0.4767293930053711,-0.18530212342739105,-0.9580113887786865,-0.21880875527858734,-0.620076596736908,-0.9087347388267517,-0.4162740111351013,-0.6797103881835938,-0.6336587071418762,-0.44065943360328674,-0.6003432869911194,-0.5025976300239563,-0.42060261964797974,-0.028068294748663902,-0.7838361859321594,-0.3004843294620514,-0.4547220766544342,-0.5621090531349182,-0.4973694980144501,-0.462239146232605,-0.3292003870010376,-0.43179401755332947,-0.3624351918697357,-0.2781570851802826,-0.338230162858963,0.07976262271404266,-0.5434758067131042,-0.3890979588031769,-0.2714226245880127,-0.37795305252075195,-0.5319435000419617,-0.2793535590171814,-0.20576804876327515,-0.48037129640579224,-0.1903335452079773,-0.18017037212848663,-0.4043743908405304
L,0.0,0.0,0.0,0.0065109701827168465,-0.29869216680526733,-0.5406761169433594,-0.06191635504364967,-0.46823742985725403,-0.8700998425483704,-0.16999506950378418,-0.7268186807632446,-1.1230928897857666,-0.27668851613998413,-0.9868688583374023,-1.373462200164795,-0.12845417857170105,0.1298166960477829,-1.0317236185073853,-0.43206432461738586,0.22040040791034698,-1.5595439672470093,-0.7875156402587891,0.22312262654304504,-1.8989500999450684,-1.1233881711959839,0.16750267148017883,-2.0845489501953125,-0.3739815354347229,0.17168526351451874,-0.9114065766334534,-0.8513344526290894,0.1062198355793953,-1.4505575895309448,-1.2457678318023682,0.12520886957645416,-1.7385027408599854,-1.4781402349472046,0.14161598682403564,-1.947063684463501,-0.48572397232055664,0.05734274163842201,-0.8112836480140686,-0.9694395661354065,-0.0739305391907692,-1.3697254657745361,-1.348421573638916,-0.1479550451040268,-1.6119463443756104,-1.6084517240524292,-0.12843729555606842,-1.7287580966949463,-0.5158432722091675,-0.10759079456329346,-0.7363050580024719,-0.9380552768707275,-0.32161393761634827,-1.1331268548965454,-1.2760264873504639,-0.43437138199806213,-1.2952929735183716,-1.5491288900375366,-0.5021638870239258,-1.4095383882522583,0.0,0.0,0.0,-0.0035733135882765055,-0.4514876902103424,0.06476283818483353,-0.25371065735816956,-0.767550528049469,0.05349825322628021,-0.5553735494613647,-0.8540937900543213,0.03808709979057312,-0.8085227012634277,-0.8247997760772705,0.010678060352802277,-0.503227949142456,-0.8737468123435974,-0.1280481517314911,-0.7978514432907104,-1.2409858703613281,-0.15165984630584717,-0.9118485450744629,-1.4382333755493164,-0.16340631246566772,-0.9997920393943787,-1.6119019985198975,-0.17801211774349213,-0.7038536071777344,-0.6910972595214844,-0.16423965990543365,-1.0998395681381226,-0.9610740542411804,-0.1420661062002182,-1.0083357095718384,-0.943881094455719,-0.0724971741437912,-0.877777099609375,-0.8959446549415588,-0.039459098130464554,-0.8392771482467651,-0.4891667366027832,-0.17773766815662384,-1.1035661697387695,-0.7239665389060974,-0.11215244978666306,-0.9438198804855347,-0.7307112812995911,-0.004785814788192511,-0.8098583221435547,-0.6786363124847412,0.04296032339334488,-0.9052696228027344,-0.2964065372943878,-0.18686532974243164,-1.0597718954086304,-0.5157320499420166,-0.11620675027370453,-0.9275599122047424,-0.5346082448959351,-0.014935886487364769,-0.819373369216919,-0.49495458602905273,0.04945363849401474
L,0.0,0.0,0.0,-0.17488552629947662,-0.3672522008419037,-0.00719523336738348,-0.3642291724681854,-0.6561379432678223,-0.0040196445770561695,-0.5301634669303894,-0.8724504709243774,-0.015961866825819016,-0.6330594420433044,-1.0314388275146484,-0.030267760157585144,-0.7647116780281067,-0.7311261296272278,0.07500967383384705,-1.0434092283248901,-0.9150781631469727,0.059050798416137695,-1.2081470489501953,-1.0231013298034668,0.022373631596565247,-1.35440993309021,-1.1231670379638672,-0.011493399739265442,-0.7890254259109497,-0.6126565933227539,0.04572546109557152,-1.1096642017364502,-0.7861247062683105,0.027906786650419235,-1.3030154705047607,-0.8970373272895813,-0.01992940343916416,-1.4712010622024536,-0.9954818487167358,-0.06253153085708618,-0.753119707107544,-0.47848793864250183,0.007131059654057026,-1.0292023420333862,-0.59712153673172,-0.014925578609108925,-1.2130391597747803,-0.6912155151367188,-0.048167236149311066,-1.381390929222107,-0.7807843089103699,-0.0797608345746994,-0.6588020920753479,-0.3219163417816162,-0.03658879175782204,-0.870417058467865,-0.38230666518211365,-0.06246130168437958,-1.0203584432601929,-0.43514877557754517,-0.0791352167725563,-1.1700966358184814,-0.49475541710853577,-0.09478802233934402,0.0,0.0,0.0,0.15272925794124603,-0.3046598434448242,-0.30795732140541077,0.061440885066986084,-0.4889287054538727,-0.5007786154747009,-0.010527675040066242,-0.537946879863739,-0.6480863690376282,-0.06638076156377792,-0.4474838078022003,-0.81092768907547,-0.5905606746673584,-0.2805948257446289,-0.5119338631629944,-1.0339181423187256,-0.3550349175930023,-0.694484531879425,-1.3161556720733643,-0.3728233873844147,-0.8064932823181152,-1.6704738140106201,-0.3489747643470764,-0.8867769241333008,-0.8969030380249023,0.03643641993403435,-0.4407236874103546,-1.4576056003570557,0.013060283847153187,-0.6029263138771057,-1.8137922286987305,0.012542140670120716,-0.703987717628479,-2.194932222366333,0.018710507079958916,-0.7971221804618835,-1.0364649295806885,0.3149779140949249,-0.38256001472473145,-1.633505940437317,0.35136905312538147,-0.5335850715637207,-2.008115291595459,0.36073485016822815,-0.6435450911521912,-2.3800830841064453,0.3715783655643463,-0.729823648929596,-1.0509259700775146,0.5545834302902222,-0.3427393436431885,-1.5690703392028809,0.6817302703857422,-0.46163856983184814,-1.8946235179901123,0.744206428527832,-0.5439125895500183,-2.202833414077759,0.7838009595870972,-0.6178273558616638
L,0.0,0.0,0.0,0.04910095036029816,-0.3072678744792938,-0.13035884499549866,-0.003393925493583083,-0.5463178753852844,-0.30966296792030334,-0.009746203199028969,-0.7548779249191284,-0.47866418957710266,-0.025449851527810097,-0.9355936050415039,-0.6737866401672363,-0.3420865833759308,-0.7388108372688293,-0.547755777835846,-0.5913363695144653,-1.119824767112732,-0.8427249789237976,-0.7694792747497559,-1.3726693391799927,-1.030256748199463,-0.9064393043518066,-1.5867998600006104,-1.1569510698318481,-0.43076151609420776,-0.623117983341217,-0.6528158783912659,-0.7391214370727539,-0.9945638179779053,-0.9249780774116516,-0.9496387243270874,-1.2639245986938477,-1.0875327587127686,-1.1145710945129395,-1.4905530214309692,-1.2116302251815796,-0.4712733030319214,-0.4109545648097992,-0.75251305103302,-0.7885444164276123,-0.6996512413024902,-1.00608229637146,-0.9786523580551147,-0.9262165427207947,-1.1494485139846802,-1.1348259449005127,-1.1291471719741821,-1.257508635520935,-0.4576474130153656,-0.15412628650665283,-0.8524523973464966,-0.7299857139587402,-0.245059996843338,-1.1106804609298706,-0.9177759885787964,-0.3204687535762787,-1.2243812084197998,-1.1004868745803833,-0.3916165828704834,-1.3015474081039429,0.0,0.0,0.0,0.0,0.0,0.0,0.0,0.0,0.0,0.0,0.0,0.0,0.0,0.0,0.0,0.0,0.0,0.0,0.0,0.0,0.0,0.0,0.0,0.0,0.0,0.0,0.0,0.0,0.0,0.0,0.0,0.0,0.0,0.0,0.0,0.0,0.0,0.0,0.0,0.0,0.0,0.0,0.0,0.0,0.0,0.0,0.0,0.0,0.0,0.0,0.0,0.0,0.0,0.0,0.0,0.0,0.0,0.0,0.0,0.0,0.0,0.0,0.0
L,0.0,0.0,0.0,0.0,0.0,0.0,0.0,0.0,0.0,0.0,0.0,0.0,0.0,0.0,0.0,0.0,0.0,0.0,0.0,0.0,0.0,0.0,0.0,0.0,0.0,0.0,0.0,0.0,0.0,0.0,0.0,0.0,0.0,0.0,0.0,0.0,0.0,0.0,0.0,0.0,0.0,0.0,0.0,0.0,0.0,0.0,0.0,0.0,0.0,0.0,0.0,0.0,0.0,0.0,0.0,0.0,0.0,0.0,0.0,0.0,0.0,0.0,0.0,0.0,0.0,0.0,0.03812049701809883,-0.3856932818889618,-0.11922762542963028,0.31882259249687195,-0.7374974489212036,-0.21881850063800812,0.5742928385734558,-0.9701780676841736,-0.30647507309913635,0.7608579397201538,-1.2140482664108276,-0.4081710875034332,0.6985495686531067,-0.7087240815162659,-0.3288138508796692,1.0814131498336792,-0.9778081774711609,-0.5334755182266235,1.3552616834640503,-1.1564109325408936,-0.6707006096839905,1.6090322732925415,-1.3007432222366333,-0.7689999938011169,0.7579305768013,-0.5109358429908752,-0.4055687487125397,1.1555521488189697,-0.7556871771812439,-0.6054105162620544,1.467829942703247,-0.9378762245178223,-0.7429105043411255,1.7544883489608765,-1.0821679830551147,-0.8410183191299438,0.73045414686203,-0.25088033080101013,-0.48671796917915344,1.1568635702133179,-0.41284748911857605,-0.6948893070220947,1.4784369468688965,-0.5105235576629639,-0.8020135164260864,1.760786533355713,-0.6118518114089966,-0.8736451864242554,0.6346256732940674,0.038606174290180206,-0.5702688694000244,0.9546765685081482,-0.0027233173605054617,-0.7716747522354126,1.1960638761520386,-0.055231884121894836,-0.8465732932090759,1.4168634414672852,-0.12806545197963715,-0.894066572189331
L,0.0,0.0,0.0,0.4579267203807831,0.03362603485584259,-0.0494828037917614,0.7867944836616516,0.02696828544139862,-0.20727287232875824,0.9906986355781555,0.049941204488277435,-0.39545753598213196,0.9823448657989502,0.07212388515472412,-0.5897102952003479,0.804754912853241,-0.647761881351471,-0.3052530288696289,1.0898135900497437,-0.9083303809165955,-0.5520772337913513,1.3113324642181396,-1.1431894302368164,-0.717157781124115,1.4792993068695068,-1.3421106338500977,-0.8324952721595764,0.5853850841522217,-0.6939325332641602,-0.4192635118961334,1.0347404479980469,-0.27770665287971497,-0.671232283115387,0.8761098980903625,-0.15627697110176086,-0.6983126997947693,0.7064113616943359,-0.20771872997283936,-0.698157548904419,0.3431282341480255,-0.5656157732009888,-0.5335705876350403,0.7689545154571533,-0.07654184848070145,-0.7350316047668457,0.6016234159469604,-0.047396279871463776,-0.661969780921936,0.4725322127342224,-0.14826397597789764,-0.5985762476921082,0.11784032732248306,-0.353145569562912,-0.6604540348052979,0.44444429874420166,0.03234854340553284,-0.766807496547699,0.3342374265193939,0.04596828669309616,-0.6900339126586914,0.21680444478988647,-0.04732228443026543,-0.6227211356163025,0.0,0.0,0.0,0.0,0.0,0.0,0.0,0.0,0.0,0.0,0.0,0.0,0.0,0.0,0.0,0.0,0.0,0.0,0.0,0.0,0.0,0.0,0.0,0.0,0.0,0.0,0.0,0.0,0.0,0.0,0.0,0.0,0.0,0.0,0.0,0.0,0.0,0.0,0.0,0.0,0.0,0.0,0.0,0.0,0.0,0.0,0.0,0.0,0.0,0.0,0.0,0.0,0.0,0.0,0.0,0.0,0.0,0.0,0.0,0.0,0.0,0.0,0.0
L,0.0,0.0,0.0,0.13495709002017975,-0.3543621301651001,-0.03736542537808418,0.3229449689388275,-0.6745714545249939,-0.024395355954766273,0.4847528040409088,-0.9012081027030945,-0.017324524000287056,0.5943139791488647,-1.0731749534606934,-0.009905940853059292,0.7357468008995056,-0.7682647109031677,0.09324175864458084,1.011156678199768,-0.9667856693267822,0.09377402812242508,1.16194486618042,-1.0721924304962158,0.07380259782075882,1.2996282577514648,-1.1621999740600586,0.05364178493618965,0.7607812285423279,-0.6433737874031067,0.08533511310815811,1.0597407817840576,-0.8134670257568359,0.09351339191198349,1.2344281673431396,-0.9134030938148499,0.06899073719978333,1.405019998550415,-1.0084114074707031,0.042921874672174454,0.7297573685646057,-0.5024151802062988,0.059431593865156174,0.990155816078186,-0.6105193495750427,0.046857982873916626,1.1540158987045288,-0.686052143573761,0.020876720547676086,1.3188209533691406,-0.7676645517349243,-0.0027985060587525368,0.6500619649887085,-0.3362191915512085,0.02648109942674637,0.8227856159210205,-0.3787134885787964,0.01066662184894085,0.9496408700942993,-0.42225971817970276,0.0005859252996742725,1.0864641666412354,-0.4770039916038513,-0.01114230789244175,0.0,0.0,0.0,-0.053709033876657486,-0.546682596206665,-0.14134377241134644,0.09054218977689743,-1.1097307205200195,-0.20791830122470856,0.22021688520908356,-1.5249440670013428,-0.25933754444122314,0.2610071301460266,-1.8893622159957886,-0.3155171871185303,0.6602171063423157,-0.9468140006065369,-0.14623123407363892,0.9715744256973267,-1.2472416162490845,-0.23431478440761566,1.172489881515503,-1.4212981462478638,-0.31169846653938293,1.3504441976547241,-1.5575532913208008,-0.37486356496810913,0.7784990668296814,-0.6059015393257141,-0.1637754738330841,1.1624988317489624,-0.8209782838821411,-0.23804612457752228,1.4061459302902222,-0.9589691162109375,-0.3205544948577881,1.6103105545043945,-1.074323296546936,-0.3880501091480255,0.7993777394294739,-0.24989089369773865,-0.1980770230293274,1.1639056205749512,-0.3484114706516266,-0.29820549488067627,1.3999519348144531,-0.41623756289482117,-0.3817165493965149,1.6006038188934326,-0.4957674741744995,-0.4423229992389679,0.7455300092697144,0.09925233572721481,-0.24261432886123657,1.0362379550933838,0.14030271768569946,-0.34990641474723816,1.2298730611801147,0.16507907211780548,-0.40251466631889343,1.4076459407806396,0.16660445928573608,-0.437980055809021
L,0.0,0.0,0.0,0.1300184279680252,-0.4747549593448639,0.13453511893749237,0.23974788188934326,-0.9233997464179993,0.21398629248142242,0.2974124252796173,-1.2659375667572021,0.25240060687065125,0.33536961674690247,-1.5525450706481934,0.2970859706401825,0.3434683084487915,-1.0977058410644531,0.28593528270721436,0.5619601607322693,-1.2142237424850464,0.33624163269996643,0.6918661594390869,-1.1363216638565063,0.35464391112327576,0.7851721048355103,-1.0353230237960815,0.37392324209213257,0.3591572046279907,-0.907916247844696,0.21608833968639374,0.5853293538093567,-1.0068740844726562,0.295728474855423,0.7059486508369446,-0.9198029637336731,0.30067557096481323,0.7984870076179504,-0.8285834193229675,0.2958565056324005,0.3590545654296875,-0.7034421563148499,0.13824443519115448,0.5089378952980042,-0.8320981860160828,0.2017170488834381,0.5424845218658447,-0.8073808550834656,0.19590164721012115,0.5478651523590088,-0.7883087992668152,0.18084308505058289,0.35130441188812256,-0.49645841121673584,0.06788025796413422,0.3986574411392212,-0.7564507722854614,0.11898694187402725,0.40738245844841003,-0.9048887491226196,0.13088242709636688,0.40038710832595825,-1.046892523765564,0.1356026828289032,0.0,0.0,0.0,0.021722672507166862,-0.9877363443374634,-0.05127471685409546,0.15266264975070953,-1.7402381896972656,0.02372114732861519,0.2713851034641266,-2.2967517375946045,0.09050340205430984,0.26011696457862854,-2.7870709896087646,0.15855060517787933,0.6861848831176758,-1.0624713897705078,0.31885161995887756,1.0192029476165771,-1.1195882558822632,0.38922813534736633,1.2176988124847412,-1.0833359956741333,0.39070767164230347,1.392600178718567,-1.0145108699798584,0.3782031834125519,0.80486661195755,-0.5028510689735413,0.31516748666763306,1.1936055421829224,-0.4317156672477722,0.41630157828330994,1.4236767292022705,-0.37003079056739807,0.4048875570297241,1.6353118419647217,-0.2797073721885681,0.37723857164382935,0.8285638689994812,0.014231142587959766,0.2721390426158905,1.187554121017456,0.23944059014320374,0.31622666120529175,1.4164836406707764,0.4064466059207916,0.278997004032135,1.6383299827575684,0.5704517364501953,0.2266618311405182,0.7870922088623047,0.4918174743652344,0.21793514490127563,1.0101498365402222,0.7531207203865051,0.22294047474861145,1.1036815643310547,0.9252183437347412,0.2300243377685547,1.1987354755401611,1.0899018049240112,0.22237472236156464
L,0.0,0.0,0.0,0.014041179791092873,-0.4642263650894165,-0.005509211681783199,-0.1294848620891571,-0.9062001705169678,-0.06371594965457916,-0.36013591289520264,-1.250588059425354,-0.14567822217941284,-0.473908931016922,-1.5247657299041748,-0.22520005702972412,0.16669701039791107,-1.0478198528289795,-0.051100876182317734,-0.22933293879032135,-1.547040343284607,-0.2262447327375412,-0.4992543160915375,-1.8114508390426636,-0.3917316198348999,-0.7177520990371704,-2.042269229888916,-0.502932608127594,0.1412413865327835,-0.980688750743866,-0.1352793276309967,-0.26490768790245056,-1.5182368755340576,-0.28566718101501465,-0.5702822804450989,-1.8136156797409058,-0.4175443947315216,-0.8252519369125366,-2.0443015098571777,-0.5250921249389648,0.12131281197071075,-0.8927310109138489,-0.2300482988357544,-0.2575031816959381,-1.3519619703292847,-0.37127256393432617,-0.5298954844474792,-1.6365278959274292,-0.4558565616607666,-0.7789508104324341,-1.8671590089797974,-0.5246065855026245,0.11880218237638474,-0.7662452459335327,-0.328243613243103,-0.1406565010547638,-1.0513358116149902,-0.42756834626197815,-0.31649303436279297,-1.2602424621582031,-0.461374968290329,-0.4794692397117615,-1.4566351175308228,-0.49452683329582214,0.0,0.0,0.0,0.0,0.0,0.0,0.0,0.0,0.0,0.0,0.0,0.0,0.0,0.0,0.0,0.0,0.0,0.0,0.0,0.0,0.0,0.0,0.0,0.0,0.0,0.0,0.0,0.0,0.0,0.0,0.0,0.0,0.0,0.0,0.0,0.0,0.0,0.0,0.0,0.0,0.0,0.0,0.0,0.0,0.0,0.0,0.0,0.0,0.0,0.0,0.0,0.0,0.0,0.0,0.0,0.0,0.0,0.0,0.0,0.0,0.0,0.0,0.0
L,0.0,0.0,0.0,-0.09379478543996811,-0.34799593687057495,-0.13634604215621948,-0.3583076298236847,-0.6717407703399658,-0.24279265105724335,-0.556962788105011,-0.9451767802238464,-0.3418251872062683,-0.7407722473144531,-1.1896517276763916,-0.4568755328655243,-0.7154021859169006,-0.6511013507843018,-0.33954575657844543,-1.0863983631134033,-0.9191247224807739,-0.5554253458976746,-1.3397140502929688,-1.0912355184555054,-0.6940733790397644,-1.5593968629837036,-1.2405891418457031,-0.7915593981742859,-0.7800099849700928,-0.4729931056499481,-0.40970951318740845,-1.1586369276046753,-0.7255221009254456,-0.6382407546043396,-1.4304124116897583,-0.902704119682312,-0.7804451584815979,-1.6601877212524414,-1.0492855310440063,-0.877173125743866,-0.7499314546585083,-0.22624698281288147,-0.4856701195240021,-1.165642261505127,-0.3848710060119629,-0.7035142779350281,-1.4553130865097046,-0.49157217144966125,-0.8093594312667847,-1.6976394653320312,-0.5984526872634888,-0.8765658140182495,-0.6503984332084656,0.05387502908706665,-0.5668261051177979,-0.9552355408668518,-0.012590107508003712,-0.7696947455406189,-1.1708310842514038,-0.0807921513915062,-0.8503328561782837,-1.3723750114440918,-0.15161898732185364,-0.8973307013511658,0.0,0.0,0.0,0.0737897977232933,-0.5576138496398926,-0.030683226883411407,-0.07419051229953766,-1.0017178058624268,-0.028631797060370445,-0.2885453402996063,-1.307468056678772,-0.04142708331346512,-0.4384600818157196,-1.535508155822754,-0.05323868989944458,-0.20573700964450836,-1.0834087133407593,0.11752873659133911,-0.5661776065826416,-1.347866177558899,0.04354066029191017,-0.7959192395210266,-1.4640134572982788,-0.07071391493082047,-0.9766608476638794,-1.5836697816848755,-0.15132467448711395,-0.28449809551239014,-0.9543402194976807,0.09108021855354309,-0.6710214614868164,-1.2371327877044678,0.03206276148557663,-0.9313364028930664,-1.3883429765701294,-0.0911426693201065,-1.1272159814834595,-1.510405421257019,-0.19175748527050018,-0.336716890335083,-0.8058485984802246,0.04612749442458153,-0.7207748293876648,-1.0171847343444824,-0.012750652618706226,-0.952795147895813,-1.1564050912857056,-0.10970767587423325,-1.1272438764572144,-1.2797683477401733,-0.18766917288303375,-0.3488801419734955,-0.6427198052406311,-0.0054032769985497,-0.644513726234436,-0.7679766416549683,-0.04221516475081444,-0.8234734535217285,-0.8468775153160095,-0.07766025513410568,-0.9687913656234741,-0.9215990900993347,-0.11232153326272964
M,0.0,0.0,0.0,-0.02745317667722702,-0.426074355840683,-0.18406371772289276,-0.23110799491405487,-0.739404022693634,-0.25626811385154724,-0.4174511432647705,-1.0196202993392944,-0.3181089460849762,-0.4575139880180359,-1.2726808786392212,-0.3822269141674042,-0.8727958798408508,-0.48881796002388,-0.13095831871032715,-1.280550479888916,-0.5567615628242493,-0.21272122859954834,-1.5417503118515015,-0.5822215676307678,-0.2779775559902191,-1.745632290840149,-0.5826717615127563,-0.3352699875831604,-0.9667741656303406,-0.22266355156898499,-0.1255737841129303,-1.4291913509368896,-0.24567966163158417,-0.20446230471134186,-1.718321442604065,-0.24310527741909027,-0.28237026929855347,-1.952702522277832,-0.21695508062839508,-0.34255412220954895,-0.9473415613174438,0.02039000764489174,-0.14325952529907227,-1.3807681798934937,0.08340995013713837,-0.253282755613327,-1.658381700515747,0.13164569437503815,-0.3554280698299408,-1.8890377283096313,0.18437904119491577,-0.42758700251579285,-0.8500418066978455,0.23690032958984375,-0.177611842751503,-1.1406867504119873,0.40995675325393677,-0.30981481075286865,-1.3244433403015137,0.5149168372154236,-0.3958727717399597,-1.4917731285095215,0.5881456136703491,-0.44990283250808716,0.0,0.0,0.0,-0.0037330102641135454,-0.48770076036453247,0.008950317278504372,-0.1382191926240921,-1.0136997699737549,0.018852239474654198,-0.23395784199237823,-1.3970913887023926,0.009297419339418411,-0.3091547191143036,-1.6545511484146118,-0.017424942925572395,-0.4802655577659607,-1.0351346731185913,-0.07499529421329498,-0.9226370453834534,-1.2632837295532227,-0.20139262080192566,-1.1980303525924683,-1.2846890687942505,-0.30439162254333496,-1.430018424987793,-1.2662465572357178,-0.36627617478370667,-0.5621115565299988,-0.8115247488021851,-0.15955612063407898,-1.0734949111938477,-0.9505578875541687,-0.2601068913936615,-1.411191701889038,-0.9555717706680298,-0.37080681324005127,-1.6771892309188843,-0.9543392062187195,-0.4638771414756775,-0.57657390832901,-0.5487723350524902,-0.24849861860275269,-0.998786449432373,-0.6939327120780945,-0.3676425814628601,-1.3285953998565674,-0.722114086151123,-0.4796287715435028,-1.603291392326355,-0.758918046951294,-0.5693593621253967,-0.5405599474906921,-0.2894962430000305,-0.33203747868537903,-0.7769063711166382,-0.3780719041824341,-0.44324958324432373,-0.9622373580932617,-0.4029359519481659,-0.5029654502868652,-1.1453016996383667,-0.4435199201107025,-0.5505727529525757
M,0.0,0.0,0.0,0.0,0.0,0.0,0.0,0.0,0.0,0.0,0.0,0.0,0.0,0.0,0.0,0.0,0.0,0.0,0.0,0.0,0.0,0.0,0.0,0.0,0.0,0.0,0.0,0.0,0.0,0.0,0.0,0.0,0.0,0.0,0.0,0.0,0.0,0.0,0.0,0.0,0.0,0.0,0.0,0.0,0.0,0.0,0.0,0.0,0.0,0.0,0.0,0.0,0.0,0.0,0.0,0.0,0.0,0.0,0.0,0.0,0.0,0.0,0.0,0.0,0.0,0.0,-0.23296406865119934,-0.40805959701538086,0.154310941696167,-0.36685696244239807,-0.7516405582427979,0.20002412796020508,-0.4517313241958618,-0.9785633087158203,0.1744825690984726,-0.4980451166629791,-1.1745517253875732,0.14330239593982697,-0.3454989194869995,-0.9396538734436035,0.24744591116905212,-0.16632020473480225,-1.3167786598205566,0.11368827521800995,0.027151143178343773,-1.5606963634490967,-0.01970730535686016,0.22027751803398132,-1.7687150239944458,-0.10700521618127823,-0.36209654808044434,-0.927852988243103,0.08930200338363647,-0.11424993723630905,-1.3553483486175537,-0.019726676866412163,0.10452155023813248,-1.6111056804656982,-0.11813866347074509,0.32500022649765015,-1.8541604280471802,-0.1953505277633667,-0.4358300268650055,-0.867263674736023,-0.08920494467020035,-0.21857424080371857,-1.2443673610687256,-0.20029482245445251,-0.03439986705780029,-1.4806487560272217,-0.2680765390396118,0.15296700596809387,-1.6984987258911133,-0.31411635875701904,-0.5732055902481079,-0.7488077878952026,-0.2649575173854828,-0.4911533296108246,-0.9955264925956726,-0.32730305194854736,-0.3891848623752594,-1.1618331670761108,-0.34647783637046814,-0.2746974229812622,-1.3282971382141113,-0.36625510454177856
M,0.0,0.0,0.0,0.0,0.0,0.0,0.0,0.0,0.0,0.0,0.0,0.0,0.0,0.0,0.0,0.0,0.0,0.0,0.0,0.0,0.0,0.0,0.0,0.0,0.0,0.0,0.0,0.0,0.0,0.0,0.0,0.0,0.0,0.0,0.0,0.0,0.0,0.0,0.0,0.0,0.0,0.0,0.0,0.0,0.0,0.0,0.0,0.0,0.0,0.0,0.0,0.0,0.0,0.0,0.0,0.0,0.0,0.0,0.0,0.0,0.0,0.0,0.0,0.0,0.0,0.0,-0.5429377555847168,-0.05962439253926277,-0.022734710946679115,-0.8403863310813904,-0.19212490320205688,-0.08496244996786118,-1.0481798648834229,-0.23295195400714874,-0.16852423548698425,-1.260572075843811,-0.25543493032455444,-0.27708375453948975,-0.7891091704368591,-0.6810978055000305,-0.06908145546913147,-1.0289428234100342,-0.9408910870552063,-0.14743871986865997,-1.2117395401000977,-1.112910509109497,-0.23670326173305511,-1.3731433153152466,-1.2682994604110718,-0.31559059023857117,-0.7006059288978577,-0.6957341432571411,-0.15844659507274628,-0.9528229236602783,-0.9884141683578491,-0.2119494080543518,-1.154926061630249,-1.1862397193908691,-0.293470174074173,-1.3253862857818604,-1.3600977659225464,-0.37262752652168274,-0.6289643049240112,-0.6236623525619507,-0.25440695881843567,-0.8985804319381714,-0.8882365822792053,-0.3503909707069397,-1.1103376150131226,-1.0709322690963745,-0.4678296744823456,-1.2857747077941895,-1.1995823383331299,-0.5675123333930969,-0.6189422607421875,-0.4797857701778412,-0.3509158492088318,-0.9095371961593628,-0.5416873693466187,-0.4510209262371063,-1.0996607542037964,-0.4735426604747772,-0.49150410294532776,-1.249171495437622,-0.36672088503837585,-0.528770923614502
M,0.0,0.0,0.0,0.1115124523639679,-0.3715980052947998,0.05024508759379387,0.39524728059768677,-0.6705519556999207,0.00733162509277463,0.7238123416900635,-0.7458897233009338,-0.06442349404096603,0.935397744178772,-0.7258448600769043,-0.13627095520496368,0.3019144535064697,-0.9578940868377686,-0.06959715485572815,0.8537453413009644,-1.1822017431259155,-0.21007703244686127,1.1454471349716187,-1.2568764686584473,-0.2976105511188507,1.3281415700912476,-1.2953529357910156,-0.3395980894565582,0.3919629752635956,-0.8976995348930359,-0.20124736428260803,0.8881563544273376,-1.3435642719268799,-0.3752092123031616,1.1889278888702393,-1.6467455625534058,-0.47892671823501587,1.4006664752960205,-1.9261744022369385,-0.5198723673820496,0.5077041387557983,-0.7132473587989807,-0.3214164972305298,0.999090313911438,-1.1588746309280396,-0.4891774654388428,1.2456802129745483,-1.3845713138580322,-0.538654088973999,1.3985222578048706,-1.5940953493118286,-0.535037100315094,0.6432331800460815,-0.41980165243148804,-0.4314897656440735,1.0386385917663574,-0.6764397621154785,-0.5090512037277222,1.066266655921936,-0.5634888410568237,-0.4320920407772064,1.0248574018478394,-0.41371485590934753,-0.34999462962150574,0.0,0.0,0.0,0.14399270713329315,-0.41243088245391846,-0.11341879516839981,0.48831906914711,-0.7847350835800171,-0.1977756768465042,0.7609277963638306,-1.0548162460327148,-0.27550244331359863,0.9754595160484314,-1.3224751949310303,-0.3647748827934265,0.8088425993919373,-0.6806839108467102,-0.26974135637283325,1.2101842164993286,-0.8648930788040161,-0.46004796028137207,1.4606659412384033,-0.9632503986358643,-0.5853598713874817,1.693257451057434,-1.0453438758850098,-0.6747345924377441,0.8169444799423218,-0.46454814076423645,-0.34175533056259155,1.2308228015899658,-0.6525747179985046,-0.5224091410636902,1.5102624893188477,-0.7934858798980713,-0.6439163684844971,1.757277250289917,-0.9112913012504578,-0.7321320176124573,0.7421926856040955,-0.19501689076423645,-0.42328786849975586,1.1530969142913818,-0.2936777174472809,-0.6201838850975037,1.4452199935913086,-0.37583422660827637,-0.7108349800109863,1.697689414024353,-0.4740336239337921,-0.7690120935440063,0.6075753569602966,0.09958212077617645,-0.5080245137214661,0.9192266464233398,0.08211169391870499,-0.6992489695549011,1.1445469856262207,0.024853067472577095,-0.7646046280860901,1.3452293872833252,-0.05461481586098671,-0.804449737071991
M,0.0,0.0,0.0,0.40829145908355713,-0.17635568976402283,0.052073705941438675,0.768781840801239,-0.38303080201148987,0.012584911659359932,1.0194565057754517,-0.4699423909187317,-0.05652380734682083,1.171309471130371,-0.509799063205719,-0.15246647596359253,0.7745524048805237,-0.6879777908325195,-0.17887385189533234,1.1984460353851318,-0.9764353036880493,-0.3463064432144165,1.4942233562469482,-1.097232460975647,-0.4575590193271637,1.7275633811950684,-1.1757164001464844,-0.5271313190460205,0.7055901288986206,-0.6289173364639282,-0.32650503516197205,1.147514820098877,-0.907420814037323,-0.4596031606197357,1.4519612789154053,-1.013966679573059,-0.5580058693885803,1.672563910484314,-1.0656719207763672,-0.6266195774078369,0.6091554760932922,-0.4573885500431061,-0.4625210464000702,1.0060327053070068,-0.6678102612495422,-0.6412786245346069,1.2938883304595947,-0.7838746309280396,-0.7768347263336182,1.4849212169647217,-0.859367311000824,-0.8720870614051819,0.5130749344825745,-0.2003740817308426,-0.584488570690155,0.86533123254776,-0.08291628211736679,-0.7451435923576355,1.0407806634902954,0.07074267417192459,-0.7915509343147278,1.126078486442566,0.24057213962078094,-0.820907711982727,0.0,0.0,0.0,0.0,0.0,0.0,0.0,0.0,0.0,0.0,0.0,0.0,0.0,0.0,0.0,0.0,0.0,0.0,0.0,0.0,0.0,0.0,0.0,0.0,0.0,0.0,0.0,0.0,0.0,0.0,0.0,0.0,0.0,0.0,0.0,0.0,0.0,0.0,0.0,0.0,0.0,0.0,0.0,0.0,0.0,0.0,0.0,0.0,0.0,0.0,0.0,0.0,0.0,0.0,0.0,0.0,0.0,0.0,0.0,0.0,0.0,0.0,0.0
M,0.0,0.0,0.0,0.19562366604804993,-0.39320963621139526,0.005741852335631847,0.3955169916152954,-0.6968749761581421,0.02056836523115635,0.5580304265022278,-0.9070220589637756,0.023587560281157494,0.6750059127807617,-1.0587551593780518,0.026183826848864555,0.7292136549949646,-0.7349954843521118,0.12795408070087433,1.0150092840194702,-0.9046275615692139,0.13511140644550323,1.2010679244995117,-0.998020350933075,0.11008663475513458,1.36016845703125,-1.0790823698043823,0.08784519881010056,0.7609049677848816,-0.6394537091255188,0.11010239273309708,1.059533953666687,-0.7849311828613281,0.122487373650074,1.283494234085083,-0.8954416513442993,0.09271898120641708,1.468208909034729,-0.9754986763000488,0.06572520732879639,0.7512289881706238,-0.5226673483848572,0.08159956336021423,1.0149352550506592,-0.6421687006950378,0.09789075702428818,1.211766004562378,-0.7338688373565674,0.08475696295499802,1.3839529752731323,-0.8094610571861267,0.06835290044546127,0.6815469264984131,-0.3712785840034485,0.04878426343202591,0.8997828960418701,-0.47321245074272156,0.0654027983546257,1.0562127828598022,-0.5502862334251404,0.07396475225687027,1.196702003479004,-0.6097265481948853,0.07600579410791397,0.0,0.0,0.0,-0.09206026047468185,-0.6179543733596802,-0.20678114891052246,0.006661106366664171,-1.1652114391326904,-0.3362889885902405,0.13833419978618622,-1.5975030660629272,-0.43743884563446045,0.21572773158550262,-2.0158627033233643,-0.5403258800506592,0.637697696685791,-0.9686724543571472,-0.25523144006729126,1.00551438331604,-1.1983728408813477,-0.37589243054389954,1.2442878484725952,-1.317662000656128,-0.4697803854942322,1.443688154220581,-1.4115201234817505,-0.5381699800491333,0.752595841884613,-0.6119722723960876,-0.24308298528194427,1.1790492534637451,-0.8096057176589966,-0.3405395448207855,1.451202154159546,-0.9373152852058411,-0.42783981561660767,1.6793309450149536,-1.038453221321106,-0.49583715200424194,0.7746016979217529,-0.24506144225597382,-0.24937215447425842,1.1775482892990112,-0.3764110505580902,-0.34981146454811096,1.423526644706726,-0.4820061922073364,-0.43386879563331604,1.633158564567566,-0.5780329704284668,-0.49640360474586487,0.7383660078048706,0.1289246827363968,-0.2708115577697754,1.056602120399475,0.13772231340408325,-0.36875757575035095,1.2541892528533936,0.13547146320343018,-0.4218466579914093,1.4346269369125366,0.11315441131591797,-0.45724520087242126
M,0.0,0.0,0.0,0.0,0.0,0.0,0.0,0.0,0.0,0.0,0.0,0.0,0.0,0.0,0.0,0.0,0.0,0.0,0.0,0.0,0.0,0.0,0.0,0.0,0.0,0.0,0.0,0.0,0.0,0.0,0.0,0.0,0.0,0.0,0.0,0.0,0.0,0.0,0.0,0.0,0.0,0.0,0.0,0.0,0.0,0.0,0.0,0.0,0.0,0.0,0.0,0.0,0.0,0.0,0.0,0.0,0.0,0.0,0.0,0.0,0.0,0.0,0.0,0.0,0.0,0.0,-0.20939023792743683,-1.1627635955810547,-0.2933156490325928,-0.46337321400642395,-2.0571517944335938,-0.5470038652420044,-0.7769638299942017,-2.7155871391296387,-0.780583381652832,-1.0003530979156494,-3.2113466262817383,-1.0557994842529297,-0.2783961594104767,-1.012864351272583,-0.9157108664512634,-0.7490516901016235,-2.026793956756592,-1.2835606336593628,-1.1357403993606567,-2.6966826915740967,-1.4669605493545532,-1.450814962387085,-3.2534680366516113,-1.5585641860961914,-0.18690729141235352,-0.2651725113391876,-0.9459118843078613,-0.9030312895774841,-1.6012424230575562,-1.3151612281799316,-1.396706461906433,-2.38079571723938,-1.5342926979064941,-1.705793023109436,-2.926992177963257,-1.7268325090408325,-0.07487653940916061,0.3611832857131958,-0.9579269289970398,-0.7853392362594604,-0.9157799482345581,-1.4204537868499756,-1.2767424583435059,-1.737640142440796,-1.6437469720840454,-1.6411645412445068,-2.313715696334839,-1.7592692375183105,0.047169625759124756,0.912964403629303,-0.9721024036407471,-0.3317541778087616,0.1811048984527588,-1.33311927318573,-0.6105733513832092,-0.31496331095695496,-1.4434674978256226,-0.8861113786697388,-0.8235142230987549,-1.516191005706787
M,0.0,0.0,0.0,0.03424545377492905,-0.49840521812438965,-0.1092539131641388,0.14926710724830627,-0.9797487258911133,-0.2037980705499649,0.3356612026691437,-1.301118016242981,-0.3170066177845001,0.4992626905441284,-1.5434249639511108,-0.4419352412223816,-0.06341860443353653,-1.1572989225387573,-0.15481755137443542,0.01998152956366539,-1.5868017673492432,-0.33681565523147583,0.14674285054206848,-1.7993487119674683,-0.4683864414691925,0.2843163013458252,-2.009765148162842,-0.5677790641784668,-0.04245854169130325,-0.975346565246582,-0.2165556699037552,0.373818576335907,-1.3774101734161377,-0.5388364791870117,0.7661586999893188,-1.463279128074646,-0.7294827103614807,1.0629547834396362,-1.538309931755066,-0.8323192596435547,-0.012173416092991829,-0.7803227305412292,-0.29075518250465393,0.3801870048046112,-1.1057020425796509,-0.6272416114807129,0.7220697999000549,-1.1848613023757935,-0.7675413489341736,0.9615410566329956,-1.213861346244812,-0.8073742389678955,-0.0334927923977375,-0.5729995369911194,-0.3648476302623749,0.18051566183567047,-0.7907430529594421,-0.6192975044250488,0.348681777715683,-0.929792046546936,-0.7305429577827454,0.48825177550315857,-1.0488110780715942,-0.783283531665802,0.0,0.0,0.0,0.041633810847997665,-0.3281898498535156,-0.21877709031105042,0.1950313299894333,-0.561952531337738,-0.37473243474960327,0.37792909145355225,-0.8005307912826538,-0.5006270408630371,0.45169511437416077,-1.0485721826553345,-0.6353747248649597,0.8598352670669556,-0.3523460626602173,-0.32161659002304077,1.276404857635498,-0.421235591173172,-0.4317905306816101,1.5330002307891846,-0.45577913522720337,-0.5208114385604858,1.764944314956665,-0.47271591424942017,-0.5975959300994873,0.9436386823654175,-0.1257745921611786,-0.3061482906341553,1.4033838510513306,-0.1616157740354538,-0.41086095571517944,1.700129747390747,-0.17954526841640472,-0.5214534401893616,1.964684009552002,-0.19096730649471283,-0.6177541017532349,0.8988453149795532,0.08120226114988327,-0.29869332909584045,1.3299839496612549,0.12867261469364166,-0.4206504821777344,1.6125848293304443,0.16673479974269867,-0.5454729199409485,1.8571830987930298,0.19335640966892242,-0.6446921825408936,0.7727293372154236,0.26095807552337646,-0.3010770380496979,1.0719200372695923,0.415066659450531,-0.4297230541706085,1.2637852430343628,0.5271247625350952,-0.5119211673736572,1.4353042840957642,0.6216368079185486,-0.573051929473877
M,0.0,0.0,0.0,0.0,0.0,0.0,0.0,0.0,0.0,0.0,0.0,0.0,0.0,0.0,0.0,0.0,0.0,0.0,0.0,0.0,0.0,0.0,0.0,0.0,0.0,0.0,0.0,0.0,0.0,0.0,0.0,0.0,0.0,0.0,0.0,0.0,0.0,0.0,0.0,0.0,0.0,0.0,0.0,0.0,0.0,0.0,0.0,0.0,0.0,0.0,0.0,0.0,0.0,0.0,0.0,0.0,0.0,0.0,0.0,0.0,0.0,0.0,0.0,0.0,0.0,0.0,0.5469488501548767,-0.5243313312530518,-0.5157920122146606,0.766191303730011,-0.7995468974113464,-0.8373586535453796,0.8467432856559753,-0.992761492729187,-1.0927220582962036,0.8845426440238953,-1.1089435815811157,-1.3445886373519897,0.27346155047416687,-0.28573572635650635,-0.9562366008758545,-0.7852885127067566,-0.2549130618572235,-1.4375945329666138,-1.6224957704544067,-0.386452853679657,-1.7500934600830078,-2.2047624588012695,-0.5456644296646118,-1.916300654411316,-0.5087236166000366,0.007060193456709385,-0.8609009385108948,-1.7894988059997559,-0.1942773312330246,-1.3858624696731567,-2.732954978942871,-0.33057811856269836,-1.6328319311141968,-3.2602150440216064,-0.3918452858924866,-1.7975002527236938,-0.9253660440444946,0.20819789171218872,-0.782906711101532,-2.028740882873535,6.133341230452061e-05,-1.3340885639190674,-2.769460678100586,-0.21726170182228088,-1.5031753778457642,-3.331437110900879,-0.339443564414978,-1.546877384185791,-1.106819748878479,0.34820184111595154,-0.7299095392227173,-1.6618715524673462,0.16750513017177582,-1.1239416599273682,-2.077420711517334,-0.008663344196975231,-1.2153233289718628,-2.436525821685791,-0.16199785470962524,-1.2489774227142334
M,0.0,0.0,0.0,0.0,0.0,0.0,0.0,0.0,0.0,0.0,0.0,0.0,0.0,0.0,0.0,0.0,0.0,0.0,0.0,0.0,0.0,0.0,0.0,0.0,0.0,0.0,0.0,0.0,0.0,0.0,0.0,0.0,0.0,0.0,0.0,0.0,0.0,0.0,0.0,0.0,0.0,0.0,0.0,0.0,0.0,0.0,0.0,0.0,0.0,0.0,0.0,0.0,0.0,0.0,0.0,0.0,0.0,0.0,0.0,0.0,0.0,0.0,0.0,0.0,0.0,0.0,-0.3348676264286041,-0.3812587261199951,0.10394145548343658,-0.5534669756889343,-0.802788496017456,0.0073778145015239716,-0.7042837738990784,-1.1306926012039185,-0.1261482983827591,-0.8163251876831055,-1.449055790901184,-0.2935222387313843,-0.5843066573143005,-0.8176295161247253,-0.34426239132881165,-0.826733410358429,-1.3919017314910889,-0.6039174199104309,-0.91591477394104,-1.762776255607605,-0.7585666179656982,-0.9697906970977783,-2.1747071743011475,-0.8763118386268616,-0.5045436024665833,-0.6673939824104309,-0.5477418303489685,-0.7603660821914673,-0.9328525066375732,-0.8321444988250732,-0.8577187657356262,-1.3354123830795288,-0.9956567883491516,-0.9137274622917175,-1.7475045919418335,-1.1303436756134033,-0.38152456283569336,-0.40832722187042236,-0.7320942282676697,-0.634263813495636,-0.5054339170455933,-1.0139309167861938,-0.7152748703956604,-0.7861829400062561,-1.1831395626068115,-0.7795112133026123,-1.0559332370758057,-1.318176031112671,-0.24056687951087952,-0.08213140815496445,-0.8908020853996277,-0.296923965215683,-0.04998099058866501,-1.1867223978042603,-0.3636097311973572,-0.025455523282289505,-1.3747369050979614,-0.4428347051143646,-0.027804268524050713,-1.5192530155181885
N,0.0,0.0,0.0,-0.09079284965991974,-0.36014890670776367,-0.25215643644332886,-0.3031143546104431,-0.6198611855506897,-0.38117143511772156,-0.509232759475708,-0.8379009366035461,-0.4818754196166992,-0.5953532457351685,-1.06123948097229,-0.5816945433616638,-0.8930371999740601,-0.39680346846580505,-0.24671778082847595,-1.2737460136413574,-0.46006882190704346,-0.3572729527950287,-1.5278781652450562,-0.4822026789188385,-0.4434123635292053,-1.7340528964996338,-0.4909583330154419,-0.516028881072998,-0.9576736688613892,-0.18704433739185333,-0.21880505979061127,-1.3846195936203003,-0.19251665472984314,-0.32401376962661743,-1.6637181043624878,-0.18507176637649536,-0.41270336508750916,-1.893569827079773,-0.1682938188314438,-0.47855767607688904,-0.9104264378547668,0.01221905741840601,-0.21618881821632385,-1.3140861988067627,0.1074143499135971,-0.3451714813709259,-1.5550168752670288,0.16798046231269836,-0.45750692486763,-1.7576552629470825,0.22163283824920654,-0.5318107604980469,-0.7747421860694885,0.1932992786169052,-0.23422737419605255,-1.0431896448135376,0.3663391172885895,-0.37956371903419495,-1.1992212533950806,0.48090386390686035,-0.47627049684524536,-1.3574546575546265,0.5704173445701599,-0.5369276404380798,0.0,0.0,0.0,-0.3612358868122101,-0.15302599966526031,0.14294300973415375,-0.5906477570533752,-0.3514730632305145,0.26283037662506104,-0.7183732390403748,-0.465602308511734,0.34750187397003174,-0.8472047448158264,-0.5496608018875122,0.43829652667045593,-0.5600734353065491,-0.784124493598938,0.40479516983032227,-0.8744601607322693,-0.9291730523109436,0.5224854946136475,-1.083221435546875,-0.9310933351516724,0.5599087476730347,-1.2325347661972046,-0.9210619926452637,0.5909311771392822,-0.5262665748596191,-0.763231635093689,0.374861478805542,-0.9089629054069519,-0.8375917077064514,0.5407319664955139,-1.1500815153121948,-0.7800968885421753,0.5696871280670166,-1.3355674743652344,-0.7217683792114258,0.5816702842712402,-0.5045506954193115,-0.6923606991767883,0.336205393075943,-0.8179956674575806,-0.7414758205413818,0.5018689036369324,-1.0496329069137573,-0.6922871470451355,0.5350781679153442,-1.2171727418899536,-0.6267502903938293,0.5350139141082764,-0.47087597846984863,-0.6136629581451416,0.2989758551120758,-0.6505215167999268,-0.6558900475502014,0.44819408655166626,-0.7503159642219543,-0.6524010896682739,0.5165310502052307,-0.8456905484199524,-0.6476593613624573,0.559945285320282
N,0.0,0.0,0.0,-0.19807098805904388,-0.2589011490345001,-0.2575147747993469,-0.10832253098487854,-0.525509238243103,-0.4804822504520416,0.08359812200069427,-0.7539157867431641,-0.6744958162307739,0.33998435735702515,-0.8472357392311096,-0.8854749798774719,0.4499220848083496,-0.21244142949581146,-0.6469683051109314,1.1268059015274048,-0.2288140058517456,-0.9429240822792053,1.5815553665161133,-0.307868093252182,-1.1487263441085815,1.9326035976409912,-0.363241970539093,-1.2610963582992554,0.7826216220855713,0.025068357586860657,-0.6219927668571472,1.4305943250656128,-0.018758263438940048,-0.8897975087165833,1.8944271802902222,-0.09105700254440308,-0.9947579503059387,2.230086088180542,-0.15376314520835876,-1.0755118131637573,0.9151976704597473,0.20305503904819489,-0.5904194712638855,1.509204626083374,0.17932452261447906,-0.8397136926651001,1.9228180646896362,0.11945326626300812,-0.8599917888641357,2.222923994064331,0.06842059642076492,-0.8491214513778687,0.9480446577072144,0.3533421456813812,-0.5774173140525818,1.428972840309143,0.3964881896972656,-0.7229325175285339,1.6794941425323486,0.3405839204788208,-0.7029069662094116,1.877157211303711,0.27843567728996277,-0.6854029893875122,0.0,0.0,0.0,0.0,0.0,0.0,0.0,0.0,0.0,0.0,0.0,0.0,0.0,0.0,0.0,0.0,0.0,0.0,0.0,0.0,0.0,0.0,0.0,0.0,0.0,0.0,0.0,0.0,0.0,0.0,0.0,0.0,0.0,0.0,0.0,0.0,0.0,0.0,0.0,0.0,0.0,0.0,0.0,0.0,0.0,0.0,0.0,0.0,0.0,0.0,0.0,0.0,0.0,0.0,0.0,0.0,0.0,0.0,0.0,0.0,0.0,0.0,0.0
N,0.0,0.0,0.0,0.12212102115154266,-0.3116917014122009,-0.1292770504951477,0.04152890294790268,-0.6799229979515076,-0.19437111914157867,-0.05020098388195038,-0.978515625,-0.2509523034095764,-0.0870751440525055,-1.214586615562439,-0.30841749906539917,-0.484517902135849,-0.8469047546386719,-0.1697273999452591,-0.7690333724021912,-1.1848453283309937,-0.2924971580505371,-0.9569507241249084,-1.3711092472076416,-0.37965908646583557,-1.125556230545044,-1.5253454446792603,-0.44090068340301514,-0.6541679501533508,-0.7315820455551147,-0.19196881353855133,-0.9407531023025513,-1.1065365076065063,-0.312555730342865,-1.1350247859954834,-1.3406903743743896,-0.40338021516799927,-1.2980860471725464,-1.5224854946136475,-0.4650231897830963,-0.7605213522911072,-0.5578298568725586,-0.22584211826324463,-1.0742952823638916,-0.8648202419281006,-0.3371707797050476,-1.2703965902328491,-1.0616103410720825,-0.40373876690864563,-1.4268609285354614,-1.22592031955719,-0.44539353251457214,-0.8186057209968567,-0.3375084102153778,-0.27043119072914124,-1.0893385410308838,-0.536551833152771,-0.3776489496231079,-1.2563540935516357,-0.677046537399292,-0.4193860590457916,-1.4017258882522583,-0.8054541945457458,-0.43988192081451416,0.0,0.0,0.0,0.0,0.0,0.0,0.0,0.0,0.0,0.0,0.0,0.0,0.0,0.0,0.0,0.0,0.0,0.0,0.0,0.0,0.0,0.0,0.0,0.0,0.0,0.0,0.0,0.0,0.0,0.0,0.0,0.0,0.0,0.0,0.0,0.0,0.0,0.0,0.0,0.0,0.0,0.0,0.0,0.0,0.0,0.0,0.0,0.0,0.0,0.0,0.0,0.0,0.0,0.0,0.0,0.0,0.0,0.0,0.0,0.0,0.0,0.0,0.0
N,0.0,0.0,0.0,-0.37813377380371094,-0.6714696884155273,-0.13223013281822205,-0.925649106502533,-1.2570013999938965,-0.2044108361005783,-1.355255126953125,-1.722778081893921,-0.2788790166378021,-1.7858421802520752,-2.017489433288574,-0.35702648758888245,-0.7317928671836853,-0.8018399477005005,-0.24391330778598785,-0.9026123285293579,-0.9976810216903687,-0.5304701328277588,-1.0210776329040527,-1.1761704683303833,-0.7554886341094971,-1.1873233318328857,-1.3937335014343262,-0.9231249094009399,-0.6492448449134827,-0.6922402381896973,-0.3150946795940399,-0.8711843490600586,-0.8929057717323303,-0.5648393034934998,-0.9890376925468445,-1.1031233072280884,-0.7231816649436951,-1.1025241613388062,-1.2979979515075684,-0.8738232851028442,-0.5305570363998413,-0.5902473330497742,-0.4132413864135742,-0.783829391002655,-0.8023618459701538,-0.6659677028656006,-0.9447684288024902,-1.0213253498077393,-0.7405602335929871,-1.0767135620117188,-1.2194905281066895,-0.801189124584198,-0.3739064037799835,-0.4844677746295929,-0.5246508121490479,-0.6412432789802551,-0.6569189429283142,-0.7002854943275452,-0.8165633678436279,-0.8241174817085266,-0.742937445640564,-0.9460138082504272,-0.9736433029174805,-0.7950693368911743,0.0,0.0,0.0,0.0,0.0,0.0,0.0,0.0,0.0,0.0,0.0,0.0,0.0,0.0,0.0,0.0,0.0,0.0,0.0,0.0,0.0,0.0,0.0,0.0,0.0,0.0,0.0,0.0,0.0,0.0,0.0,0.0,0.0,0.0,0.0,0.0,0.0,0.0,0.0,0.0,0.0,0.0,0.0,0.0,0.0,0.0,0.0,0.0,0.0,0.0,0.0,0.0,0.0,0.0,0.0,0.0,0.0,0.0,0.0,0.0,0.0,0.0,0.0
N,0.0,0.0,0.0,-0.24400995671749115,-0.4278586208820343,0.0620327964425087,-0.5464571118354797,-0.7445515990257263,0.05759401246905327,-0.7617681622505188,-0.9595341682434082,0.0287038404494524,-0.9198166728019714,-1.1170687675476074,-0.005838938057422638,-0.7812770009040833,-0.7314964532852173,-0.07720937579870224,-1.05765700340271,-1.138705849647522,-0.20243024826049805,-1.2110635042190552,-1.3941251039505005,-0.28043994307518005,-1.331668496131897,-1.606464147567749,-0.33279645442962646,-0.7243568301200867,-0.6637629866600037,-0.18634885549545288,-1.022945761680603,-1.1136006116867065,-0.32787710428237915,-1.1976720094680786,-1.4063284397125244,-0.41690245270729065,-1.3420575857162476,-1.655754804611206,-0.47361549735069275,-0.5820018649101257,-0.582490861415863,-0.2883457839488983,-0.8227323293685913,-0.9791044592857361,-0.42069968581199646,-0.9392301440238953,-1.2464736700057983,-0.49264922738075256,-1.0361751317977905,-1.478546380996704,-0.5367081165313721,-0.3727773129940033,-0.49506112933158875,-0.3826937675476074,-0.47645193338394165,-0.7126545906066895,-0.49758780002593994,-0.5421708822250366,-0.8708536624908447,-0.5436627864837646,-0.5935371518135071,-1.0147199630737305,-0.5713396072387695,0.0,0.0,0.0,-0.35732901096343994,-0.11552735418081284,0.0431695356965065,-0.7326761484146118,-0.24404487013816833,0.01294102892279625,-1.0029691457748413,-0.2794326841831207,-0.04703102633357048,-1.2238445281982422,-0.2230415940284729,-0.1104130893945694,-0.9050900936126709,-0.5370317101478577,-0.09033021330833435,-1.3007644414901733,-0.7396085858345032,-0.2272593080997467,-1.5778534412384033,-0.8755443692207336,-0.30146726965904236,-1.799080729484558,-0.9746650457382202,-0.33664366602897644,-0.8506256937980652,-0.48964816331863403,-0.1915218085050583,-1.2841026782989502,-0.7076522707939148,-0.3268543481826782,-1.5629383325576782,-0.8207412958145142,-0.38657018542289734,-1.7955968379974365,-0.9110694527626038,-0.4076869785785675,-0.7541478276252747,-0.3209887742996216,-0.28530609607696533,-1.2138936519622803,-0.06741782277822495,-0.44994649291038513,-1.187244176864624,0.19975271821022034,-0.4543536603450775,-1.0821552276611328,0.3150287866592407,-0.4077669382095337,-0.6220921277999878,-0.04060405120253563,-0.3717154860496521,-0.9563138484954834,0.22744962573051453,-0.4770147204399109,-0.9639256000518799,0.38430801033973694,-0.45336583256721497,-0.8939946889877319,0.4151639938354492,-0.40531376004219055
N,0.0,0.0,0.0,0.0,0.0,0.0,0.0,0.0,0.0,0.0,0.0,0.0,0.0,0.0,0.0,0.0,0.0,0.0,0.0,0.0,0.0,0.0,0.0,0.0,0.0,0.0,0.0,0.0,0.0,0.0,0.0,0.0,0.0,0.0,0.0,0.0,0.0,0.0,0.0,0.0,0.0,0.0,0.0,0.0,0.0,0.0,0.0,0.0,0.0,0.0,0.0,0.0,0.0,0.0,0.0,0.0,0.0,0.0,0.0,0.0,0.0,0.0,0.0,0.0,0.0,0.0,0.4634777903556824,-0.5348422527313232,-0.3805718719959259,0.9503771066665649,-1.037901520729065,-0.7392017245292664,1.4832745790481567,-1.5449886322021484,-1.0968068838119507,2.039863109588623,-2.0037004947662354,-1.4773566722869873,0.047561872750520706,-1.1102522611618042,-0.6160823106765747,0.23122934997081757,-1.2113895416259766,-1.001719355583191,0.6298038363456726,-1.1666285991668701,-1.3373674154281616,0.9667909145355225,-1.2400981187820435,-1.5399110317230225,-0.38192132115364075,-0.7198224663734436,-0.5796478390693665,-0.2600005865097046,-0.3604467809200287,-0.8852710127830505,-0.00485274801030755,0.03238091990351677,-1.091378927230835,0.2048896998167038,0.22140003740787506,-1.2378082275390625,-0.7835984826087952,-0.3164176642894745,-0.5555811524391174,-0.725142776966095,0.07394777238368988,-0.8041825294494629,-0.5318921208381653,0.4626692533493042,-0.8662746548652649,-0.3601348102092743,0.6658257246017456,-0.8830780386924744,-1.1189574003219604,0.05208174139261246,-0.5641239881515503,-1.1209986209869385,0.38596808910369873,-0.5965687036514282,-1.0269005298614502,0.7051421403884888,-0.4688267707824707,-0.9217976927757263,0.8793475031852722,-0.3736537992954254
N,0.0,0.0,0.0,0.08972480893135071,-0.21029244363307953,-0.12402702867984772,0.26038381457328796,-0.5248715281486511,-0.24195590615272522,0.4111991226673126,-0.7516689896583557,-0.3586810827255249,0.5289031267166138,-0.957722008228302,-0.486796110868454,0.16910846531391144,-0.9776318669319153,-0.22192788124084473,0.37654393911361694,-1.396360993385315,-0.38206788897514343,0.5049615502357483,-1.6388108730316162,-0.5060241222381592,0.6149682998657227,-1.880872130393982,-0.6011049747467041,0.12316852807998657,-0.9569450616836548,-0.2628415524959564,0.40005022287368774,-1.4075580835342407,-0.42014074325561523,0.5934140682220459,-1.6577180624008179,-0.53590327501297,0.7567763328552246,-1.931166648864746,-0.6323265433311462,0.06308886408805847,-0.8694037199020386,-0.31710174679756165,0.2930442690849304,-1.265480399131775,-0.47932201623916626,0.4730418622493744,-1.5347535610198975,-0.5628019571304321,0.6193390488624573,-1.7974371910095215,-0.6286860704421997,-0.02804979681968689,-0.7159063816070557,-0.38046136498451233,0.08965909481048584,-0.9387068748474121,-0.5108439326286316,0.17911645770072937,-1.101143717765808,-0.5660595893859863,0.24973714351654053,-1.2827051877975464,-0.6152283549308777,0.0,0.0,0.0,0.06365462392568588,-0.35023897886276245,-0.29358938336372375,0.2669188976287842,-0.6009825468063354,-0.4569057524204254,0.4658563733100891,-0.8271097540855408,-0.5783506631851196,0.5875514149665833,-1.0752674341201782,-0.7022119164466858,0.8805953860282898,-0.3920544385910034,-0.31217867136001587,1.2800101041793823,-0.4448191225528717,-0.4273458421230316,1.5306578874588013,-0.46976086497306824,-0.5237369537353516,1.7529443502426147,-0.47853031754493713,-0.6058135628700256,0.9474042654037476,-0.1742280274629593,-0.2684580087661743,1.3942999839782715,-0.17746087908744812,-0.38257527351379395,1.6819682121276855,-0.17138366401195526,-0.49267908930778503,1.9288274049758911,-0.16349318623542786,-0.5810384750366211,0.9046307802200317,0.024438992142677307,-0.25031259655952454,1.3081203699111938,0.11425933241844177,-0.3936106860637665,1.570631980895996,0.1746785193681717,-0.5297932624816895,1.8105944395065308,0.21686163544654846,-0.6308714747428894,0.7968301773071289,0.1983753740787506,-0.2522280514240265,1.0410370826721191,0.3801718056201935,-0.4095876216888428,1.2008392810821533,0.5026739835739136,-0.515439510345459,1.3707677125930786,0.6087238192558289,-0.59099280834198
N,0.0,0.0,0.0,0.07237508147954941,-0.3938866853713989,0.05135361850261688,0.3574684262275696,-0.6438646912574768,0.017364606261253357,0.6795186400413513,-0.6837338209152222,-0.03913158178329468,0.8954856991767883,-0.6348121762275696,-0.10684527456760406,0.4492311477661133,-0.8882579803466797,-0.1461791694164276,0.6829942464828491,-1.326676607131958,-0.25153329968452454,0.803631603717804,-1.580128788948059,-0.29290342330932617,0.8959958553314209,-1.7893004417419434,-0.3164242208003998,0.6009920239448547,-0.7636388540267944,-0.2359328269958496,0.9776469469070435,-1.0986003875732422,-0.3487953245639801,1.1710519790649414,-1.2843176126480103,-0.3817600905895233,1.3119748830795288,-1.4534173011779785,-0.39713263511657715,0.7213326096534729,-0.5825767517089844,-0.31104040145874023,1.0384445190429688,-0.5964486598968506,-0.4070878326892853,0.974593997001648,-0.46536391973495483,-0.3855627179145813,0.8774760365486145,-0.4006730020046234,-0.3485560715198517,0.809402585029602,-0.3939394950866699,-0.38248148560523987,0.9955164194107056,-0.37760818004608154,-0.443020224571228,0.8963771462440491,-0.2848203778266907,-0.40871238708496094,0.7772088646888733,-0.23021554946899414,-0.36761239171028137,0.0,0.0,0.0,-0.045701272785663605,-0.2689596116542816,-0.14115071296691895,0.06401245296001434,-0.585276186466217,-0.22290977835655212,0.17201454937458038,-0.8381282687187195,-0.30164647102355957,0.21974381804466248,-1.0374559164047241,-0.3753868043422699,0.6100149750709534,-0.7401520013809204,-0.10568834096193314,0.862107515335083,-1.021977424621582,-0.22153665125370026,1.0174343585968018,-1.1782220602035522,-0.3209686279296875,1.1648344993591309,-1.3034812211990356,-0.3967845141887665,0.7558228373527527,-0.6443751454353333,-0.11624377965927124,1.0282140970230103,-0.9508175849914551,-0.22247786819934845,1.1968176364898682,-1.1410728693008423,-0.3035467267036438,1.3504397869110107,-1.292624831199646,-0.3641863763332367,0.8361130356788635,-0.5007773637771606,-0.15001483261585236,1.1356329917907715,-0.7627977728843689,-0.25053033232688904,1.3079473972320557,-0.9243504405021667,-0.3103942573070526,1.4579353332519531,-1.0619852542877197,-0.34913361072540283,0.8609048128128052,-0.3115752339363098,-0.20008987188339233,1.1223996877670288,-0.4692363142967224,-0.27818766236305237,1.2855291366577148,-0.5858762264251709,-0.31381866335868835,1.436828374862671,-0.6951790452003479,-0.338142454624176
O,0.0,0.0,0.0,0.0,0.0,0.0,0.0,0.0,0.0,0.0,0.0,0.0,0.0,0.0,0.0,0.0,0.0,0.0,0.0,0.0,0.0,0.0,0.0,0.0,0.0,0.0,0.0,0.0,0.0,0.0,0.0,0.0,0.0,0.0,0.0,0.0,0.0,0.0,0.0,0.0,0.0,0.0,0.0,0.0,0.0,0.0,0.0,0.0,0.0,0.0,0.0,0.0,0.0,0.0,0.0,0.0,0.0,0.0,0.0,0.0,0.0,0.0,0.0,0.0,0.0,0.0,0.01376551017165184,-0.3937087953090668,-0.04394107684493065,-0.2635791003704071,-0.6593424081802368,-0.10765215009450912,-0.5871385335922241,-0.6197974681854248,-0.16473442316055298,-0.8032116293907166,-0.47030147910118103,-0.2392973005771637,-0.44344964623451233,-0.8984801769256592,-0.2262822538614273,-0.8583570718765259,-1.2153916358947754,-0.3471486568450928,-1.1065315008163452,-1.4414000511169434,-0.4095524549484253,-1.2828088998794556,-1.6330887079238892,-0.4565918743610382,-0.6187448501586914,-0.7448450326919556,-0.24972125887870789,-0.9599325060844421,-0.5676884651184082,-0.3758774697780609,-0.8556563854217529,-0.3877321183681488,-0.36019131541252136,-0.6810708045959473,-0.38352224230766296,-0.3380661606788635,-0.7409329414367676,-0.4949279725551605,-0.26823118329048157,-1.0062390565872192,-0.3104037344455719,-0.3623778820037842,-0.8851692080497742,-0.18214629590511322,-0.2909812331199646,-0.7352082133293152,-0.21169288456439972,-0.24126675724983215,-0.8140411376953125,-0.23083536326885223,-0.29035624861717224,-0.9802281856536865,-0.06424729526042938,-0.3656870126724243,-0.8360068798065186,0.032521434128284454,-0.31510916352272034,-0.7001752257347107,0.011995645239949226,-0.2616655230522156
O,0.0,0.0,0.0,-0.0794634148478508,-0.3366423547267914,-0.0747281163930893,-0.22836539149284363,-0.6588444113731384,-0.10728243738412857,-0.36769992113113403,-0.9125373959541321,-0.14608851075172424,-0.46035143733024597,-1.1113781929016113,-0.18556036055088043,-0.7205066680908203,-0.7504300475120544,-0.017667299136519432,-1.0071969032287598,-0.971489429473877,-0.06774632632732391,-1.177904725074768,-1.0897024869918823,-0.12349405139684677,-1.3367443084716797,-1.1956437826156616,-0.1693284511566162,-0.7903841137886047,-0.6116552948951721,-0.03421531245112419,-1.1266459226608276,-0.8261925578117371,-0.0741347074508667,-1.3273932933807373,-0.9533382058143616,-0.1303049474954605,-1.507677674293518,-1.0695704221725464,-0.1811632513999939,-0.7915077805519104,-0.454517662525177,-0.0646410584449768,-1.1044808626174927,-0.5980252027511597,-0.11028040200471878,-1.2800050973892212,-0.693630039691925,-0.14914628863334656,-1.435335636138916,-0.790753185749054,-0.1846872717142105,-0.7389585971832275,-0.27138105034828186,-0.1073145866394043,-0.9919648766517639,-0.3641950190067291,-0.15065377950668335,-1.1171306371688843,-0.4398902952671051,-0.1690649837255478,-1.2194546461105347,-0.5207813382148743,-0.1871781349182129,0.0,0.0,0.0,0.0,0.0,0.0,0.0,0.0,0.0,0.0,0.0,0.0,0.0,0.0,0.0,0.0,0.0,0.0,0.0,0.0,0.0,0.0,0.0,0.0,0.0,0.0,0.0,0.0,0.0,0.0,0.0,0.0,0.0,0.0,0.0,0.0,0.0,0.0,0.0,0.0,0.0,0.0,0.0,0.0,0.0,0.0,0.0,0.0,0.0,0.0,0.0,0.0,0.0,0.0,0.0,0.0,0.0,0.0,0.0,0.0,0.0,0.0,0.0
O,0.0,0.0,0.0,-0.05619226023554802,-0.3427320122718811,-0.23993630707263947,-0.24071839451789856,-0.5923787355422974,-0.3622684180736542,-0.39234304428100586,-0.835146427154541,-0.4676991403102875,-0.4409923851490021,-1.069628357887268,-0.5746039748191833,-0.8527518510818481,-0.4565691649913788,-0.21864986419677734,-1.1930768489837646,-0.592474102973938,-0.34765684604644775,-1.4289089441299438,-0.6753509640693665,-0.4493280351161957,-1.6341443061828613,-0.7336835861206055,-0.5300202965736389,-0.9455426335334778,-0.2508802115917206,-0.20738466084003448,-1.3667707443237305,-0.3178708255290985,-0.320000559091568,-1.6467604637145996,-0.3647141456604004,-0.41019997000694275,-1.8855619430541992,-0.39242568612098694,-0.47758182883262634,-0.9161593914031982,-0.04176650568842888,-0.22608259320259094,-1.2834807634353638,0.008353122510015965,-0.3625591993331909,-1.5208611488342285,0.03305579721927643,-0.47709590196609497,-1.7349557876586914,0.04824923351407051,-0.5542832016944885,-0.7997952699661255,0.1640578806400299,-0.26726701855659485,-1.043190360069275,0.29173219203948975,-0.4106965959072113,-1.1829887628555298,0.3657814860343933,-0.4988563358783722,-1.3202356100082397,0.4142341613769531,-0.5568578839302063,0.0,0.0,0.0,-0.05874666944146156,-0.7810450792312622,-0.033508144319057465,-0.1747128665447235,-1.3086602687835693,0.04907616600394249,-0.23361673951148987,-1.7119297981262207,0.1164112240076065,-0.23534950613975525,-2.1296370029449463,0.19789569079875946,-0.519710123538971,-1.0893608331680298,0.38472333550453186,-0.7507253885269165,-1.1988404989242554,0.5131230354309082,-0.8625948429107666,-1.1837042570114136,0.5271298885345459,-0.9790420532226562,-1.1479724645614624,0.5142490863800049,-0.6157833337783813,-0.6735662817955017,0.40880244970321655,-0.8615493178367615,-0.7138622999191284,0.5708015561103821,-0.9788970947265625,-0.7275809049606323,0.5454557538032532,-1.0872578620910645,-0.7193716168403625,0.49238550662994385,-0.6546233296394348,-0.31882768869400024,0.40049415826797485,-0.8496867418289185,-0.37420353293418884,0.5323953032493591,-0.9458001852035522,-0.39778292179107666,0.5025001764297485,-1.0420576333999634,-0.39496228098869324,0.43836960196495056,-0.6568822264671326,-0.05898413434624672,0.3742375373840332,-0.7356118559837341,-0.24791395664215088,0.4706062078475952,-0.7567358613014221,-0.4227808117866516,0.48026007413864136,-0.7802538275718689,-0.5746455788612366,0.4597893953323364
O,0.0,0.0,0.0,0.0,0.0,0.0,0.0,0.0,0.0,0.0,0.0,0.0,0.0,0.0,0.0,0.0,0.0,0.0,0.0,0.0,0.0,0.0,0.0,0.0,0.0,0.0,0.0,0.0,0.0,0.0,0.0,0.0,0.0,0.0,0.0,0.0,0.0,0.0,0.0,0.0,0.0,0.0,0.0,0.0,0.0,0.0,0.0,0.0,0.0,0.0,0.0,0.0,0.0,0.0,0.0,0.0,0.0,0.0,0.0,0.0,0.0,0.0,0.0,0.0,0.0,0.0,-0.40472108125686646,-0.38319671154022217,0.08690262585878372,-0.5667330622673035,-0.8075246214866638,0.0656912624835968,-0.6500822901725769,-1.074674367904663,0.0022311208304017782,-0.704770028591156,-1.277707815170288,-0.07749858498573303,-0.3243829905986786,-1.0326863527297974,-0.010893046855926514,-0.5012592077255249,-1.4355021715164185,-0.12721684575080872,-0.5812150835990906,-1.645862340927124,-0.20537899434566498,-0.6148242354393005,-1.810971975326538,-0.2671216130256653,-0.2458530068397522,-0.9568540453910828,-0.15487585961818695,-0.2662195861339569,-1.371705412864685,-0.30123093724250793,-0.2272295355796814,-1.6137900352478027,-0.39586731791496277,-0.182447612285614,-1.825735092163086,-0.4639899432659149,-0.22730492055416107,-0.7776619791984558,-0.2997492253780365,-0.3686031103134155,-1.1517277956008911,-0.4578145146369934,-0.4667583107948303,-1.3927485942840576,-0.560547411441803,-0.5556038618087769,-1.638646125793457,-0.6407322287559509,-0.28749874234199524,-0.5031806230545044,-0.4314436614513397,-0.3354349732398987,-0.6574727892875671,-0.571431577205658,-0.3970291316509247,-0.8084054589271545,-0.6444671750068665,-0.4564342200756073,-0.9973872303962708,-0.7072765231132507
O,0.0,0.0,0.0,0.0,0.0,0.0,0.0,0.0,0.0,0.0,0.0,0.0,0.0,0.0,0.0,0.0,0.0,0.0,0.0,0.0,0.0,0.0,0.0,0.0,0.0,0.0,0.0,0.0,0.0,0.0,0.0,0.0,0.0,0.0,0.0,0.0,0.0,0.0,0.0,0.0,0.0,0.0,0.0,0.0,0.0,0.0,0.0,0.0,0.0,0.0,0.0,0.0,0.0,0.0,0.0,0.0,0.0,0.0,0.0,0.0,0.0,0.0,0.0,0.0,0.0,0.0,-0.40664029121398926,-0.20736540853977203,0.0016315053217113018,-0.6872513294219971,-0.42418068647384644,-0.032722633332014084,-0.8867793679237366,-0.5542113184928894,-0.0950329378247261,-1.0239665508270264,-0.6286277770996094,-0.1545768827199936,-0.6931371092796326,-0.8591746687889099,-0.002165287034586072,-0.9572117924690247,-1.055395483970642,-0.11230400204658508,-1.130193829536438,-1.1615004539489746,-0.19248561561107635,-1.2715157270431519,-1.233608365058899,-0.24763897061347961,-0.5513830780982971,-0.8303304314613342,-0.08079613745212555,-0.8994245529174805,-0.6518092751502991,-0.22585022449493408,-0.8405781388282776,-0.46939215064048767,-0.2692565321922302,-0.7309012413024902,-0.4047595262527466,-0.27699679136276245,-0.4086421728134155,-0.7046264410018921,-0.16954544186592102,-0.7483406662940979,-0.4440973103046417,-0.28632044792175293,-0.650276243686676,-0.3012489974498749,-0.25496289134025574,-0.5307247638702393,-0.30297359824180603,-0.2166842818260193,-0.28625065088272095,-0.5289990901947021,-0.26656076312065125,-0.5523529648780823,-0.3114643692970276,-0.32701075077056885,-0.4993872344493866,-0.20255127549171448,-0.28884896636009216,-0.40087273716926575,-0.2108166366815567,-0.24756087362766266
O,0.0,0.0,0.0,0.0,0.0,0.0,0.0,0.0,0.0,0.0,0.0,0.0,0.0,0.0,0.0,0.0,0.0,0.0,0.0,0.0,0.0,0.0,0.0,0.0,0.0,0.0,0.0,0.0,0.0,0.0,0.0,0.0,0.0,0.0,0.0,0.0,0.0,0.0,0.0,0.0,0.0,0.0,0.0,0.0,0.0,0.0,0.0,0.0,0.0,0.0,0.0,0.0,0.0,0.0,0.0,0.0,0.0,0.0,0.0,0.0,0.0,0.0,0.0,0.0,0.0,0.0,0.042108308523893356,-0.3488166928291321,-0.21816454827785492,0.24009467661380768,-0.6090065836906433,-0.337015837430954,0.38867276906967163,-0.8374888300895691,-0.4345976412296295,0.43487775325775146,-1.0801520347595215,-0.5383994579315186,0.849891722202301,-0.4585033059120178,-0.2001696079969406,1.211778998374939,-0.5946088433265686,-0.3252415359020233,1.4466768503189087,-0.6696277260780334,-0.4398357570171356,1.6661460399627686,-0.7259121537208557,-0.5331735014915466,0.952080249786377,-0.23214878141880035,-0.1991230994462967,1.381988763809204,-0.3104064464569092,-0.30567896366119385,1.6599011421203613,-0.35336408019065857,-0.42004990577697754,1.9059927463531494,-0.3912294805049896,-0.5131857395172119,0.9223145246505737,-0.02041563391685486,-0.22370745241641998,1.3168383836746216,0.016926683485507965,-0.3666650950908661,1.571895718574524,0.05408617481589317,-0.48645347356796265,1.801383376121521,0.07125747203826904,-0.5742090940475464,0.808609127998352,0.17359837889671326,-0.26465728878974915,1.05491042137146,0.31276679039001465,-0.4160412847995758,1.1924265623092651,0.40724122524261475,-0.49244919419288635,1.332062005996704,0.4765729010105133,-0.5458257794380188
O,0.0,0.0,0.0,0.4438052773475647,-0.1529039591550827,-0.022401146590709686,0.8504899144172668,-0.2935371696949005,-0.10840088874101639,1.151271939277649,-0.32903802394866943,-0.19860678911209106,1.3274897336959839,-0.27533236145973206,-0.29110094904899597,0.9514657258987427,-0.5647312998771667,-0.34724313020706177,1.450767159461975,-0.8039942383766174,-0.5327621698379517,1.7280802726745605,-0.9210731983184814,-0.6258222460746765,1.9399919509887695,-1.018090009689331,-0.6853330135345459,0.7720299363136292,-0.4688847064971924,-0.4290885031223297,1.3076270818710327,-0.3043822944164276,-0.5966626405715942,1.2150532007217407,-0.11542818695306778,-0.586719810962677,1.060117244720459,-0.027092069387435913,-0.5630531907081604,0.5195977687835693,-0.264656662940979,-0.500129759311676,0.9687970876693726,-0.011263922788202763,-0.6551164388656616,0.8759475350379944,0.11252965778112411,-0.5825718641281128,0.750957727432251,0.13597999513149261,-0.5143211483955383,0.25139158964157104,-0.05562552437186241,-0.5677870512008667,0.534130871295929,0.1681668609380722,-0.6657523512840271,0.5169919729232788,0.2532494366168976,-0.5953804850578308,0.4659428894519806,0.2522895038127899,-0.5301200151443481,0.0,0.0,0.0,0.0,0.0,0.0,0.0,0.0,0.0,0.0,0.0,0.0,0.0,0.0,0.0,0.0,0.0,0.0,0.0,0.0,0.0,0.0,0.0,0.0,0.0,0.0,0.0,0.0,0.0,0.0,0.0,0.0,0.0,0.0,0.0,0.0,0.0,0.0,0.0,0.0,0.0,0.0,0.0,0.0,0.0,0.0,0.0,0.0,0.0,0.0,0.0,0.0,0.0,0.0,0.0,0.0,0.0,0.0,0.0,0.0,0.0,0.0,0.0
O,0.0,0.0,0.0,0.06563770025968552,-0.31191059947013855,-0.05867196246981621,0.21970969438552856,-0.5957602262496948,-0.07646819949150085,0.34610041975975037,-0.8019266128540039,-0.09666696935892105,0.42160725593566895,-0.9645507335662842,-0.11640826612710953,0.7501909136772156,-0.669209897518158,0.04193125292658806,1.021018147468567,-0.8359549045562744,0.021064329892396927,1.1750701665878296,-0.9247745275497437,-0.020262524485588074,1.328879952430725,-0.9986254572868347,-0.055950846523046494,0.8403339385986328,-0.5409718155860901,0.03447342291474342,1.1712175607681274,-0.6967076063156128,0.035575415939092636,1.3491402864456177,-0.7885433435440063,0.0017798823537304997,1.5272303819656372,-0.8668526411056519,-0.03755878657102585,0.8540267944335938,-0.39907166361808777,0.009303859435021877,1.1594234704971313,-0.4836790859699249,-0.0010634942445904016,1.3178154230117798,-0.5589966773986816,-0.030229758471250534,1.4616403579711914,-0.6394505500793457,-0.06254853308200836,0.8073158264160156,-0.23490303754806519,-0.026164159178733826,1.0592560768127441,-0.28708240389823914,-0.03388006240129471,1.1754348278045654,-0.3481903374195099,-0.03891175612807274,1.2809261083602905,-0.4261772930622101,-0.05177360773086548,0.0,0.0,0.0,-0.06644901633262634,-0.521541178226471,-0.15496495366096497,0.02719413861632347,-0.9972647428512573,-0.24658164381980896,0.12773220241069794,-1.3647873401641846,-0.32331565022468567,0.16361311078071594,-1.716018795967102,-0.40229395031929016,0.6343428492546082,-0.9175546169281006,-0.14766310155391693,0.9163100719451904,-1.1861158609390259,-0.24871398508548737,1.101841688156128,-1.3364763259887695,-0.3467455506324768,1.2688653469085693,-1.4555376768112183,-0.42141515016555786,0.7630406618118286,-0.6282402276992798,-0.15193162858486176,1.1064889430999756,-0.8391945958137512,-0.22608543932437897,1.3303122520446777,-0.979130744934082,-0.31022754311561584,1.5181713104248047,-1.0949444770812988,-0.38085058331489563,0.7933791875839233,-0.32315361499786377,-0.17499734461307526,1.1180442571640015,-0.3832707107067108,-0.25516387820243835,1.3214715719223022,-0.46835198998451233,-0.32383933663368225,1.482943058013916,-0.5712217092514038,-0.37995725870132446,0.7475144267082214,-0.008734278380870819,-0.21305657923221588,0.9932538866996765,0.032664954662323,-0.28706857562065125,1.1294867992401123,0.019050726667046547,-0.3183402419090271,1.241945505142212,-0.024408264085650444,-0.34317898750305176
O,0.0,0.0,0.0,0.03629953786730766,-0.49377843737602234,0.04539353400468826,0.17164912819862366,-0.7673507928848267,-0.0054700435139238834,0.342639684677124,-0.7508648037910461,-0.08294837921857834,0.4880923628807068,-0.605133593082428,-0.15433822572231293,0.2498449683189392,-1.1169284582138062,-0.08939635753631592,0.457548588514328,-1.4291919469833374,-0.19488520920276642,0.5721163749694824,-1.6526639461517334,-0.25644832849502563,0.6508329510688782,-1.8631422519683838,-0.29988065361976624,0.3447582423686981,-0.9227957129478455,-0.17201673984527588,0.6391428709030151,-0.5528099536895752,-0.2853052616119385,0.6077178716659546,-0.3547936677932739,-0.3003472685813904,0.5273276567459106,-0.3418971002101898,-0.29223912954330444,0.42929691076278687,-0.6318678855895996,-0.2456692010164261,0.6585446000099182,-0.20703533291816711,-0.3081895112991333,0.5922597646713257,-0.10068029165267944,-0.24825258553028107,0.5091829895973206,-0.1433597207069397,-0.2042721062898636,0.5062456130981445,-0.3050686717033386,-0.3216486871242523,0.6405037045478821,0.04682954028248787,-0.31769856810569763,0.5625796318054199,0.11284568905830383,-0.24329446256160736,0.48338037729263306,0.05614342540502548,-0.1866420954465866,0.0,0.0,0.0,0.18339991569519043,-0.21793287992477417,0.3452320992946625,0.3297658860683441,-0.3204054832458496,0.4500280022621155,0.48542147874832153,-0.2475575953722,0.4524700939655304,0.618615984916687,-0.20806656777858734,0.44562897086143494,0.3205583691596985,-0.903539776802063,0.46943849325180054,0.42794203758239746,-1.1181732416152954,0.5446233153343201,0.47885584831237793,-1.245646357536316,0.5503584146499634,0.5174214243888855,-1.3940048217773438,0.5450762510299683,0.34675824642181396,-0.8952154517173767,0.2799070179462433,0.6042851209640503,-0.5430206060409546,0.37972569465637207,0.6167409420013428,-0.31460002064704895,0.37682658433914185,0.5785773992538452,-0.27114298939704895,0.3578472137451172,0.3751484155654907,-0.7574234008789062,0.10275110602378845,0.6300051808357239,-0.3181641399860382,0.19830761849880219,0.604874312877655,-0.040729861706495285,0.1989537626504898,0.5348880887031555,0.026489917188882828,0.1715545654296875,0.43436092138290405,-0.5370628237724304,-0.051600225269794464,0.62965327501297,-0.16032983362674713,0.056948453187942505,0.5852294564247131,0.03392000123858452,0.11279275268316269,0.49390479922294617,0.045594580471515656,0.13279560208320618
P,0.0,0.0,0.0,0.29640135169029236,-0.19963450729846954,-0.013180647976696491,0.4906877279281616,-0.48692211508750916,-0.04138870909810066,0.6572827100753784,-0.686617374420166,-0.09621695429086685,0.828044593334198,-0.8342614769935608,-0.1476672887802124,0.24749234318733215,-0.9319475293159485,0.06662128865718842,0.5246666669845581,-1.1517072916030884,-0.11243104934692383,0.7479023337364197,-1.1005010604858398,-0.2809638977050781,0.9174622297286987,-0.9829334020614624,-0.36925891041755676,0.1200626865029335,-0.9926883578300476,-0.012434422969818115,0.32163429260253906,-1.3359754085540771,-0.11706889420747757,0.5678665041923523,-1.4822278022766113,-0.20819708704948425,0.7918705940246582,-1.565773844718933,-0.26377713680267334,-0.029075587168335915,-0.9661620855331421,-0.12063504755496979,0.09366168826818466,-1.3511884212493896,-0.2204110324382782,0.2824600636959076,-1.5573886632919312,-0.2796817123889923,0.47878414392471313,-1.700913429260254,-0.31100234389305115,-0.19160455465316772,-0.8579816818237305,-0.23637336492538452,-0.18978318572044373,-1.1418689489364624,-0.30145174264907837,-0.08677954971790314,-1.3166186809539795,-0.30281829833984375,0.05911627039313316,-1.443895697593689,-0.2966431677341461,0.0,0.0,0.0,0.0,0.0,0.0,0.0,0.0,0.0,0.0,0.0,0.0,0.0,0.0,0.0,0.0,0.0,0.0,0.0,0.0,0.0,0.0,0.0,0.0,0.0,0.0,0.0,0.0,0.0,0.0,0.0,0.0,0.0,0.0,0.0,0.0,0.0,0.0,0.0,0.0,0.0,0.0,0.0,0.0,0.0,0.0,0.0,0.0,0.0,0.0,0.0,0.0,0.0,0.0,0.0,0.0,0.0,0.0,0.0,0.0,0.0,0.0,0.0
P,0.0,0.0,0.0,0.32286542654037476,-0.17017292976379395,-0.10096528381109238,0.594249963760376,-0.3279966711997986,-0.25439631938934326,0.707237184047699,-0.40334808826446533,-0.4143292307853699,0.6643746495246887,-0.48939621448516846,-0.5843528509140015,0.40136563777923584,-0.9240587949752808,-0.39962849020957947,0.5373071432113647,-1.5579452514648438,-0.5972325801849365,0.6103354096412659,-1.8640942573547363,-0.7251549959182739,0.6614094972610474,-2.15132474899292,-0.8190145492553711,0.1769181191921234,-0.8878657817840576,-0.4247285723686218,0.39456963539123535,-0.7347493171691895,-0.6000418066978455,0.3806266784667969,-0.3599652051925659,-0.5756431818008423,0.34675344824790955,-0.1611069291830063,-0.5724335312843323,0.00482201436534524,-0.7326413989067078,-0.4491373896598816,0.16066491603851318,-0.7344337701797485,-0.5695967078208923,0.1760452538728714,-0.5123893022537231,-0.42704930901527405,0.15333661437034607,-0.3732306957244873,-0.34734058380126953,-0.09230070561170578,-0.5785185098648071,-0.48286253213882446,-0.003582259174436331,-0.6796881556510925,-0.49855780601501465,0.04076388105750084,-0.5793278813362122,-0.3318890929222107,0.054964590817689896,-0.5065273642539978,-0.21820594370365143,0.0,0.0,0.0,-0.4491995871067047,-0.2265787124633789,0.0032116053625941277,-0.6452833414077759,-0.5359137058258057,-0.06012001633644104,-0.8182410001754761,-0.7547198534011841,-0.1416848599910736,-1.0501869916915894,-0.9102927446365356,-0.22323882579803467,-0.13444845378398895,-1.0314884185791016,-0.03391430899500847,-0.6505932211875916,-1.1305240392684937,-0.21429091691970825,-0.9634031653404236,-1.094059705734253,-0.3507269322872162,-1.1868813037872314,-1.036452293395996,-0.4328170120716095,-0.05971679463982582,-0.9910340905189514,-0.11952093988656998,-0.7072571516036987,-1.0066945552825928,-0.2915797233581543,-0.760821521282196,-0.7118868231773376,-0.33267295360565186,-0.6720415949821472,-0.5491597652435303,-0.340835303068161,-0.05508924275636673,-0.8792226314544678,-0.21773503720760345,-0.6934983730316162,-0.839655339717865,-0.36937373876571655,-0.6646097898483276,-0.553927481174469,-0.3142874240875244,-0.5227076411247253,-0.4333359897136688,-0.2586611211299896,-0.11136230081319809,-0.717065691947937,-0.3218192458152771,-0.6071748733520508,-0.6352978944778442,-0.4394811689853668,-0.5878827571868896,-0.44296586513519287,-0.41147229075431824,-0.4573860168457031,-0.377760112285614,-0.370896577835083
P,0.0,0.0,0.0,0.2977830767631531,-0.26689672470092773,-0.016903944313526154,0.6919941902160645,-0.49428215622901917,-0.11209765821695328,1.0683363676071167,-0.5154813528060913,-0.23386059701442719,1.3796669244766235,-0.4582037329673767,-0.3638991415500641,0.5658858418464661,-0.9244250059127808,-0.19684556126594543,0.7461168169975281,-1.3517814874649048,-0.35791948437690735,0.8466564416885376,-1.6363128423690796,-0.44445544481277466,0.9049596190452576,-1.8814589977264404,-0.5054868459701538,0.5157991647720337,-0.7995136380195618,-0.30778083205223083,1.049248218536377,-1.0011874437332153,-0.5137322545051575,1.2161707878112793,-0.810815691947937,-0.553415834903717,1.2380253076553345,-0.6726574897766113,-0.5453203916549683,0.4906947612762451,-0.5700556635856628,-0.4138615131378174,1.065230131149292,-0.5112826228141785,-0.5789482593536377,1.071805715560913,-0.31403255462646484,-0.5230611562728882,0.9638843536376953,-0.2365245819091797,-0.44940370321273804,0.4993060827255249,-0.2969188690185547,-0.5263872146606445,0.9618608951568604,-0.27512967586517334,-0.5808525681495667,0.9810052514076233,-0.1474624127149582,-0.490482360124588,0.896408200263977,-0.08826936036348343,-0.4126616418361664,0.0,0.0,0.0,-0.3153884708881378,-0.30769526958465576,-0.00225959625095129,-0.4525088667869568,-0.6088866591453552,-0.0607062391936779,-0.5566819310188293,-0.8116310834884644,-0.14200322329998016,-0.7131291031837463,-0.9886130690574646,-0.2220918983221054,-0.040258146822452545,-1.0417354106903076,-0.00040727839223109186,-0.3265581727027893,-1.2499840259552002,-0.1822342723608017,-0.5921993255615234,-1.2380411624908447,-0.31953972578048706,-0.7729918360710144,-1.1758326292037964,-0.3945864737033844,0.1049361452460289,-0.9905004501342773,-0.08886681497097015,-0.2523038387298584,-1.2110917568206787,-0.2499641329050064,-0.4090941846370697,-0.9783420562744141,-0.29206833243370056,-0.3962257206439972,-0.7971676588058472,-0.29465222358703613,0.18995042145252228,-0.8639822602272034,-0.1966414749622345,-0.22681637108325958,-1.0172309875488281,-0.33706197142601013,-0.3100875914096832,-0.7790191769599915,-0.27925026416778564,-0.24147552251815796,-0.6306065917015076,-0.21716700494289398,0.21124212443828583,-0.6770251989364624,-0.3110347092151642,-0.1643603891134262,-0.7491793036460876,-0.40427014231681824,-0.22614124417304993,-0.5846004486083984,-0.35504618287086487,-0.15598128736019135,-0.4851641058921814,-0.300685316324234
P,0.0,0.0,0.0,0.4621404707431793,0.02149648778140545,0.13460339605808258,0.7012791037559509,-0.11258143186569214,0.07646534591913223,0.9280977845191956,-0.25849586725234985,-0.05927311256527901,1.1059377193450928,-0.4253448247909546,-0.2031189501285553,0.6004587411880493,-0.7796053886413574,0.05398556590080261,0.8511093854904175,-1.1071580648422241,-0.05952119454741478,1.0062061548233032,-1.286351203918457,-0.10278849303722382,1.1150435209274292,-1.462288498878479,-0.138698011636734,0.4698115587234497,-0.8721017837524414,-0.1368047147989273,1.0166229009628296,-0.7362608313560486,-0.32563158869743347,0.909380316734314,-0.4029897451400757,-0.31417059898376465,0.7201326489448547,-0.31640613079071045,-0.252484530210495,0.3826785087585449,-0.7803540825843811,-0.32809150218963623,0.9144918322563171,-0.49626895785331726,-0.4988819658756256,0.7589461207389832,-0.19772310554981232,-0.41351404786109924,0.5556735396385193,-0.18534262478351593,-0.32427963614463806,0.33283352851867676,-0.6149612069129944,-0.5133466124534607,0.708950400352478,-0.25052639842033386,-0.6030183434486389,0.5793882012367249,-0.04301038384437561,-0.5368920564651489,0.3940761387348175,-0.0654880478978157,-0.474372535943985,0.0,0.0,0.0,-0.33352020382881165,-0.0390918031334877,0.0768001526594162,-0.6557312607765198,-0.2687144875526428,0.07252459973096848,-0.9285770654678345,-0.45420631766319275,0.01137707568705082,-1.1647096872329712,-0.5806445479393005,-0.057098206132650375,-0.49129924178123474,-0.7982209324836731,0.2052888423204422,-0.819535493850708,-0.9390661120414734,0.10171781480312347,-1.0334210395812988,-0.8454442024230957,-0.03765183314681053,-1.1631706953048706,-0.7325090169906616,-0.11995095014572144,-0.4110172986984253,-0.9072698354721069,0.08902958780527115,-0.7109289765357971,-1.259390950202942,0.08058873564004898,-0.9458271265029907,-1.4249664545059204,0.022605113685131073,-1.1640132665634155,-1.538870096206665,-0.03107457421720028,-0.3084448575973511,-0.9618905186653137,-0.05174313113093376,-0.5111310482025146,-1.3722145557403564,-0.06861326843500137,-0.7217701077461243,-1.6026839017868042,-0.10066364705562592,-0.9331392645835876,-1.7404998540878296,-0.1288933902978897,-0.206271231174469,-0.9784626364707947,-0.1972856968641281,-0.324278324842453,-1.33102548122406,-0.20088240504264832,-0.47950175404548645,-1.5143592357635498,-0.18324603140354156,-0.664819598197937,-1.6373525857925415,-0.17546388506889343
P,0.0,0.0,0.0,0.3649247884750366,-0.2724134027957916,-0.013886912725865841,0.46971097588539124,-0.6761552691459656,-0.039108648896217346,0.5057825446128845,-1.0027509927749634,-0.08264215290546417,0.5605369806289673,-1.245453119277954,-0.13678348064422607,0.4712766110897064,-0.9628170728683472,-0.07804545760154724,0.5000306367874146,-1.3931635618209839,-0.24247965216636658,0.5545835494995117,-1.6658415794372559,-0.3764522075653076,0.6115675568580627,-1.888380527496338,-0.4699302315711975,0.37907716631889343,-0.9087512493133545,-0.17456132173538208,0.36538994312286377,-1.3813337087631226,-0.3226371109485626,0.3932448625564575,-1.6839714050292969,-0.4407247006893158,0.4187872111797333,-1.9462660551071167,-0.5263421535491943,0.2699326276779175,-0.7658172249794006,-0.27998074889183044,0.24478501081466675,-1.203799843788147,-0.4339793920516968,0.24228867888450623,-1.4733792543411255,-0.5322591662406921,0.24216368794441223,-1.7180320024490356,-0.5973727107048035,0.15397827327251434,-0.5508135557174683,-0.38662055134773254,0.11207637190818787,-0.818209171295166,-0.5439364314079285,0.07903365790843964,-1.0233196020126343,-0.6185990571975708,0.044374506920576096,-1.2149382829666138,-0.6634775996208191,0.0,0.0,0.0,-0.3131372630596161,-0.19365078210830688,0.012417084537446499,-0.5184115767478943,-0.48858633637428284,-0.010622989386320114,-0.6803564429283142,-0.6712420582771301,-0.06168227642774582,-0.8656759858131409,-0.7857739925384521,-0.11549105495214462,-0.2650427222251892,-0.9360638856887817,0.09259223192930222,-0.5163581967353821,-1.1292206048965454,-0.06674616783857346,-0.7522156834602356,-1.0710504055023193,-0.24339786171913147,-0.9338551163673401,-0.9574772119522095,-0.3494154214859009,-0.15093198418617249,-0.9884979724884033,0.009555610828101635,-0.32481488585472107,-1.3120373487472534,-0.07040772587060928,-0.5350868701934814,-1.4535455703735352,-0.1854223608970642,-0.7327414155006409,-1.5472468137741089,-0.27507761120796204,-0.01905233785510063,-0.959466814994812,-0.09474124014377594,-0.07641518115997314,-1.3503153324127197,-0.1706967055797577,-0.22193102538585663,-1.5536227226257324,-0.24324685335159302,-0.3733538091182709,-1.703165054321289,-0.30264732241630554,0.120197594165802,-0.8547409176826477,-0.20246782898902893,0.14641422033309937,-1.1474730968475342,-0.2631152868270874,0.06806859374046326,-1.3274122476577759,-0.28005141019821167,-0.046816032379865646,-1.4761217832565308,-0.2961660325527191
P,0.0,0.0,0.0,0.40524375438690186,-0.1762821227312088,0.08568514138460159,0.672516405582428,-0.3659563958644867,0.12260936945676804,0.8763639330863953,-0.5273312330245972,0.10241114348173141,1.0957727432250977,-0.6823298335075378,0.08271321654319763,0.5591100454330444,-0.7296029329299927,0.34787994623184204,0.8047746419906616,-0.8597710728645325,0.28071409463882446,0.9893730282783508,-0.843370258808136,0.16968125104904175,1.1379748582839966,-0.8039196133613586,0.10641306638717651,0.5142935514450073,-0.8250885009765625,0.23394675552845,0.7199228405952454,-1.0994281768798828,0.22228281199932098,0.9299137592315674,-1.2403156757354736,0.15288536250591278,1.1290905475616455,-1.3284212350845337,0.09998646378517151,0.43411514163017273,-0.8798556923866272,0.08573310822248459,0.6172186732292175,-1.1894224882125854,0.06265705078840256,0.8219372630119324,-1.373608112335205,0.027602387592196465,1.0215760469436646,-1.5093467235565186,0.003918561153113842,0.3511403501033783,-0.9001009464263916,-0.06950913369655609,0.47956734895706177,-1.203603744506836,-0.07202345877885818,0.6169583201408386,-1.3769469261169434,-0.052036866545677185,0.7659187912940979,-1.5111064910888672,-0.03926684334874153,0.0,0.0,0.0,0.0,0.0,0.0,0.0,0.0,0.0,0.0,0.0,0.0,0.0,0.0,0.0,0.0,0.0,0.0,0.0,0.0,0.0,0.0,0.0,0.0,0.0,0.0,0.0,0.0,0.0,0.0,0.0,0.0,0.0,0.0,0.0,0.0,0.0,0.0,0.0,0.0,0.0,0.0,0.0,0.0,0.0,0.0,0.0,0.0,0.0,0.0,0.0,0.0,0.0,0.0,0.0,0.0,0.0,0.0,0.0,0.0,0.0,0.0,0.0
P,0.0,0.0,0.0,0.4450019598007202,-0.23850150406360626,-0.0028356637340039015,0.6174113154411316,-0.5090742111206055,-0.07332393527030945,0.799690842628479,-0.7005916833877563,-0.17551352083683014,1.0243288278579712,-0.8398206233978271,-0.2664676904678345,0.1496652364730835,-1.0197581052780151,-0.025300465524196625,0.6381261944770813,-1.1055294275283813,-0.19216187298297882,0.9445456862449646,-1.0847101211547852,-0.3058512806892395,1.1542551517486572,-1.0424922704696655,-0.38107678294181824,0.06272095441818237,-0.9905580878257751,-0.12190422415733337,0.694165050983429,-1.0020638704299927,-0.3182186484336853,0.7387901544570923,-0.7192927598953247,-0.3487757444381714,0.6288918852806091,-0.5916885733604431,-0.3363111913204193,0.06194267049431801,-0.8735752701759338,-0.23209668695926666,0.6712432503700256,-0.8144714832305908,-0.41765129566192627,0.6771559119224548,-0.5570073127746582,-0.36460772156715393,0.5402704477310181,-0.46887722611427307,-0.2930814027786255,0.11428677290678024,-0.7124053239822388,-0.34856805205345154,0.5849032998085022,-0.622689962387085,-0.4535160958766937,0.5794345736503601,-0.4372413456439972,-0.4062235653400421,0.4498036801815033,-0.3829016089439392,-0.3529433310031891,0.0,0.0,0.0,-0.3918170928955078,-0.12520892918109894,-0.09047339111566544,-0.6036543250083923,-0.3387848138809204,-0.21481667459011078,-0.7546825408935547,-0.5249636173248291,-0.35418900847435,-0.8208900690078735,-0.6483861804008484,-0.498750776052475,-0.25151172280311584,-1.0062956809997559,-0.17060326039791107,-0.3723766803741455,-1.3839761018753052,-0.36610060930252075,-0.4792057275772095,-1.6905871629714966,-0.4979744553565979,-0.5562233924865723,-1.9363462924957275,-0.6018667817115784,-0.04466920718550682,-0.9701292514801025,-0.23844078183174133,-0.6088194251060486,-0.8907769918441772,-0.5019299983978271,-0.6703218817710876,-0.5622901916503906,-0.5238314270973206,-0.5636112093925476,-0.41077861189842224,-0.4902362823486328,0.058553725481033325,-0.8086666464805603,-0.32317253947257996,-0.5393489003181458,-0.6173913478851318,-0.5390477776527405,-0.5477259755134583,-0.36763206124305725,-0.4323546290397644,-0.4265456199645996,-0.27888792753219604,-0.31909170746803284,0.07847122102975845,-0.5752330422401428,-0.42597243189811707,-0.39532381296157837,-0.3935898542404175,-0.5922525525093079,-0.3999169170856476,-0.21947430074214935,-0.5448221564292908,-0.27496692538261414,-0.1771070510149002,-0.46899113059043884
P,0.0,0.0,0.0,0.34652867913246155,-0.40542030334472656,0.04775311425328255,0.4902368485927582,-0.7035397291183472,-0.015115167945623398,0.6356751918792725,-0.9102640151977539,-0.12626929581165314,0.7749325037002563,-1.0609581470489502,-0.22225309908390045,0.029874509200453758,-1.0473904609680176,0.0420219786465168,0.3406168222427368,-1.3085130453109741,-0.1305519938468933,0.6314464807510376,-1.281163215637207,-0.2544214129447937,0.8030946254730225,-1.1993504762649536,-0.31793805956840515,-0.10788068175315857,-0.9916892051696777,-0.07010208070278168,0.3235381841659546,-1.2517465353012085,-0.23363986611366272,0.466140478849411,-1.0163356065750122,-0.2703371047973633,0.4223186671733856,-0.8590812087059021,-0.265728235244751,-0.16079320013523102,-0.890897810459137,-0.1943160444498062,0.3037685751914978,-1.0531631708145142,-0.32483357191085815,0.38594281673431396,-0.8144026398658752,-0.24733969569206238,0.29055055975914,-0.684301495552063,-0.16652293503284454,-0.16010455787181854,-0.7452040910720825,-0.32529303431510925,0.2467174082994461,-0.790311872959137,-0.3730800151824951,0.283008873462677,-0.6275283694267273,-0.28565922379493713,0.1599048376083374,-0.5365974307060242,-0.20688408613204956,0.0,0.0,0.0,-0.39961615204811096,-0.29974865913391113,0.020457375794649124,-0.6786320805549622,-0.5166782736778259,-0.062031496316194534,-0.9258490800857544,-0.5989452600479126,-0.1762935221195221,-1.1183913946151733,-0.5926921367645264,-0.29547011852264404,-0.485910028219223,-0.9928101301193237,-0.10663878172636032,-0.62795090675354,-1.3815854787826538,-0.23669792711734772,-0.6970782279968262,-1.6130526065826416,-0.30688759684562683,-0.7324963212013245,-1.8227967023849487,-0.3604930639266968,-0.41028380393981934,-0.8869723081588745,-0.21200798451900482,-0.8592146039009094,-1.0550146102905273,-0.3940753638744354,-1.0192334651947021,-0.8665266036987305,-0.4138513505458832,-1.0444278717041016,-0.7049412727355957,-0.39702191948890686,-0.3908516764640808,-0.6981463432312012,-0.317209392786026,-0.8863701820373535,-0.6269634962081909,-0.4492183029651642,-0.9032304883003235,-0.44361361861228943,-0.3914758265018463,-0.8040029406547546,-0.3653865158557892,-0.32878124713897705,-0.4146322011947632,-0.4798831045627594,-0.4263080060482025,-0.8302035331726074,-0.4314878284931183,-0.476528525352478,-0.8635249733924866,-0.3173961937427521,-0.41528061032295227,-0.7842745184898376,-0.28088927268981934,-0.3589531183242798
P,0.0,0.0,0.0,0.0,0.0,0.0,0.0,0.0,0.0,0.0,0.0,0.0,0.0,0.0,0.0,0.0,0.0,0.0,0.0,0.0,0.0,0.0,0.0,0.0,0.0,0.0,0.0,0.0,0.0,0.0,0.0,0.0,0.0,0.0,0.0,0.0,0.0,0.0,0.0,0.0,0.0,0.0,0.0,0.0,0.0,0.0,0.0,0.0,0.0,0.0,0.0,0.0,0.0,0.0,0.0,0.0,0.0,0.0,0.0,0.0,0.0,0.0,0.0,0.0,0.0,0.0,-0.1818947046995163,-0.45839908719062805,0.10339987277984619,-0.3836325705051422,-0.7847071290016174,0.17005117237567902,-0.5408391356468201,-0.9891088008880615,0.20497643947601318,-0.6762921810150146,-1.1076505184173584,0.23807406425476074,-0.3157835006713867,-0.9294080138206482,0.2469969093799591,-0.4766722321510315,-1.2432793378829956,0.30275681614875793,-0.5928855538368225,-1.3758999109268188,0.315534383058548,-0.6907877326011658,-1.4694081544876099,0.32028692960739136,-0.3554019331932068,-0.9127817749977112,0.20129312574863434,-0.5375638008117676,-1.2149755954742432,0.25389689207077026,-0.6548826694488525,-1.2833857536315918,0.24372097849845886,-0.7271152138710022,-1.3003414869308472,0.23394101858139038,-0.4067676365375519,-0.8587050437927246,0.1524328738451004,-0.6149036288261414,-1.1254045963287354,0.21157202124595642,-0.7204839587211609,-1.1079578399658203,0.20655786991119385,-0.7721953988075256,-1.052655816078186,0.194467231631279,-0.4577878713607788,-0.7712246775627136,0.10818420350551605,-0.6237054467201233,-0.9752709269523621,0.1672370880842209,-0.70991051197052,-1.0117464065551758,0.1842883974313736,-0.7541507482528687,-1.0014780759811401,0.1904202252626419
Q,0.0,0.0,0.0,0.0,0.0,0.0,0.0,0.0,0.0,0.0,0.0,0.0,0.0,0.0,0.0,0.0,0.0,0.0,0.0,0.0,0.0,0.0,0.0,0.0,0.0,0.0,0.0,0.0,0.0,0.0,0.0,0.0,0.0,0.0,0.0,0.0,0.0,0.0,0.0,0.0,0.0,0.0,0.0,0.0,0.0,0.0,0.0,0.0,0.0,0.0,0.0,0.0,0.0,0.0,0.0,0.0,0.0,0.0,0.0,0.0,0.0,0.0,0.0,0.0,0.0,0.0,-0.4473511874675751,-0.12024867534637451,-0.09158698469400406,-0.7179325819015503,-0.33112460374832153,-0.15520864725112915,-0.8701893091201782,-0.5098074078559875,-0.22461974620819092,-0.9387287497520447,-0.6990800499916077,-0.2940685749053955,-0.3958800137042999,-0.945197343826294,-0.07473602145910263,-0.5085325241088867,-1.117143154144287,-0.24281054735183716,-0.6997476816177368,-0.9824453592300415,-0.4169321656227112,-0.8612255454063416,-0.7609889507293701,-0.5244442820549011,-0.15859048068523407,-0.9803988337516785,-0.11690622568130493,-0.14153890311717987,-1.373232364654541,-0.23799394071102142,-0.3511785864830017,-1.2943120002746582,-0.35426443815231323,-0.5363463759422302,-1.079218864440918,-0.4455852210521698,0.04543430730700493,-0.899955689907074,-0.18124406039714813,0.07981635630130768,-1.1987121105194092,-0.31102320551872253,-0.06706130504608154,-1.174514889717102,-0.3948858678340912,-0.1970837116241455,-1.0547239780426025,-0.4552813470363617,0.18881399929523468,-0.6891213059425354,-0.25256794691085815,0.24866196513175964,-0.8907402753829956,-0.362972617149353,0.20533175766468048,-0.9249528646469116,-0.39407679438591003,0.14373797178268433,-0.8778025507926941,-0.41667550802230835
Q,0.0,0.0,0.0,0.0,0.0,0.0,0.0,0.0,0.0,0.0,0.0,0.0,0.0,0.0,0.0,0.0,0.0,0.0,0.0,0.0,0.0,0.0,0.0,0.0,0.0,0.0,0.0,0.0,0.0,0.0,0.0,0.0,0.0,0.0,0.0,0.0,0.0,0.0,0.0,0.0,0.0,0.0,0.0,0.0,0.0,0.0,0.0,0.0,0.0,0.0,0.0,0.0,0.0,0.0,0.0,0.0,0.0,0.0,0.0,0.0,0.0,0.0,0.0,0.0,0.0,0.0,-0.4478127360343933,-0.0675668865442276,0.20681197941303253,-0.7104682326316833,-0.181435227394104,0.25906315445899963,-0.9216631650924683,-0.2677595317363739,0.22397981584072113,-1.0836772918701172,-0.4517044723033905,0.18203160166740417,-0.6113058924674988,-0.7230775356292725,0.3955255448818207,-0.8790445923805237,-0.8403412103652954,0.2879779636859894,-1.0192216634750366,-0.7361843585968018,0.14015857875347137,-1.0790586471557617,-0.582714855670929,0.0656193196773529,-0.5395132899284363,-0.813839852809906,0.21584773063659668,-0.7698898911476135,-1.1395903825759888,0.184364914894104,-0.9922044277191162,-1.2457304000854492,0.11359363049268723,-1.1846880912780762,-1.2396130561828613,0.07046030461788177,-0.45080825686454773,-0.856425404548645,0.01083249133080244,-0.6335034370422363,-1.2141185998916626,0.005604555830359459,-0.8413600921630859,-1.3509241342544556,0.008578641340136528,-1.0191240310668945,-1.3623324632644653,0.01714061200618744,-0.37580621242523193,-0.87143474817276,-0.19479183852672577,-0.4891167879104614,-1.1858336925506592,-0.1876160204410553,-0.6558043956756592,-1.324973702430725,-0.15700936317443848,-0.8191566467285156,-1.374454379081726,-0.12694379687309265
Q,0.0,0.0,0.0,0.40560391545295715,-0.3416691720485687,-0.09572461247444153,0.7082047462463379,-0.6780382990837097,-0.1874467134475708,0.9767013192176819,-0.9080447554588318,-0.2853187322616577,1.170644760131836,-1.0497349500656128,-0.38724809885025024,0.4109095335006714,-1.0068937540054321,-0.2759819030761719,0.5404940247535706,-1.292056918144226,-0.5154151916503906,0.7001513242721558,-1.071913242340088,-0.6838428974151611,0.8764626383781433,-0.8017438650131226,-0.7868853807449341,0.16129812598228455,-0.917851984500885,-0.362671434879303,0.17783664166927338,-1.4056529998779297,-0.568914532661438,0.3945348560810089,-1.3570843935012817,-0.6901236176490784,0.6094925403594971,-1.1912522315979004,-0.7768804430961609,-0.07987357676029205,-0.7302134037017822,-0.46183013916015625,-0.18602758646011353,-1.1108793020248413,-0.6631102561950684,0.0030801326502114534,-1.1021816730499268,-0.7440379858016968,0.2287050187587738,-1.0246623754501343,-0.7965763211250305,-0.2797941565513611,-0.47590920329093933,-0.569320023059845,-0.47883203625679016,-0.6432669758796692,-0.7230640649795532,-0.43580299615859985,-0.7003758549690247,-0.7660518288612366,-0.3237317204475403,-0.7257561683654785,-0.7982172966003418,0.0,0.0,0.0,-0.45310547947883606,-0.17293314635753632,0.008152538910508156,-0.7781044840812683,-0.41648632287979126,-0.0177617147564888,-0.9904344081878662,-0.5747628211975098,-0.07342814654111862,-1.1078249216079712,-0.7249736189842224,-0.1257030963897705,-0.742499589920044,-0.8721708655357361,-0.06355088204145432,-0.9522174000740051,-1.2089537382125854,-0.23071464896202087,-1.1644740104675293,-1.1644834280014038,-0.3137187957763672,-1.2890501022338867,-1.0075773000717163,-0.34091728925704956,-0.5245689749717712,-0.8400025963783264,-0.13864725828170776,-0.8789858818054199,-0.5264998078346252,-0.3046931028366089,-0.8771424293518066,-0.27181848883628845,-0.3225025236606598,-0.7983558773994446,-0.17276038229465485,-0.30254238843917847,-0.30444779992103577,-0.6686089038848877,-0.22432534396648407,-0.6401791572570801,-0.21760337054729462,-0.3673645555973053,-0.6024600863456726,-0.03216293826699257,-0.3184235394001007,-0.5267972946166992,-0.016489706933498383,-0.25373658537864685,-0.12023001909255981,-0.4382684528827667,-0.3129636347293854,-0.3674846589565277,-0.08486860245466232,-0.3938029110431671,-0.36082586646080017,0.0308091938495636,-0.34508857131004333,-0.29736101627349854,0.020327946171164513,-0.2798832952976227
Q,0.0,0.0,0.0,0.37829771637916565,-0.22891123592853546,-0.0679883062839508,0.6913483142852783,-0.43963441252708435,-0.1956741362810135,0.9734461903572083,-0.48295846581459045,-0.3338189721107483,1.1937521696090698,-0.4600527584552765,-0.4740510582923889,0.4570220708847046,-0.9330172538757324,-0.19115951657295227,0.8117191791534424,-1.1189578771591187,-0.4482112228870392,1.0147196054458618,-0.8959318995475769,-0.6424720883369446,1.139863133430481,-0.6110802292823792,-0.738324761390686,0.31234776973724365,-0.9060657024383545,-0.2854537069797516,0.4868529736995697,-1.4009242057800293,-0.47406864166259766,0.7516738176345825,-1.5227909088134766,-0.6007204651832581,0.9802427887916565,-1.5479525327682495,-0.6699542999267578,0.14035683870315552,-0.7482661604881287,-0.3987584710121155,0.23809558153152466,-1.1668140888214111,-0.5705717206001282,0.43603622913360596,-1.3521595001220703,-0.6876755356788635,0.6148251295089722,-1.5038336515426636,-0.7504199147224426,0.010795213282108307,-0.5124542117118835,-0.5139796733856201,-0.09564545005559921,-0.789505660533905,-0.6438469290733337,-0.14185640215873718,-1.0065890550613403,-0.6940789222717285,-0.17720206081867218,-1.21168851852417,-0.7226198315620422,0.0,0.0,0.0,-0.403289258480072,-0.02131178043782711,-0.020393813028931618,-0.6876493096351624,-0.10851190239191055,-0.09972461313009262,-0.8970364332199097,-0.08044778555631638,-0.2098674178123474,-1.0743052959442139,0.013882800936698914,-0.32661890983581543,-0.7608691453933716,-0.7795847654342651,-0.07531797885894775,-0.991207480430603,-1.1430858373641968,-0.21563060581684113,-1.148271083831787,-1.2365237474441528,-0.2996000051498413,-1.2718801498413086,-1.277379035949707,-0.3464386761188507,-0.6056011915206909,-0.7807756662368774,-0.15374155342578888,-0.9999129772186279,-0.6584146022796631,-0.33978015184402466,-1.0453988313674927,-0.30878034234046936,-0.3853149116039276,-0.984150767326355,-0.09886520355939865,-0.37967532873153687,-0.4600794315338135,-0.6549322605133057,-0.24194294214248657,-0.814612865447998,-0.39333486557006836,-0.3977181911468506,-0.8358494639396667,-0.11450246721506119,-0.3733845055103302,-0.7761175632476807,0.025277482345700264,-0.3186328113079071,-0.3380001485347748,-0.46480250358581543,-0.33542880415916443,-0.6195651888847351,-0.2720808684825897,-0.4075809419155121,-0.6854659914970398,-0.06866881996393204,-0.36767131090164185,-0.6680534482002258,0.050010841339826584,-0.3134268820285797
Q,0.0,0.0,0.0,0.38390856981277466,-0.02625895105302334,-0.11275246739387512,0.7098467946052551,-0.1138000413775444,-0.19219641387462616,0.8801419138908386,-0.24492336809635162,-0.2917215824127197,0.8300846815109253,-0.40377116203308105,-0.3780423104763031,0.6898351907730103,-0.6812827587127686,0.050651825964450836,0.9259274005889893,-0.7506003975868225,-0.16314032673835754,0.912678599357605,-0.5485681295394897,-0.37182068824768066,0.843758761882782,-0.3715550899505615,-0.47689032554626465,0.5372331142425537,-0.8433964848518372,0.007941829040646553,0.7985866069793701,-1.1320691108703613,-0.09183108061552048,0.978392481803894,-1.2731786966323853,-0.20403026044368744,1.1453371047973633,-1.411231279373169,-0.28404319286346436,0.3368222415447235,-0.9298784732818604,-0.08031879365444183,0.5645171999931335,-1.2672241926193237,-0.17709709703922272,0.70307457447052,-1.463013768196106,-0.25494951009750366,0.8447355031967163,-1.6425427198410034,-0.30105262994766235,0.10064803063869476,-0.9468389749526978,-0.18725299835205078,0.2568126916885376,-1.2251296043395996,-0.21918857097625732,0.3711007535457611,-1.3871577978134155,-0.19886744022369385,0.4919615089893341,-1.540341854095459,-0.18616408109664917,0.0,0.0,0.0,-0.4123472273349762,-0.07615203410387039,-0.015999309718608856,-0.6390631794929504,-0.2971055209636688,-0.08223535865545273,-0.7695989608764648,-0.465317040681839,-0.18279896676540375,-0.7829508781433105,-0.5659881830215454,-0.27759894728660583,-0.4466875195503235,-0.9385117292404175,-0.011427285149693489,-0.5111351609230042,-1.3693299293518066,-0.16914618015289307,-0.6273542642593384,-1.4815512895584106,-0.24504752457141876,-0.7011189460754395,-1.5504382848739624,-0.28356245160102844,-0.30413591861724854,-0.948205292224884,-0.09169585257768631,-0.6797659993171692,-0.8194655179977417,-0.2956765294075012,-0.6582086086273193,-0.571976900100708,-0.3088701367378235,-0.5345649719238281,-0.5333262085914612,-0.27278807759284973,-0.2201484888792038,-0.8443954586982727,-0.19086329638957977,-0.5733382701873779,-0.5631533265113831,-0.3694353997707367,-0.5141188502311707,-0.38035309314727783,-0.2975878119468689,-0.4020015299320221,-0.40343722701072693,-0.20402315258979797,-0.18674156069755554,-0.6853474974632263,-0.2982953190803528,-0.45939600467681885,-0.4447864890098572,-0.3903236389160156,-0.4172162711620331,-0.3072039783000946,-0.32905516028404236,-0.3245810866355896,-0.3299180269241333,-0.25413763523101807
Q,0.0,0.0,0.0,0.34711843729019165,-0.262726366519928,0.059598203748464584,0.5502886772155762,-0.48840922117233276,0.060879334807395935,0.7205396890640259,-0.655597984790802,0.03808222711086273,0.8805282115936279,-0.7873243689537048,0.020351804792881012,0.43309906125068665,-0.8554268479347229,0.06139665096998215,0.6294448375701904,-0.9907222986221313,0.015077436342835426,0.7439536452293396,-0.9570090770721436,-0.02445197105407715,0.8261557221412659,-0.9114214181900024,-0.04709381237626076,0.3725285828113556,-0.9280133843421936,-0.0036856455262750387,0.5947328805923462,-1.274916648864746,-0.049181725829839706,0.7976883053779602,-1.4268698692321777,-0.0776442438364029,0.9584826827049255,-1.4895330667495728,-0.09539557248353958,0.32179445028305054,-0.9143505692481995,-0.07164907455444336,0.5026552081108093,-1.2473609447479248,-0.10455448180437088,0.695549488067627,-1.4228291511535645,-0.11866968125104904,0.8674691319465637,-1.5415383577346802,-0.12916983664035797,0.3114760220050812,-0.8415188789367676,-0.13740845024585724,0.3745320439338684,-1.1082322597503662,-0.1486862748861313,0.4413111209869385,-1.2516663074493408,-0.14006692171096802,0.5162544846534729,-1.3427823781967163,-0.13464277982711792,0.0,0.0,0.0,0.0,0.0,0.0,0.0,0.0,0.0,0.0,0.0,0.0,0.0,0.0,0.0,0.0,0.0,0.0,0.0,0.0,0.0,0.0,0.0,0.0,0.0,0.0,0.0,0.0,0.0,0.0,0.0,0.0,0.0,0.0,0.0,0.0,0.0,0.0,0.0,0.0,0.0,0.0,0.0,0.0,0.0,0.0,0.0,0.0,0.0,0.0,0.0,0.0,0.0,0.0,0.0,0.0,0.0,0.0,0.0,0.0,0.0,0.0,0.0
Q,0.0,0.0,0.0,-0.23140475153923035,-0.04128856956958771,-0.15273508429527283,-0.42691782116889954,-0.2571299374103546,-0.22745302319526672,-0.6123680472373962,-0.4731598198413849,-0.2626073658466339,-0.7226714491844177,-0.662344753742218,-0.2795102000236511,-0.18789801001548767,-0.8195561170578003,-0.27068543434143066,-0.4780210852622986,-1.031962275505066,-0.3241810202598572,-0.5902516841888428,-0.8482221961021423,-0.3196682035923004,-0.634147584438324,-0.65255206823349,-0.309795081615448,-0.10503087192773819,-0.9723044037818909,-0.2087888866662979,-0.324223130941391,-1.4555597305297852,-0.2974134087562561,-0.5089647769927979,-1.6063687801361084,-0.32434332370758057,-0.6687696576118469,-1.68709135055542,-0.33662933111190796,-0.05759650841355324,-1.0233145952224731,-0.14573970437049866,-0.21310119330883026,-1.515482783317566,-0.22434934973716736,-0.3542648255825043,-1.7085498571395874,-0.2694331109523773,-0.484356164932251,-1.825715184211731,-0.29630959033966064,-0.04302874580025673,-0.9860736727714539,-0.08750851452350616,-0.02232227846980095,-1.3182227611541748,-0.1662578582763672,-0.051809437572956085,-1.535649061203003,-0.22179697453975677,-0.11372119933366776,-1.7184295654296875,-0.2569429874420166,0.0,0.0,0.0,0.0,0.0,0.0,0.0,0.0,0.0,0.0,0.0,0.0,0.0,0.0,0.0,0.0,0.0,0.0,0.0,0.0,0.0,0.0,0.0,0.0,0.0,0.0,0.0,0.0,0.0,0.0,0.0,0.0,0.0,0.0,0.0,0.0,0.0,0.0,0.0,0.0,0.0,0.0,0.0,0.0,0.0,0.0,0.0,0.0,0.0,0.0,0.0,0.0,0.0,0.0,0.0,0.0,0.0,0.0,0.0,0.0,0.0,0.0,0.0
Q,0.0,0.0,0.0,0.2685337960720062,-0.10742455720901489,0.13586023449897766,0.4908949136734009,-0.2746030390262604,0.16262619197368622,0.6512917280197144,-0.39200127124786377,0.12541477382183075,0.6786730885505676,-0.5689619183540344,0.07771261781454086,0.31954410672187805,-0.8478890061378479,0.2831273674964905,0.45994389057159424,-1.041549563407898,0.21965287625789642,0.5554803013801575,-0.965584397315979,0.1434812992811203,0.581336498260498,-0.8130728006362915,0.12157181650400162,0.23678860068321228,-0.9586381316184998,0.15793728828430176,0.37855494022369385,-1.2773892879486084,0.13069088757038116,0.5436536073684692,-1.3759750127792358,0.06732431054115295,0.6482568979263306,-1.3264636993408203,0.035027097910642624,0.1256221979856491,-0.9977244138717651,0.016193807125091553,0.2247326374053955,-1.3460257053375244,0.015501365065574646,0.4298161268234253,-1.4557805061340332,-0.0041160183027386665,0.5616832375526428,-1.4675548076629639,-0.011235232464969158,-0.003984355367720127,-0.9660690426826477,-0.1242562085390091,0.036554671823978424,-1.2807097434997559,-0.12792284786701202,0.1886879801750183,-1.4516379833221436,-0.13516786694526672,0.32146093249320984,-1.5307117700576782,-0.132578507065773,0.0,0.0,0.0,0.0,0.0,0.0,0.0,0.0,0.0,0.0,0.0,0.0,0.0,0.0,0.0,0.0,0.0,0.0,0.0,0.0,0.0,0.0,0.0,0.0,0.0,0.0,0.0,0.0,0.0,0.0,0.0,0.0,0.0,0.0,0.0,0.0,0.0,0.0,0.0,0.0,0.0,0.0,0.0,0.0,0.0,0.0,0.0,0.0,0.0,0.0,0.0,0.0,0.0,0.0,0.0,0.0,0.0,0.0,0.0,0.0,0.0,0.0,0.0
Q,0.0,0.0,0.0,0.38619980216026306,-0.0787963718175888,-0.033370066434144974,0.6637749671936035,-0.3078254163265228,-0.13248778879642487,0.8666971921920776,-0.4872473180294037,-0.25867587327957153,0.7874568104743958,-0.5999083518981934,-0.37807080149650574,0.35309457778930664,-0.9626247882843018,-0.11860466003417969,0.47889289259910583,-1.3142822980880737,-0.29927030205726624,0.6314681172370911,-1.5078660249710083,-0.40398427844047546,0.7086172699928284,-1.6244741678237915,-0.4672214388847351,0.17361170053482056,-0.9606186747550964,-0.21695800125598907,0.6923055648803711,-0.929624617099762,-0.44659316539764404,0.6864592432975769,-0.6324998140335083,-0.47257381677627563,0.5348897576332092,-0.561980128288269,-0.4408184885978699,0.05873764678835869,-0.847423255443573,-0.32606178522109985,0.5564741492271423,-0.6680124998092651,-0.5478835105895996,0.5194761157035828,-0.42287299036979675,-0.4966643154621124,0.37668168544769287,-0.4239002764225006,-0.4181029498577118,-0.006893315818160772,-0.6723691821098328,-0.44032853841781616,0.3978930711746216,-0.47993409633636475,-0.5605619549751282,0.3546624183654785,-0.29867395758628845,-0.49903592467308044,0.20547768473625183,-0.2955021858215332,-0.43279021978378296,0.0,0.0,0.0,-0.27441972494125366,-0.055782489478588104,-0.05860183387994766,-0.5637508034706116,-0.31667912006378174,-0.10238275676965714,-0.7233875393867493,-0.5763497948646545,-0.16991879045963287,-0.8174416422843933,-0.7876051664352417,-0.22411532700061798,-0.43872636556625366,-0.8289681673049927,-0.006353883538395166,-0.6427761912345886,-1.0465550422668457,-0.1532595008611679,-0.60895174741745,-0.8627665638923645,-0.27215734124183655,-0.5498363375663757,-0.7169744372367859,-0.3381800353527069,-0.2613752782344818,-0.963668942451477,-0.055002328008413315,-0.5021443367004395,-1.3406645059585571,-0.1735757291316986,-0.6606080532073975,-1.5033444166183472,-0.2627941966056824,-0.8391175866127014,-1.6547775268554688,-0.3186490833759308,-0.08077103644609451,-1.0192292928695679,-0.12829314172267914,-0.30058589577674866,-1.376751184463501,-0.23539578914642334,-0.4458865523338318,-1.5764343738555908,-0.2898280620574951,-0.6097853779792786,-1.7628718614578247,-0.3180127441883087,0.09455413371324539,-0.9991415739059448,-0.21094506978988647,-0.05296855792403221,-1.3022767305374146,-0.261926531791687,-0.18025678396224976,-1.4996716976165771,-0.2680221498012543,-0.3218074142932892,-1.6924289464950562,-0.2721323072910309
Q,0.0,0.0,0.0,0.30721452832221985,-0.07894927263259888,-0.07356590777635574,0.5623334646224976,-0.1635974645614624,-0.1877882480621338,0.7571190595626831,-0.19137266278266907,-0.3197596073150635,0.8766040802001953,-0.12854188680648804,-0.4513959288597107,0.6390745639801025,-0.8334327340126038,-0.1405259519815445,0.8667716979980469,-1.1227904558181763,-0.29797354340553284,1.056936502456665,-1.2104545831680298,-0.3989294767379761,1.2080140113830566,-1.2474093437194824,-0.4622034430503845,0.48463353514671326,-0.851165771484375,-0.20161165297031403,0.8189162611961365,-0.7396233677864075,-0.3874300420284271,0.8236783146858215,-0.4099700152873993,-0.4380178153514862,0.7419536113739014,-0.23989126086235046,-0.4417338967323303,0.330554723739624,-0.7371546626091003,-0.27244916558265686,0.6228410005569458,-0.5033873915672302,-0.4470044672489166,0.6260257959365845,-0.2283172309398651,-0.4270501434803009,0.5631470084190369,-0.09959453344345093,-0.37477850914001465,0.19510403275489807,-0.5566144585609436,-0.35267046093940735,0.4246024787425995,-0.3751576840877533,-0.44915738701820374,0.48381420969963074,-0.1772816777229309,-0.40858662128448486,0.47158166766166687,-0.06844627112150192,-0.351545125246048,0.0,0.0,0.0,-0.39124739170074463,-0.19424736499786377,-0.06502988934516907,-0.6744583249092102,-0.36151349544525146,-0.19783465564250946,-0.8750007152557373,-0.37748512625694275,-0.3455195128917694,-1.0757898092269897,-0.32362979650497437,-0.4989953935146332,-0.5870696902275085,-0.8709862232208252,-0.2591659724712372,-0.8147087097167969,-1.1182760000228882,-0.5102324485778809,-0.9311229586601257,-0.8733639717102051,-0.7038135528564453,-0.9903932213783264,-0.6099311113357544,-0.8222041726112366,-0.4685053527355194,-0.8144671320915222,-0.34226611256599426,-0.6613836884498596,-1.0830639600753784,-0.5965846180915833,-0.8009766936302185,-0.9788342118263245,-0.7340760827064514,-0.906281054019928,-0.8570770025253296,-0.8107748627662659,-0.2962378263473511,-0.7004369497299194,-0.43560972809791565,-0.42521122097969055,-1.0509557723999023,-0.6276748776435852,-0.5002772212028503,-1.092717170715332,-0.6913713812828064,-0.5579230189323425,-1.1206045150756836,-0.7284809350967407,-0.12147998064756393,-0.5448352694511414,-0.530585527420044,-0.05995260179042816,-0.7501996159553528,-0.6682848334312439,-0.01744147017598152,-0.8790501356124878,-0.7001502513885498,0.024038169533014297,-1.030555009841919,-0.7203023433685303
R,0.0,0.0,0.0,0.0,0.0,0.0,0.0,0.0,0.0,0.0,0.0,0.0,0.0,0.0,0.0,0.0,0.0,0.0,0.0,0.0,0.0,0.0,0.0,0.0,0.0,0.0,0.0,0.0,0.0,0.0,0.0,0.0,0.0,0.0,0.0,0.0,0.0,0.0,0.0,0.0,0.0,0.0,0.0,0.0,0.0,0.0,0.0,0.0,0.0,0.0,0.0,0.0,0.0,0.0,0.0,0.0,0.0,0.0,0.0,0.0,0.0,0.0,0.0,0.0,0.0,0.0,0.06100814417004585,-0.4452703297138214,0.14916402101516724,0.22164644300937653,-0.7652114033699036,0.2108016163110733,0.3129432499408722,-0.9867626428604126,0.2136833518743515,0.3492491841316223,-1.2185598611831665,0.20961947739124298,0.39659130573272705,-0.9345328211784363,0.2202603816986084,0.3475482761859894,-1.331404447555542,0.13968192040920258,0.22788046300411224,-1.6194727420806885,0.05275070294737816,0.09905295073986053,-1.862662672996521,-0.0024662900250405073,0.43617182970046997,-0.8955439925193787,0.08806239813566208,0.19563670456409454,-1.4321290254592896,0.02855628915131092,-0.020703576505184174,-1.8120085000991821,-0.058056481182575226,-0.2264070361852646,-2.1156580448150635,-0.12854143977165222,0.46233317255973816,-0.8248881697654724,-0.05227984860539436,0.20912808179855347,-1.3601065874099731,-0.1250647008419037,-0.027595199644565582,-1.717883825302124,-0.20288488268852234,-0.24337679147720337,-1.990665078163147,-0.2596744894981384,0.47364088892936707,-0.7238582372665405,-0.1850966513156891,0.25878316164016724,-1.1524335145950317,-0.23800040781497955,0.05987605080008507,-1.3854361772537231,-0.2643268406391144,-0.14026935398578644,-1.5646319389343262,-0.2839444875717163
R,0.0,0.0,0.0,0.0,0.0,0.0,0.0,0.0,0.0,0.0,0.0,0.0,0.0,0.0,0.0,0.0,0.0,0.0,0.0,0.0,0.0,0.0,0.0,0.0,0.0,0.0,0.0,0.0,0.0,0.0,0.0,0.0,0.0,0.0,0.0,0.0,0.0,0.0,0.0,0.0,0.0,0.0,0.0,0.0,0.0,0.0,0.0,0.0,0.0,0.0,0.0,0.0,0.0,0.0,0.0,0.0,0.0,0.0,0.0,0.0,0.0,0.0,0.0,0.0,0.0,0.0,-0.028157858178019524,-0.6480121612548828,-0.09389977157115936,0.06276722997426987,-1.1206841468811035,-0.1395232230424881,0.20419155061244965,-1.4813412427902222,-0.1763709932565689,0.2676607370376587,-1.8163800239562988,-0.20966506004333496,0.6391762495040894,-0.9322782754898071,-0.055188197642564774,0.9210088849067688,-1.2345479726791382,-0.09934210032224655,1.084585189819336,-1.3853484392166138,-0.15258178114891052,1.2331669330596924,-1.507646918296814,-0.20143365859985352,0.7497949600219727,-0.6574037671089172,-0.0750197023153305,1.08378267288208,-0.8965082168579102,-0.11939844489097595,1.2835921049118042,-1.0606204271316528,-0.17420725524425507,1.441132664680481,-1.1895655393600464,-0.22417373955249786,0.762595534324646,-0.3679835796356201,-0.10924048721790314,1.073747992515564,-0.4867612421512604,-0.16286668181419373,1.2541019916534424,-0.5991262197494507,-0.19599923491477966,1.4137017726898193,-0.7172127962112427,-0.2293398678302765,0.7119066119194031,-0.04888065531849861,-0.15420643985271454,0.9724893569946289,-0.06352655589580536,-0.21687749028205872,1.1167463064193726,-0.0921904444694519,-0.23236608505249023,1.2572543621063232,-0.14316631853580475,-0.2457432597875595
R,0.0,0.0,0.0,0.0,0.0,0.0,0.0,0.0,0.0,0.0,0.0,0.0,0.0,0.0,0.0,0.0,0.0,0.0,0.0,0.0,0.0,0.0,0.0,0.0,0.0,0.0,0.0,0.0,0.0,0.0,0.0,0.0,0.0,0.0,0.0,0.0,0.0,0.0,0.0,0.0,0.0,0.0,0.0,0.0,0.0,0.0,0.0,0.0,0.0,0.0,0.0,0.0,0.0,0.0,0.0,0.0,0.0,0.0,0.0,0.0,0.0,0.0,0.0,0.0,0.0,0.0,0.02489965222775936,-0.7917346954345703,-0.060946024954319,0.21623820066452026,-1.264459252357483,-0.11191397905349731,0.38114938139915466,-1.5472835302352905,-0.17466384172439575,0.48431500792503357,-1.842301845550537,-0.238266721367836,0.5518919229507446,-1.0497230291366577,-0.08038866519927979,0.8223733305931091,-1.3725212812423706,-0.20762880146503448,0.9430217742919922,-1.630873680114746,-0.30524250864982605,1.0396029949188232,-1.8715474605560303,-0.373527854681015,0.6208539605140686,-0.7676301002502441,-0.15901032090187073,0.914865255355835,-1.0806865692138672,-0.2703205347061157,1.0681962966918945,-1.3493012189865112,-0.3526593744754791,1.1795262098312378,-1.5834068059921265,-0.4131593704223633,0.641697108745575,-0.4401903748512268,-0.2553253769874573,0.9490780234336853,-0.6010966897010803,-0.3638831377029419,1.130655288696289,-0.7570801973342896,-0.42085736989974976,1.2744159698486328,-0.9193640351295471,-0.4677562713623047,0.609607994556427,-0.08979754149913788,-0.36094239354133606,0.8558554649353027,-0.0904172733426094,-0.45391854643821716,1.0148441791534424,-0.14463724195957184,-0.4793165922164917,1.1462563276290894,-0.22081173956394196,-0.500282347202301
R,0.0,0.0,0.0,-0.09101369231939316,-0.31176522374153137,-0.152371346950531,-0.3774680197238922,-0.573600172996521,-0.25668081641197205,-0.6244993805885315,-0.7698909044265747,-0.349592000246048,-0.8082435131072998,-1.010066270828247,-0.45192620158195496,-0.817234456539154,-0.5056096315383911,-0.2969781160354614,-1.1907141208648682,-0.782377302646637,-0.4980018734931946,-1.4298145771026611,-0.9909073710441589,-0.6264852285385132,-1.638440489768982,-1.16953706741333,-0.712698221206665,-0.8705952763557434,-0.35061752796173096,-0.34515371918678284,-1.2878021001815796,-0.6336696743965149,-0.5398065447807312,-1.5717898607254028,-0.8545213937759399,-0.6661093235015869,-1.8132002353668213,-1.0496710538864136,-0.7497993111610413,-0.8448553085327148,-0.13167975842952728,-0.40523144602775574,-1.2724376916885376,-0.31039169430732727,-0.5985568165779114,-1.5777148008346558,-0.4619906544685364,-0.7053986191749573,-1.8299689292907715,-0.610616147518158,-0.769518256187439,-0.749331533908844,0.12272991985082626,-0.4728449285030365,-1.0897011756896973,0.0626361221075058,-0.6568166017532349,-1.3304764032363892,-0.02247970923781395,-0.7373437881469727,-1.5405515432357788,-0.11369204521179199,-0.7818930745124817,0.0,0.0,0.0,-0.3942597508430481,-1.1596137285232544,-0.5469905138015747,-1.0431822538375854,-2.3296825885772705,-0.9021564722061157,-1.8270267248153687,-3.283931255340576,-1.1728904247283936,-2.4467921257019043,-3.94197940826416,-1.4628444910049438,-0.22920499742031097,-0.87464439868927,-1.0113738775253296,-1.4407520294189453,-1.2113851308822632,-1.342952013015747,-2.1935160160064697,-1.689993977546692,-1.6445679664611816,-2.5530452728271484,-2.2003352642059326,-1.9077380895614624,-0.2900684177875519,-0.03966899961233139,-0.9561833739280701,-1.967900276184082,-0.7799196243286133,-1.2604544162750244,-2.7508137226104736,-1.1816047430038452,-1.5329512357711792,-3.0529439449310303,-1.4470781087875366,-1.8791059255599976,-0.32516297698020935,0.5457816123962402,-0.8998754024505615,-1.8288016319274902,-0.19738337397575378,-1.3549411296844482,-2.5338938236236572,-0.827939510345459,-1.6177809238433838,-2.91365385055542,-1.3221757411956787,-1.8592976331710815,-0.29192233085632324,1.0354663133621216,-0.8631048202514648,-1.0489319562911987,0.7157180309295654,-1.2191396951675415,-1.523856520652771,0.2795521914958954,-1.3244049549102783,-1.9318114519119263,-0.11888216435909271,-1.4563019275665283
R,0.0,0.0,0.0,0.3265182077884674,-0.3818413019180298,-0.052002862095832825,0.6709801554679871,-0.7650045156478882,-0.15526722371578217,0.9299573302268982,-1.0361475944519043,-0.2619413733482361,1.1486366987228394,-1.27073335647583,-0.3941020965576172,0.6241815090179443,-0.7977146506309509,-0.4303690791130066,0.9350845217704773,-1.1530004739761353,-0.7200618982315063,1.1974378824234009,-1.4198304414749146,-0.9114975333213806,1.4281104803085327,-1.6250274181365967,-1.0455701351165771,0.5299535989761353,-0.6317330598831177,-0.5657405853271484,0.8375164270401001,-0.9705004692077637,-0.8562782406806946,1.0875533819198608,-1.242180347442627,-1.0308884382247925,1.314581274986267,-1.4824575185775757,-1.1576015949249268,0.4005591869354248,-0.3746667206287384,-0.6912404298782349,0.6582744717597961,-0.6086006164550781,-0.9713358879089355,0.8706238865852356,-0.7927256226539612,-1.09601628780365,1.068111777305603,-0.9869111180305481,-1.1821346282958984,0.24809658527374268,-0.05947636812925339,-0.811892032623291,0.3786084055900574,-0.028652384877204895,-1.0802971124649048,0.5151883363723755,-0.07579963654279709,-1.1800930500030518,0.6388917565345764,-0.15772564709186554,-1.245056390762329,0.0,0.0,0.0,-0.04094602167606354,-0.5541295409202576,-0.08693546056747437,0.27095064520835876,-1.0170255899429321,-0.08687123656272888,0.646957278251648,-1.2147796154022217,-0.06763104349374771,0.8860664963722229,-1.1286516189575195,-0.04139186441898346,0.7471482157707214,-0.719065248966217,-0.09032244235277176,1.1641089916229248,-0.9363423585891724,-0.11208776384592056,1.3517680168151855,-1.1562964916229248,-0.12349588423967361,1.4498915672302246,-1.327789306640625,-0.1360369622707367,0.8992569446563721,-0.4342728853225708,-0.052382662892341614,1.0108181238174438,-0.8064141273498535,-0.06592317670583725,0.8704025149345398,-0.9130598306655884,-0.044666603207588196,0.7623284459114075,-0.8911885023117065,-0.02945254184305668,0.9529559016227722,-0.24273967742919922,-0.017471252009272575,1.0330814123153687,-0.609545111656189,-0.04253322631120682,0.9123767018318176,-0.7072168588638306,-0.005269232206046581,0.8001136183738708,-0.6770274639129639,0.02445083297789097,0.9505552649497986,-0.12091147154569626,0.011767524294555187,1.0064777135849,-0.4453074634075165,0.012817882001399994,0.9201224446296692,-0.5367531776428223,0.06015661358833313,0.8230188488960266,-0.5034648776054382,0.10263940691947937
R,0.0,0.0,0.0,-0.09919064491987228,-0.5131863355636597,0.028790513053536415,0.019593358039855957,-0.921787679195404,0.05404801294207573,0.19852204620838165,-1.0640679597854614,0.07324989140033722,0.33785364031791687,-0.9981853365898132,0.0918230265378952,0.5310148000717163,-0.959021806716919,-0.015418573282659054,0.7470065951347351,-1.2457126379013062,0.005846642889082432,0.791157603263855,-1.4082833528518677,0.01570853218436241,0.8013551831245422,-1.5000107288360596,0.015377373434603214,0.7173826098442078,-0.6962806582450867,-0.023569665849208832,0.689725935459137,-0.8855635523796082,0.03829112648963928,0.5571650266647339,-0.8485986590385437,0.07515237480401993,0.49092549085617065,-0.7380298376083374,0.08287028968334198,0.7820885181427002,-0.44549721479415894,-0.023271922022104263,0.7100426554679871,-0.6062796711921692,0.031825143843889236,0.6062660813331604,-0.586561381816864,0.05745525658130646,0.5386792421340942,-0.4966553747653961,0.05123305693268776,0.7860195636749268,-0.2576221227645874,-0.02203405275940895,0.723196268081665,-0.3900204598903656,0.025281211361289024,0.6280099749565125,-0.3701106607913971,0.0636487603187561,0.554527997970581,-0.29049152135849,0.08524636924266815,0.0,0.0,0.0,-0.022020258009433746,-0.35121849179267883,-0.1064596101641655,0.0803113505244255,-0.7276603579521179,-0.21180132031440735,0.16167165338993073,-1.003928303718567,-0.3175659477710724,0.23876449465751648,-1.2546751499176025,-0.4394145607948303,0.4657098650932312,-0.8876243829727173,-0.30837762355804443,0.6886357665061951,-1.309867024421692,-0.5445799231529236,0.8277865648269653,-1.648307204246521,-0.7195851802825928,0.9239539504051208,-1.941581130027771,-0.833441436290741,0.5163931846618652,-0.7586811184883118,-0.39716628193855286,0.7729943990707397,-1.1813101768493652,-0.6226783394813538,0.9185170531272888,-1.5673130750656128,-0.7929016947746277,1.0374380350112915,-1.9121460914611816,-0.9013120532035828,0.5176069736480713,-0.5508067607879639,-0.48629939556121826,0.7896758913993835,-0.8721356987953186,-0.7074036002159119,0.9192662239074707,-1.1619877815246582,-0.8343681693077087,1.0300853252410889,-1.4409619569778442,-0.9102498292922974,0.4574011266231537,-0.28823956847190857,-0.5787767171859741,0.6894857883453369,-0.3550240099430084,-0.7816027402877808,0.8562637567520142,-0.42966440320014954,-0.849844217300415,1.0159990787506104,-0.49804913997650146,-0.878925621509552
R,0.0,0.0,0.0,0.27039507031440735,-0.3243153393268585,-0.005195175297558308,0.5038766860961914,-0.6449912190437317,-0.016374759376049042,0.669025719165802,-0.8448873162269592,-0.03756249323487282,0.7787919640541077,-0.9354398846626282,-0.053348295390605927,0.5189990401268005,-0.9215566515922546,0.04048537090420723,0.7391843199729919,-1.2311862707138062,-0.0023410634603351355,0.784162163734436,-1.344008445739746,-0.05456172674894333,0.7354907989501953,-1.4294878244400024,-0.08475808054208755,0.4931807518005371,-0.8696237206459045,0.022966166958212852,0.6969665884971619,-1.1782726049423218,-0.013428821228444576,0.7012509703636169,-1.2390400171279907,-0.07401815801858902,0.6215426325798035,-1.2798104286193848,-0.11596236377954483,0.4842824935913086,-0.7620562314987183,0.0009675179608166218,0.7751604914665222,-1.0637705326080322,-0.04287649318575859,0.8357647657394409,-1.1004443168640137,-0.09326335787773132,0.8062155842781067,-1.1095733642578125,-0.12555555999279022,0.4834047853946686,-0.6200047731399536,-0.018192481249570847,0.7196334004402161,-0.7692023515701294,-0.04448508843779564,0.7601902484893799,-0.7367233037948608,-0.050815727561712265,0.7175154089927673,-0.6850166916847229,-0.05140405893325806,0.0,0.0,0.0,0.0,0.0,0.0,0.0,0.0,0.0,0.0,0.0,0.0,0.0,0.0,0.0,0.0,0.0,0.0,0.0,0.0,0.0,0.0,0.0,0.0,0.0,0.0,0.0,0.0,0.0,0.0,0.0,0.0,0.0,0.0,0.0,0.0,0.0,0.0,0.0,0.0,0.0,0.0,0.0,0.0,0.0,0.0,0.0,0.0,0.0,0.0,0.0,0.0,0.0,0.0,0.0,0.0,0.0,0.0,0.0,0.0,0.0,0.0,0.0
S,0.0,0.0,0.0,0.5184184908866882,0.0560702420771122,-0.05804281681776047,0.8888541460037231,-0.11496111005544662,-0.09952609986066818,1.1164427995681763,-0.32315540313720703,-0.1680241823196411,1.1691641807556152,-0.48960283398628235,-0.2311067134141922,0.8772443532943726,-0.5297854542732239,-0.004003852140158415,1.1320126056671143,-0.6331760883331299,-0.16977454721927643,1.0772918462753296,-0.4199134111404419,-0.2957542836666107,0.9547570943832397,-0.21064333617687225,-0.36026984453201294,0.7439377903938293,-0.6635511517524719,-0.07909760624170303,1.0280418395996094,-0.7518678307533264,-0.30802121758461,0.932521641254425,-0.4553142786026001,-0.45028427243232727,0.7561916708946228,-0.20462948083877563,-0.5058003664016724,0.563123345375061,-0.8105728626251221,-0.17730022966861725,0.8772167563438416,-0.9421814680099487,-0.41331735253334045,0.7528544664382935,-0.6237087249755859,-0.5122836232185364,0.5770487189292908,-0.35943111777305603,-0.5285289883613586,0.3287065029144287,-0.9310992360115051,-0.2775367796421051,0.43441706895828247,-1.3003604412078857,-0.4448436200618744,0.5007097125053406,-1.3720149993896484,-0.5296369791030884,0.5302165150642395,-1.3805135488510132,-0.5704428553581238,0.0,0.0,0.0,0.0,0.0,0.0,0.0,0.0,0.0,0.0,0.0,0.0,0.0,0.0,0.0,0.0,0.0,0.0,0.0,0.0,0.0,0.0,0.0,0.0,0.0,0.0,0.0,0.0,0.0,0.0,0.0,0.0,0.0,0.0,0.0,0.0,0.0,0.0,0.0,0.0,0.0,0.0,0.0,0.0,0.0,0.0,0.0,0.0,0.0,0.0,0.0,0.0,0.0,0.0,0.0,0.0,0.0,0.0,0.0,0.0,0.0,0.0,0.0
S,0.0,0.0,0.0,0.02913660556077957,-0.3960734009742737,-0.022955022752285004,0.17764262855052948,-0.775495707988739,-0.030487168580293655,0.312807559967041,-1.0511292219161987,-0.0540950670838356,0.4320368468761444,-1.2701871395111084,-0.06441273540258408,0.5143399834632874,-0.8529273271560669,0.08101631700992584,0.7304102778434753,-1.123772382736206,0.022456325590610504,0.6296031475067139,-1.10517156124115,-0.028366681188344955,0.4758486747741699,-1.0116084814071655,-0.05117620527744293,0.633120596408844,-0.7714551687240601,0.06336627155542374,0.8517466187477112,-1.0531307458877563,9.335389040643349e-05,0.7276201248168945,-1.0536231994628906,-0.04153164103627205,0.5433186888694763,-0.9495715498924255,-0.05098883435130119,0.712794840335846,-0.6576103568077087,0.02864743582904339,0.9408063888549805,-0.929036557674408,0.0014844152610749006,0.8569077253341675,-0.970148503780365,0.007954592816531658,0.7266579270362854,-0.9383389353752136,0.022357048466801643,0.7373040318489075,-0.5031366944313049,-0.015375366434454918,0.877850353717804,-0.59961998462677,-0.03479154035449028,0.9117483496665955,-0.6961694955825806,-0.04128850996494293,0.9044884443283081,-0.7698054909706116,-0.03671220690011978,0.0,0.0,0.0,-0.05463983863592148,-0.48794230818748474,-0.10778138786554337,0.023431478068232536,-1.0121315717697144,-0.1823730319738388,0.12654154002666473,-1.414456844329834,-0.26392707228660583,0.1663350909948349,-1.7571343183517456,-0.32471710443496704,0.5607895255088806,-0.9378278851509094,-0.08550843596458435,0.7713685035705566,-1.3303840160369873,-0.2470911592245102,0.588024914264679,-1.1907926797866821,-0.34769120812416077,0.42474955320358276,-0.976384699344635,-0.3999735414981842,0.7174603939056396,-0.6875685453414917,-0.11180353909730911,0.9483936429023743,-1.0305099487304688,-0.3198586702346802,0.7055289149284363,-0.9363423585891724,-0.42546436190605164,0.50822514295578,-0.7715972065925598,-0.455692857503891,0.8139961957931519,-0.38800445199012756,-0.16043978929519653,1.133469581604004,-0.6612458229064941,-0.33654505014419556,0.9840645790100098,-0.6994207501411438,-0.40647226572036743,0.8215668797492981,-0.6656431555747986,-0.42249545454978943,0.837648868560791,-0.0527946762740612,-0.21611551940441132,1.1092116832733154,0.11205437779426575,-0.3653714954853058,1.2275590896606445,0.1311059147119522,-0.4571637809276581,1.3203612565994263,0.12795321643352509,-0.500799298286438
S,0.0,0.0,0.0,0.021064795553684235,-0.46854230761528015,-0.07135625183582306,0.08755076676607132,-0.9008579850196838,-0.07344213873147964,0.15507826209068298,-1.1983661651611328,-0.07565844058990479,0.21742349863052368,-1.3596888780593872,-0.06004217267036438,0.47321653366088867,-0.9076409339904785,0.10052259266376495,0.5606743097305298,-1.1962993144989014,0.04081723466515541,0.4263213574886322,-1.360100269317627,-0.029331378638744354,0.296725869178772,-1.4471864700317383,-0.05659060925245285,0.4581524133682251,-0.879073441028595,0.13162904977798462,0.4689677357673645,-1.1494218111038208,0.06015400588512421,0.2524459660053253,-1.247976541519165,-0.01348524633795023,0.10142668336629868,-1.2432761192321777,-0.02846968173980713,0.4157050549983978,-0.8191227316856384,0.14239630103111267,0.3676440119743347,-1.0247368812561035,0.07736799865961075,0.17711737751960754,-1.1169803142547607,0.017780078575015068,0.04077702388167381,-1.1129446029663086,0.014433345757424831,0.3575609028339386,-0.7233228087425232,0.14866971969604492,0.26431259512901306,-0.8993999361991882,0.12754884362220764,0.1401376575231552,-0.9989454746246338,0.11762113124132156,0.04583432152867317,-1.028198003768921,0.13873057067394257,0.0,0.0,0.0,0.3476782739162445,0.07935500890016556,-0.19345636665821075,0.6160675287246704,-0.14619532227516174,-0.2972196340560913,0.8496495485305786,-0.5197550058364868,-0.38427025079727173,1.055124282836914,-0.7913450598716736,-0.4433635473251343,0.44699764251708984,-0.6377660632133484,-0.3578607439994812,0.5109316110610962,-1.3176319599151611,-0.6386265754699707,0.7046491503715515,-1.190948247909546,-0.7884856462478638,0.9279766082763672,-1.0065863132476807,-0.8558427691459656,0.45199933648109436,-0.8281794190406799,-0.33138418197631836,0.4014960825443268,-1.3555434942245483,-0.6456954479217529,0.552696943283081,-1.0836199522018433,-0.7288788557052612,0.7498818039894104,-0.8507436513900757,-0.7464890480041504,0.4927203953266144,-0.912391722202301,-0.32854753732681274,0.4392411708831787,-1.3531936407089233,-0.6008775234222412,0.5866312980651855,-1.133839726448059,-0.6213073134422302,0.743115246295929,-0.9310083389282227,-0.5855249166488647,0.5681772828102112,-0.9221051931381226,-0.34393200278282166,0.6380239129066467,-1.3334693908691406,-0.5009186267852783,0.7604482769966125,-1.3115566968917847,-0.517126739025116,0.8893831968307495,-1.2303099632263184,-0.5034201145172119
S,0.0,0.0,0.0,-0.28812098503112793,-0.7439862489700317,-0.16777804493904114,-0.7615898251533508,-1.5016918182373047,-0.4052771031856537,-0.9535529613494873,-2.144068479537964,-0.6221988201141357,-0.9715312123298645,-2.7055463790893555,-0.8499826192855835,-0.8920797109603882,-0.7279261350631714,-0.7611337900161743,-1.2033653259277344,-2.096146821975708,-1.068726658821106,-1.174269437789917,-2.9032928943634033,-1.207703948020935,-1.1191449165344238,-3.353348731994629,-1.2893668413162231,-0.47634589672088623,-0.1574726700782776,-0.8650416135787964,-0.8071807622909546,-1.8699002265930176,-1.204775333404541,-0.6422188878059387,-2.5293195247650146,-1.3583626747131348,-0.4891490638256073,-2.7215301990509033,-1.4702832698822021,0.03280632570385933,0.34308934211730957,-0.953117847442627,-0.15274064242839813,-1.1006792783737183,-1.3600635528564453,0.007648006081581116,-1.7454057931900024,-1.5909146070480347,0.09568696469068527,-2.0134103298187256,-1.7226872444152832,0.6060044765472412,0.8559589385986328,-1.025610327720642,0.5004760026931763,0.2376595288515091,-1.4214950799942017,0.5609446167945862,-0.06974506378173828,-1.6081942319869995,0.6204343438148499,-0.18786241114139557,-1.7254889011383057,0.0,0.0,0.0,-0.1648906022310257,-0.9683339595794678,-0.15324006974697113,-0.30369338393211365,-1.7429625988006592,-0.2765767574310303,-0.4204426109790802,-2.297011375427246,-0.40280136466026306,-0.40418505668640137,-2.680518627166748,-0.5391480326652527,0.05813143029808998,-1.375289797782898,-0.3692839741706848,-0.1665826141834259,-1.8095993995666504,-0.6076927185058594,-0.23145751655101776,-2.0028786659240723,-0.7922142148017883,-0.24017556011676788,-2.161228656768799,-0.9189971089363098,0.10923973470926285,-0.8914792537689209,-0.43969467282295227,-0.12004698812961578,-1.3933689594268799,-0.6359022855758667,-0.14681223034858704,-1.5320990085601807,-0.7791649699211121,-0.1265091598033905,-1.6019197702407837,-0.9124186038970947,0.12751159071922302,-0.4493476450443268,-0.520476222038269,-0.09345085918903351,-0.5157257318496704,-0.8178184032440186,0.004242317751049995,-0.28994086384773254,-0.971238911151886,0.13303513824939728,-0.09823441505432129,-1.0699462890625,0.10660870373249054,-0.029820170253515244,-0.6019284725189209,-0.07599396258592606,0.004809980746358633,-0.895967423915863,-0.018674591556191444,0.2566642165184021,-0.9984780550003052,0.08071865886449814,0.5175573229789734,-1.0614465475082397
S,0.0,0.0,0.0,-0.1622290164232254,-0.5662591457366943,-0.004318512976169586,-0.12274835258722305,-1.141724705696106,-0.12873496115207672,0.0401899591088295,-1.4772933721542358,-0.2655543088912964,0.2781106233596802,-1.5700994729995728,-0.3761584758758545,-0.15070697665214539,-1.1487292051315308,-0.33445748686790466,0.34214937686920166,-1.626786470413208,-0.5660858750343323,0.3704240024089813,-1.4973831176757812,-0.6435098052024841,0.22620441019535065,-1.3084890842437744,-0.6600735187530518,0.04188884422183037,-0.892699122428894,-0.44870230555534363,0.6538009643554688,-1.3626182079315186,-0.6367909908294678,0.5867894887924194,-1.1974271535873413,-0.594501256942749,0.3454926908016205,-1.0086125135421753,-0.5541440844535828,0.27126574516296387,-0.6513951420783997,-0.5614631772041321,0.781349778175354,-1.0499101877212524,-0.6638656258583069,0.7116387486457825,-0.8931732177734375,-0.5118820667266846,0.5057401657104492,-0.7427474856376648,-0.4099116027355194,0.507628321647644,-0.4296605587005615,-0.679291307926178,0.8816785216331482,-0.7714786529541016,-0.6900832653045654,0.83560711145401,-0.6610250473022461,-0.5507939457893372,0.6689141988754272,-0.5346081256866455,-0.45806339383125305,0.0,0.0,0.0,0.0,0.0,0.0,0.0,0.0,0.0,0.0,0.0,0.0,0.0,0.0,0.0,0.0,0.0,0.0,0.0,0.0,0.0,0.0,0.0,0.0,0.0,0.0,0.0,0.0,0.0,0.0,0.0,0.0,0.0,0.0,0.0,0.0,0.0,0.0,0.0,0.0,0.0,0.0,0.0,0.0,0.0,0.0,0.0,0.0,0.0,0.0,0.0,0.0,0.0,0.0,0.0,0.0,0.0,0.0,0.0,0.0,0.0,0.0,0.0
S,0.0,0.0,0.0,0.32712894678115845,0.28203317523002625,-0.0783793181180954,0.8296148777008057,0.38567519187927246,-0.10457254201173782,1.1764329671859741,0.4500998556613922,-0.1530761867761612,1.4126548767089844,0.6184908747673035,-0.1765517294406891,1.055168867111206,-0.04192224517464638,0.028387567028403282,1.2527962923049927,0.08616827428340912,-0.15546974539756775,0.9484971761703491,0.15393246710300446,-0.24127031862735748,0.7065133452415466,0.16012874245643616,-0.2586187720298767,0.9741490483283997,-0.2258257120847702,-0.006026829592883587,1.1597192287445068,-0.0532190166413784,-0.24799901247024536,0.8078681230545044,0.03771885484457016,-0.31653448939323425,0.559123158454895,0.04256438836455345,-0.2978833317756653,0.8601192235946655,-0.3883477449417114,-0.07442469149827957,1.0572354793548584,-0.22386480867862701,-0.31420913338661194,0.7306926250457764,-0.10876539349555969,-0.2993173599243164,0.4964500069618225,-0.09563081711530685,-0.2140471190214157,0.719169557094574,-0.5459281206130981,-0.1497800350189209,0.965035080909729,-0.4862293601036072,-0.3012269139289856,1.0007238388061523,-0.40462350845336914,-0.30559587478637695,1.0413708686828613,-0.38603487610816956,-0.2665027976036072,0.0,0.0,0.0,0.0,0.0,0.0,0.0,0.0,0.0,0.0,0.0,0.0,0.0,0.0,0.0,0.0,0.0,0.0,0.0,0.0,0.0,0.0,0.0,0.0,0.0,0.0,0.0,0.0,0.0,0.0,0.0,0.0,0.0,0.0,0.0,0.0,0.0,0.0,0.0,0.0,0.0,0.0,0.0,0.0,0.0,0.0,0.0,0.0,0.0,0.0,0.0,0.0,0.0,0.0,0.0,0.0,0.0,0.0,0.0,0.0,0.0,0.0,0.0
S,0.0,0.0,0.0,0.340056836605072,0.14877749979496002,-0.0496038980782032,0.7764519453048706,0.07170207798480988,-0.07944851368665695,1.1187098026275635,-0.010656474158167839,-0.13222764432430267,1.3112317323684692,-0.09403636306524277,-0.191585510969162,0.9962220788002014,-0.22600044310092926,-0.024173637852072716,1.293217658996582,-0.23468463122844696,-0.2020018994808197,1.320875644683838,-0.015970511361956596,-0.34185847640037537,1.2157313823699951,0.17316068708896637,-0.4006960988044739,0.90016770362854,-0.4289887547492981,-0.07527776062488556,1.1751508712768555,-0.41083037853240967,-0.27161407470703125,1.0321378707885742,-0.17689664661884308,-0.370837926864624,0.8075304627418518,-0.020864082500338554,-0.39298492670059204,0.7342138290405273,-0.6262058019638062,-0.14743494987487793,1.0486749410629272,-0.6572851538658142,-0.3254426419734955,0.9660170078277588,-0.4264375865459442,-0.37444692850112915,0.7975304126739502,-0.2382241040468216,-0.3657020628452301,0.4931439161300659,-0.8128179311752319,-0.2222222536802292,0.6752223968505859,-1.0262969732284546,-0.3557186424732208,0.7839387655258179,-0.9563964605331421,-0.3935105800628662,0.8195554614067078,-0.8314146995544434,-0.3937069773674011,0.0,0.0,0.0,0.0,0.0,0.0,0.0,0.0,0.0,0.0,0.0,0.0,0.0,0.0,0.0,0.0,0.0,0.0,0.0,0.0,0.0,0.0,0.0,0.0,0.0,0.0,0.0,0.0,0.0,0.0,0.0,0.0,0.0,0.0,0.0,0.0,0.0,0.0,0.0,0.0,0.0,0.0,0.0,0.0,0.0,0.0,0.0,0.0,0.0,0.0,0.0,0.0,0.0,0.0,0.0,0.0,0.0,0.0,0.0,0.0,0.0,0.0,0.0
S,0.0,0.0,0.0,0.4399040937423706,0.16222700476646423,-0.09109462052583694,0.9002523422241211,0.18274866044521332,-0.14534428715705872,1.196638584136963,0.07277515530586243,-0.2280610352754593,1.223487138748169,-0.13541798293590546,-0.2989930808544159,1.0065559148788452,-0.3864264488220215,-0.03534655272960663,1.2409400939941406,-0.44725674390792847,-0.2524712383747101,1.0114610195159912,-0.21496577560901642,-0.37503159046173096,0.7676684260368347,-0.049502551555633545,-0.3952615261077881,0.8012091517448425,-0.5939674973487854,-0.07257036119699478,1.010676622390747,-0.6250397562980652,-0.3024229109287262,0.7060087323188782,-0.3326326310634613,-0.36742180585861206,0.4495220184326172,-0.16328030824661255,-0.34369006752967834,0.5469277501106262,-0.7750327587127686,-0.14213836193084717,0.759899914264679,-0.8251200914382935,-0.35433387756347656,0.5050944089889526,-0.5318892598152161,-0.34050485491752625,0.2758886218070984,-0.33574122190475464,-0.25735533237457275,0.2613663077354431,-0.918721079826355,-0.21992965042591095,0.4432959258556366,-1.1983728408813477,-0.31252405047416687,0.531182050704956,-1.2696338891983032,-0.29653531312942505,0.5805286169052124,-1.32295823097229,-0.2508912980556488,0.0,0.0,0.0,0.0,0.0,0.0,0.0,0.0,0.0,0.0,0.0,0.0,0.0,0.0,0.0,0.0,0.0,0.0,0.0,0.0,0.0,0.0,0.0,0.0,0.0,0.0,0.0,0.0,0.0,0.0,0.0,0.0,0.0,0.0,0.0,0.0,0.0,0.0,0.0,0.0,0.0,0.0,0.0,0.0,0.0,0.0,0.0,0.0,0.0,0.0,0.0,0.0,0.0,0.0,0.0,0.0,0.0,0.0,0.0,0.0,0.0,0.0,0.0
T,0.0,0.0,0.0,-0.04733218997716904,-0.43217000365257263,0.015525776892900467,0.17731603980064392,-0.7521575093269348,0.016274092718958855,0.4606857895851135,-0.7763425707817078,0.012625190429389477,0.6260055899620056,-0.6542236804962158,0.0008190124062821269,0.5639681220054626,-0.8733325004577637,-0.06949827075004578,0.8593998551368713,-1.227914571762085,-0.10309392958879471,1.0526254177093506,-1.4417861700057983,-0.13862772285938263,1.191009283065796,-1.5973927974700928,-0.17634926736354828,0.7758648991584778,-0.6242839097976685,-0.09112214297056198,0.8172394037246704,-0.8169108033180237,-0.09205642342567444,0.6604825258255005,-0.7787029147148132,-0.06013350561261177,0.5526180863380432,-0.6941573619842529,-0.04363204538822174,0.850391149520874,-0.3741704821586609,-0.1067647635936737,0.7961678504943848,-0.543731689453125,-0.09843338280916214,0.6682456731796265,-0.5187475681304932,-0.049612171947956085,0.5665158629417419,-0.4336737096309662,-0.027435995638370514,0.8597074151039124,-0.1622093915939331,-0.12372536957263947,0.8172826170921326,-0.31074368953704834,-0.1023625060915947,0.7067457437515259,-0.287109911441803,-0.04287431761622429,0.616370677947998,-0.21681323647499084,0.0005139117711223662,0.0,0.0,0.0,0.19961628317832947,-0.315579354763031,-0.15542447566986084,0.6248611211776733,-0.5346350073814392,-0.2646561861038208,0.9355877041816711,-0.7219555974006653,-0.3644159436225891,1.1692436933517456,-0.9656758904457092,-0.4793245196342468,0.9501837491989136,-0.3162856698036194,-0.30279260873794556,1.4087207317352295,-0.4250817894935608,-0.5111826062202454,1.7066906690597534,-0.5026805400848389,-0.65522301197052,1.9787662029266357,-0.5540229082107544,-0.7572482228279114,0.9248383641242981,-0.12393892556428909,-0.35960111021995544,1.4068996906280518,-0.27251511812210083,-0.5797778964042664,1.7407788038253784,-0.3773205280303955,-0.7325459718704224,2.053178071975708,-0.4588031768798828,-0.8312072157859802,0.8121030926704407,0.10257063806056976,-0.4268202781677246,1.2700811624526978,-0.024325568228960037,-0.6489985585212708,1.590752363204956,-0.12111657857894897,-0.7694235444068909,1.8912780284881592,-0.21167661249637604,-0.8384026288986206,0.6444868445396423,0.35540464520454407,-0.5002608895301819,0.9915692210197449,0.30595797300338745,-0.7063664197921753,1.2428004741668701,0.21894578635692596,-0.7902117371559143,1.4778406620025635,0.12600991129875183,-0.8362473249435425
T,0.0,0.0,0.0,-0.001953311264514923,-0.4734432101249695,0.15706543624401093,0.20366781949996948,-0.7734725475311279,0.1664527803659439,0.4685736894607544,-0.9552240371704102,0.17507895827293396,0.6939947605133057,-0.9803759455680847,0.18277184665203094,0.3814898431301117,-0.968309760093689,-0.20131663978099823,0.6203530430793762,-1.491844892501831,-0.3340413570404053,0.7874659299850464,-1.8072150945663452,-0.4049902558326721,0.8781750202178955,-2.0320515632629395,-0.4397137761116028,0.61936354637146,-0.7368980646133423,-0.27086925506591797,1.0748234987258911,-1.120664358139038,-0.2924427390098572,1.011963963508606,-1.0029094219207764,-0.17916114628314972,0.8570435047149658,-0.8870817422866821,-0.08205030858516693,0.771653950214386,-0.43907323479652405,-0.3100328743457794,1.1156010627746582,-0.6322568655014038,-0.27120593190193176,0.9752697348594666,-0.5383777022361755,-0.094687819480896,0.8255738019943237,-0.4670920670032501,0.026903443038463593,0.852096676826477,-0.12389326840639114,-0.330666184425354,1.0811686515808105,-0.24449433386325836,-0.25219103693962097,0.9383580088615417,-0.20139917731285095,-0.09029917418956757,0.8089003562927246,-0.1608886420726776,0.03430395945906639,0.0,0.0,0.0,0.11939439922571182,-0.4155554175376892,-0.19060644507408142,0.37853550910949707,-0.689706027507782,-0.26884669065475464,0.5979276895523071,-0.8924839496612549,-0.32893380522727966,0.7409931421279907,-1.1221967935562134,-0.39046409726142883,0.9391329884529114,-0.40307891368865967,-0.07854800671339035,1.3045073747634888,-0.4770192801952362,-0.11879099905490875,1.5380207300186157,-0.49500247836112976,-0.1725948303937912,1.722701072692871,-0.49747520685195923,-0.2226143777370453,0.9858160018920898,-0.15274107456207275,-0.06954845041036606,1.4200619459152222,-0.14341214299201965,-0.08992195129394531,1.688584804534912,-0.11519252508878708,-0.1421312689781189,1.893510103225708,-0.08215765655040741,-0.19271083176136017,0.9348276257514954,0.06597582995891571,-0.09421597421169281,1.333266019821167,0.16955015063285828,-0.16431330144405365,1.5752308368682861,0.23431630432605743,-0.26504430174827576,1.789024829864502,0.28348594903945923,-0.3471201956272125,0.8282610774040222,0.26232144236564636,-0.1368727684020996,1.0876489877700806,0.4349459409713745,-0.2321191430091858,1.2495712041854858,0.5430956482887268,-0.30917268991470337,1.4289990663528442,0.6423079967498779,-0.3717794716358185
T,0.0,0.0,0.0,-0.030660325661301613,-0.22055114805698395,-0.3579050302505493,-0.10605987161397934,-0.47132083773612976,-0.596028208732605,-0.24024808406829834,-0.7035232782363892,-0.7549624443054199,-0.33677613735198975,-0.8421573042869568,-0.9247357249259949,-0.4136742949485779,-0.1518297791481018,-0.8500661253929138,-1.1968249082565308,-0.18382447957992554,-1.0878870487213135,-1.6628187894821167,-0.2677205801010132,-1.254546046257019,-2.0382165908813477,-0.3503798544406891,-1.3426836729049683,-0.6788142323493958,0.014572763815522194,-0.7341654300689697,-1.400395393371582,-0.1793416142463684,-0.9433689713478088,-1.8733617067337036,-0.2875956594944,-1.0766795873641968,-2.2236194610595703,-0.3777722716331482,-1.2007304430007935,-0.7523279786109924,0.11912302672863007,-0.592036247253418,-1.461995244026184,-0.021195435896515846,-0.8000282049179077,-1.8877842426300049,-0.13572925329208374,-0.9008998870849609,-2.2474443912506104,-0.2207922786474228,-0.9647383093833923,-0.7182716131210327,0.17764171957969666,-0.4620671570301056,-0.9473888874053955,0.21011191606521606,-0.5684252977371216,-1.0932393074035645,0.17747530341148376,-0.5722392201423645,-1.2875425815582275,0.08702655136585236,-0.591027557849884,0.0,0.0,0.0,0.0,0.0,0.0,0.0,0.0,0.0,0.0,0.0,0.0,0.0,0.0,0.0,0.0,0.0,0.0,0.0,0.0,0.0,0.0,0.0,0.0,0.0,0.0,0.0,0.0,0.0,0.0,0.0,0.0,0.0,0.0,0.0,0.0,0.0,0.0,0.0,0.0,0.0,0.0,0.0,0.0,0.0,0.0,0.0,0.0,0.0,0.0,0.0,0.0,0.0,0.0,0.0,0.0,0.0,0.0,0.0,0.0,0.0,0.0,0.0
T,0.0,0.0,0.0,-0.12233330309391022,-0.49349990487098694,-0.0998116135597229,-0.305173397064209,-1.063489317893982,-0.22106796503067017,-0.5188561081886292,-1.479155421257019,-0.33432382345199585,-0.7757675647735596,-1.7592264413833618,-0.46491652727127075,-0.37631848454475403,-0.9862357974052429,-0.4253290891647339,-0.3940366804599762,-1.5567266941070557,-0.6963292360305786,-0.34107550978660583,-1.9570947885513306,-0.8745390772819519,-0.28646722435951233,-2.309335708618164,-0.9973718523979187,-0.25495147705078125,-0.8106247782707214,-0.5271500945091248,-0.25330084562301636,-1.4229366779327393,-0.7874115109443665,-0.18229851126670837,-1.8550859689712524,-0.9460844993591309,-0.11191754043102264,-2.2417657375335693,-1.0507750511169434,-0.04782955348491669,-0.5760544538497925,-0.6201618909835815,-0.062327004969120026,-1.1470993757247925,-0.8726698756217957,0.006405883003026247,-1.5437071323394775,-0.9885521531105042,0.0797458291053772,-1.9127357006072998,-1.055886149406433,0.21455217897891998,-0.3245355784893036,-0.7104654312133789,0.2076471447944641,-0.6658279895782471,-0.952073872089386,0.2326652705669403,-0.917129397392273,-1.0324649810791016,0.2826114296913147,-1.1454681158065796,-1.0713560581207275,0.0,0.0,0.0,-0.2559978663921356,-0.3457207679748535,-0.016425464302301407,-0.713470995426178,-0.5418165326118469,-0.04837239906191826,-1.071574330329895,-0.5173720121383667,-0.07613745331764221,-1.3122053146362305,-0.39048710465431213,-0.11398109793663025,-0.8415042161941528,-0.7242183089256287,-0.13484060764312744,-1.322927474975586,-0.7410376667976379,-0.24823187291622162,-1.6673493385314941,-0.7426598072052002,-0.3144584000110626,-1.9326516389846802,-0.735326886177063,-0.36234524846076965,-0.8628664016723633,-0.4662483036518097,-0.1951257437467575,-1.3520393371582031,-0.24268066883087158,-0.33305054903030396,-1.1897939443588257,-0.1478734016418457,-0.336141973733902,-0.9896847605705261,-0.1796884983778,-0.3121796250343323,-0.8447433114051819,-0.150617316365242,-0.25203219056129456,-1.2287588119506836,0.08926968276500702,-0.3753072917461395,-1.0525743961334229,0.1374039351940155,-0.31092512607574463,-0.8917314410209656,0.06708963215351105,-0.24412944912910461,-0.7849639654159546,0.17605802416801453,-0.30888667702674866,-1.0290477275848389,0.349162757396698,-0.39359769225120544,-0.8675928115844727,0.3541760742664337,-0.3346591293811798,-0.7314409613609314,0.2809007465839386,-0.27043235301971436
T,0.0,0.0,0.0,0.035200994461774826,-0.404052734375,0.056778136640787125,0.21915428340435028,-0.674666166305542,0.04639221355319023,0.43394196033477783,-0.7178599238395691,0.009080271236598492,0.5970600247383118,-0.6288877725601196,-0.044419970363378525,0.6447224020957947,-0.7990509867668152,-0.03863132745027542,1.0060060024261475,-0.9874686598777771,-0.055718790739774704,1.2275742292404175,-1.077454924583435,-0.07791391760110855,1.3907291889190674,-1.1318724155426025,-0.1043514609336853,0.7947026491165161,-0.5989511609077454,-0.09851538389921188,0.8374679684638977,-0.5965642333030701,-0.10333660989999771,0.6786888837814331,-0.5565500259399414,-0.09737154096364975,0.5589598417282104,-0.506069540977478,-0.10483110696077347,0.8349394202232361,-0.3511309325695038,-0.14567160606384277,0.8328719139099121,-0.3692210614681244,-0.14720091223716736,0.6900066137313843,-0.3372182548046112,-0.11599660664796829,0.5726958513259888,-0.29076647758483887,-0.1037345752120018,0.8112393617630005,-0.12772499024868011,-0.18907681107521057,0.8354342579841614,-0.14562109112739563,-0.17362584173679352,0.7157757878303528,-0.12001567333936691,-0.11512665450572968,0.6064789891242981,-0.08151435852050781,-0.06651880592107773,0.0,0.0,0.0,0.0,0.0,0.0,0.0,0.0,0.0,0.0,0.0,0.0,0.0,0.0,0.0,0.0,0.0,0.0,0.0,0.0,0.0,0.0,0.0,0.0,0.0,0.0,0.0,0.0,0.0,0.0,0.0,0.0,0.0,0.0,0.0,0.0,0.0,0.0,0.0,0.0,0.0,0.0,0.0,0.0,0.0,0.0,0.0,0.0,0.0,0.0,0.0,0.0,0.0,0.0,0.0,0.0,0.0,0.0,0.0,0.0,0.0,0.0,0.0
T,0.0,0.0,0.0,-0.2251226007938385,-0.28338107466697693,-0.1444586217403412,-0.6216925382614136,-0.4703633189201355,-0.2555076479911804,-0.9204951524734497,-0.6814372539520264,-0.3570396304130554,-1.1591057777404785,-0.9022772908210754,-0.4743461310863495,-0.949614942073822,-0.28999051451683044,-0.3070124387741089,-1.3881292343139648,-0.38592395186424255,-0.52183598279953,-1.6810495853424072,-0.45127561688423157,-0.6712529063224792,-1.9523217678070068,-0.5005707144737244,-0.7765200138092041,-0.9246782064437866,-0.10213121026754379,-0.3667958974838257,-1.377277135848999,-0.2340940237045288,-0.5771276354789734,-1.695549488067627,-0.32820168137550354,-0.7114804983139038,-1.9868770837783813,-0.4114128649234772,-0.8072457909584045,-0.8152830004692078,0.11065523326396942,-0.4402865469455719,-1.2484543323516846,-0.000500412832479924,-0.6451389193534851,-1.5504028797149658,-0.10321570932865143,-0.7420817017555237,-1.8150970935821533,-0.20261506736278534,-0.8026132583618164,-0.6364352107048035,0.34157809615135193,-0.5222090482711792,-0.9760108590126038,0.2721291482448578,-0.7103761434555054,-1.2196877002716064,0.19251824915409088,-0.7866594791412354,-1.4370708465576172,0.11261672526597977,-0.8334473371505737,0.0,0.0,0.0,0.00511645944789052,-0.45402440428733826,-0.01572900451719761,-0.2547933757305145,-0.719914436340332,-0.036109693348407745,-0.5148742198944092,-0.7078068852424622,-0.056001048535108566,-0.6758372187614441,-0.5805785059928894,-0.08425337076187134,-0.5872893929481506,-0.8259931206703186,-0.12098933756351471,-0.8622015118598938,-1.2021018266677856,-0.17897413671016693,-1.0441926717758179,-1.4387930631637573,-0.2182556390762329,-1.1824150085449219,-1.6045920848846436,-0.25199365615844727,-0.7863109707832336,-0.6031082272529602,-0.13407261669635773,-0.8170068264007568,-0.7771679162979126,-0.18494819104671478,-0.6872254014015198,-0.717326819896698,-0.1741795539855957,-0.5762243866920471,-0.6166879534721375,-0.16734819114208221,-0.8663012385368347,-0.36063411831855774,-0.13903163373470306,-0.8360503315925598,-0.5083574652671814,-0.15194176137447357,-0.7027146220207214,-0.46680712699890137,-0.09366343170404434,-0.6000325083732605,-0.37612470984458923,-0.06553409993648529,-0.8880168199539185,-0.11703456938266754,-0.14912335574626923,-0.8386605978012085,-0.252925843000412,-0.15315105020999908,-0.7101549506187439,-0.23227566480636597,-0.10281944274902344,-0.6350158452987671,-0.16361039876937866,-0.06156386807560921
T,0.0,0.0,0.0,-0.107056625187397,-0.4049130380153656,-0.0423547737300396,-0.3314734399318695,-0.6528192162513733,-0.010809877887368202,-0.5532285571098328,-0.841113269329071,0.004003284499049187,-0.6994439959526062,-1.0576636791229248,0.02256929688155651,-0.8688288927078247,-0.3065835237503052,0.37470656633377075,-1.2468183040618896,-0.35706502199172974,0.5173612236976624,-1.4871044158935547,-0.38078317046165466,0.5636346936225891,-1.6598281860351562,-0.3676983416080475,0.568953275680542,-0.919719398021698,-0.13928411900997162,0.3670371472835541,-1.3339948654174805,-0.12862084805965424,0.5089430212974548,-1.6060528755187988,-0.13801786303520203,0.5202720165252686,-1.8025169372558594,-0.11733093857765198,0.5125881433486938,-0.9326995611190796,0.018601419404149055,0.32388076186180115,-1.3043193817138672,0.039062388241291046,0.41143566370010376,-1.5585627555847168,0.031798578798770905,0.4196857511997223,-1.7581491470336914,0.033445946872234344,0.4135173559188843,-0.8827112913131714,0.13817313313484192,0.2603394687175751,-1.200668454170227,0.12920957803726196,0.30446407198905945,-1.3995448350906372,0.1167173832654953,0.3127295672893524,-1.5899198055267334,0.1002945825457573,0.31084802746772766,0.0,0.0,0.0,0.013351374305784702,-0.45194268226623535,0.15726248919963837,-0.20340602099895477,-0.7407230138778687,0.22212468087673187,-0.47718188166618347,-0.8970857262611389,0.2741743326187134,-0.6955115795135498,-0.9328451156616211,0.31893253326416016,-0.4858108460903168,-0.894055962562561,0.032456666231155396,-0.7525334358215332,-1.3061853647232056,0.04598051309585571,-0.9017045497894287,-1.5308172702789307,0.08745784312486649,-1.0116901397705078,-1.6955087184906006,0.12136530131101608,-0.6901687979698181,-0.7234528660774231,-0.01682019792497158,-1.1331231594085693,-0.9928520917892456,-0.02005516178905964,-1.0898706912994385,-0.9439288377761841,0.05289950221776962,-0.9785482883453369,-0.858173131942749,0.13077987730503082,-0.8212334513664246,-0.5133865475654602,-0.0380411222577095,-1.168294906616211,-0.665594220161438,0.015637455508112907,-1.0689328908920288,-0.5997148156166077,0.1348782330751419,-0.951178252696991,-0.5156144499778748,0.22571463882923126,-0.8641785383224487,-0.2975049912929535,-0.042201440781354904,-1.1424784660339355,-0.3883688151836395,0.04709647223353386,-1.071075677871704,-0.33466315269470215,0.17286904156208038,-0.9716789722442627,-0.2700834572315216,0.2768635153770447
T,0.0,0.0,0.0,-0.060419097542762756,-0.22351492941379547,-0.25785672664642334,0.0385502353310585,-0.4519813358783722,-0.47556719183921814,0.19933587312698364,-0.6425397396087646,-0.6606903076171875,0.3792218565940857,-0.84293532371521,-0.8656852841377258,0.5582691431045532,-0.24589557945728302,-0.6852971315383911,1.1875046491622925,-0.3133760392665863,-0.9615375995635986,1.6173040866851807,-0.3968324065208435,-1.1352529525756836,1.9434186220169067,-0.4787271022796631,-1.2148317098617554,0.7549383640289307,0.035699643194675446,-0.6548233032226562,1.4125230312347412,-0.01853025145828724,-0.9109132885932922,1.8777109384536743,-0.08411181718111038,-1.0298947095870972,2.1828858852386475,-0.16145086288452148,-1.1171648502349854,0.7440503239631653,0.2646663188934326,-0.6118342280387878,1.311192512512207,0.3027222454547882,-0.8882235288619995,1.7571899890899658,0.2550642490386963,-0.980402410030365,2.0784969329833984,0.20194822549819946,-1.00926673412323,0.6479476690292358,0.4205542802810669,-0.577721357345581,0.8456173539161682,0.6598279476165771,-0.72989821434021,0.9552173614501953,0.7802724242210388,-0.7406244874000549,1.050929069519043,0.8522780537605286,-0.749108612537384,0.0,0.0,0.0,0.0,0.0,0.0,0.0,0.0,0.0,0.0,0.0,0.0,0.0,0.0,0.0,0.0,0.0,0.0,0.0,0.0,0.0,0.0,0.0,0.0,0.0,0.0,0.0,0.0,0.0,0.0,0.0,0.0,0.0,0.0,0.0,0.0,0.0,0.0,0.0,0.0,0.0,0.0,0.0,0.0,0.0,0.0,0.0,0.0,0.0,0.0,0.0,0.0,0.0,0.0,0.0,0.0,0.0,0.0,0.0,0.0,0.0,0.0,0.0
U,0.0,0.0,0.0,0.14300251007080078,-0.4928390383720398,0.1622556895017624,0.2902281880378723,-0.7677504420280457,0.17436595261096954,0.41219380497932434,-0.7734377980232239,0.13343456387519836,0.4999115765094757,-0.6036466956138611,0.08640016615390778,0.4186196029186249,-1.0723583698272705,0.03799362853169441,0.5610224604606628,-1.6363650560379028,-0.06379364430904388,0.6548862457275391,-1.9970823526382446,-0.16406241059303284,0.7260598540306091,-2.2999916076660156,-0.2253747433423996,0.4787808060646057,-0.87492835521698,-0.07258927822113037,0.6242978572845459,-0.715620219707489,-0.0987376719713211,0.5810430645942688,-0.49240607023239136,-0.11925294995307922,0.5198890566825867,-0.43754369020462036,-0.14096710085868835,0.5051799416542053,-0.5460298657417297,-0.1657848358154297,0.6433875560760498,-0.3141794502735138,-0.15265962481498718,0.5776762962341309,-0.17114846408367157,-0.09918323159217834,0.5066220760345459,-0.17199154198169708,-0.07465668022632599,0.5261003375053406,-0.1754496693611145,-0.2510341703891754,0.6245346069335938,0.05373354256153107,-0.19286119937896729,0.5635203123092651,0.12902021408081055,-0.0934140756726265,0.4943894147872925,0.11310170590877533,-0.02486332878470421,0.0,0.0,0.0,0.0,0.0,0.0,0.0,0.0,0.0,0.0,0.0,0.0,0.0,0.0,0.0,0.0,0.0,0.0,0.0,0.0,0.0,0.0,0.0,0.0,0.0,0.0,0.0,0.0,0.0,0.0,0.0,0.0,0.0,0.0,0.0,0.0,0.0,0.0,0.0,0.0,0.0,0.0,0.0,0.0,0.0,0.0,0.0,0.0,0.0,0.0,0.0,0.0,0.0,0.0,0.0,0.0,0.0,0.0,0.0,0.0,0.0,0.0,0.0
U,0.0,0.0,0.0,0.10186924785375595,-0.48030799627304077,-0.19650521874427795,0.06663324683904648,-0.9511228799819946,-0.28764569759368896,0.007499556988477707,-1.3370556831359863,-0.3598380386829376,0.014256028458476067,-1.6818934679031372,-0.4282728433609009,-0.549117922782898,-0.9601113796234131,-0.17241714894771576,-0.804471492767334,-1.2799731492996216,-0.2673095762729645,-0.9696835279464722,-1.471787452697754,-0.3456293046474457,-1.1190598011016846,-1.6242475509643555,-0.40721264481544495,-0.6903712153434753,-0.7068129181861877,-0.15428243577480316,-0.9956915378570557,-1.0041160583496094,-0.23820653557777405,-1.1958571672439575,-1.1955811977386475,-0.3170214295387268,-1.3651100397109985,-1.3452740907669067,-0.3764873147010803,-0.7437247037887573,-0.4053046405315399,-0.1574064940214157,-1.0509958267211914,-0.5762717723846436,-0.2523092031478882,-1.2445124387741089,-0.6831084489822388,-0.3403477966785431,-1.4068104028701782,-0.7889909744262695,-0.4002387225627899,-0.7242271304130554,-0.07218041270971298,-0.17790628969669342,-0.9816139340400696,-0.0187689196318388,-0.2763042449951172,-1.1420261859893799,0.012551616877317429,-0.3389812111854553,-1.2858493328094482,0.0007013310678303242,-0.3784930408000946,0.0,0.0,0.0,0.0,0.0,0.0,0.0,0.0,0.0,0.0,0.0,0.0,0.0,0.0,0.0,0.0,0.0,0.0,0.0,0.0,0.0,0.0,0.0,0.0,0.0,0.0,0.0,0.0,0.0,0.0,0.0,0.0,0.0,0.0,0.0,0.0,0.0,0.0,0.0,0.0,0.0,0.0,0.0,0.0,0.0,0.0,0.0,0.0,0.0,0.0,0.0,0.0,0.0,0.0,0.0,0.0,0.0,0.0,0.0,0.0,0.0,0.0,0.0
U,0.0,0.0,0.0,0.3927389085292816,-0.0906379297375679,0.0021872043143957853,0.7164357900619507,-0.22157298028469086,-0.11199914664030075,0.9400655627250671,-0.3066912889480591,-0.25063472986221313,1.0701234340667725,-0.3255055248737335,-0.3946011960506439,0.6705021858215332,-0.7963654398918152,-0.2693358063697815,0.9403370022773743,-1.1071704626083374,-0.48059090971946716,1.1488138437271118,-1.33052396774292,-0.6133783459663391,1.3102589845657349,-1.5198428630828857,-0.7034186124801636,0.49357593059539795,-0.7768368124961853,-0.3910335302352905,0.980819821357727,-0.4050784707069397,-0.6118823885917664,0.8963632583618164,-0.2073468118906021,-0.6235930323600769,0.7581552267074585,-0.21408921480178833,-0.6068775653839111,0.30529308319091797,-0.5819345116615295,-0.5050098299980164,0.7593346238136292,-0.1135803759098053,-0.6875314116477966,0.6333831548690796,-0.004075716249644756,-0.5913965702056885,0.5011222958564758,-0.08347174525260925,-0.5083887577056885,0.13251595199108124,-0.3120288550853729,-0.6219212412834167,0.4708901345729828,0.08970973640680313,-0.7196968793869019,0.3674893379211426,0.16004635393619537,-0.6224802732467651,0.24096393585205078,0.06410080194473267,-0.5414142608642578,0.0,0.0,0.0,0.2754718065261841,-0.36852163076400757,-0.059401266276836395,0.4956677556037903,-0.8510727882385254,-0.14574889838695526,0.6815284490585327,-1.212804913520813,-0.22952459752559662,0.9373036623001099,-1.4012360572814941,-0.3448716700077057,0.24945610761642456,-1.0152647495269775,-0.2779545783996582,0.289296418428421,-1.5403021574020386,-0.44035518169403076,0.3141750991344452,-1.9102617502212524,-0.5505279898643494,0.34318801760673523,-2.1892166137695312,-0.6260906457901001,0.03466188907623291,-0.9322425127029419,-0.36017003655433655,0.02239356003701687,-1.5052332878112793,-0.48683857917785645,0.03716827556490898,-1.9133100509643555,-0.5961235165596008,0.06835508346557617,-2.2445828914642334,-0.6838077902793884,-0.22217094898223877,-0.7572516798973083,-0.4359263479709625,-0.23388761281967163,-1.2897447347640991,-0.5781174302101135,-0.22420728206634521,-1.6694387197494507,-0.7008091807365417,-0.18551498651504517,-1.9927613735198975,-0.7961795330047607,-0.49368590116500854,-0.5152646899223328,-0.5040247440338135,-0.60564124584198,-0.7573193907737732,-0.6670862436294556,-0.658898115158081,-0.9530100226402283,-0.7491994500160217,-0.6838809251785278,-1.138796091079712,-0.8036479353904724
U,0.0,0.0,0.0,-0.15780316293239594,-0.48918449878692627,0.2617379426956177,-0.08394254744052887,-0.8082489967346191,0.4657178223133087,0.08885353803634644,-0.9427611231803894,0.6456645727157593,0.28317874670028687,-0.9714566469192505,0.8395861387252808,0.2202596515417099,-1.020991563796997,0.40786227583885193,0.36570116877555847,-1.3621678352355957,0.6397445201873779,0.43927451968193054,-1.5573360919952393,0.803356409072876,0.4949079751968384,-1.6897811889648438,0.9217493534088135,0.38751929998397827,-0.8296786546707153,0.4018234610557556,0.6658602356910706,-1.0252037048339844,0.7313762903213501,0.6588096022605896,-0.996177613735199,0.9367554187774658,0.6240449547767639,-0.9513221383094788,1.0698437690734863,0.5093350410461426,-0.6061804294586182,0.4088227450847626,0.73586505651474,-0.7160723209381104,0.6932909488677979,0.6710902452468872,-0.6738163232803345,0.799447238445282,0.601058304309845,-0.6143814325332642,0.8455023169517517,0.6090291142463684,-0.39439547061920166,0.4381955862045288,0.7088868618011475,-0.4732304811477661,0.7040723562240601,0.6441888809204102,-0.42294931411743164,0.8329604864120483,0.5825977921485901,-0.3725440800189972,0.9102069139480591,0.0,0.0,0.0,0.0,0.0,0.0,0.0,0.0,0.0,0.0,0.0,0.0,0.0,0.0,0.0,0.0,0.0,0.0,0.0,0.0,0.0,0.0,0.0,0.0,0.0,0.0,0.0,0.0,0.0,0.0,0.0,0.0,0.0,0.0,0.0,0.0,0.0,0.0,0.0,0.0,0.0,0.0,0.0,0.0,0.0,0.0,0.0,0.0,0.0,0.0,0.0,0.0,0.0,0.0,0.0,0.0,0.0,0.0,0.0,0.0,0.0,0.0,0.0
U,0.0,0.0,0.0,0.0,0.0,0.0,0.0,0.0,0.0,0.0,0.0,0.0,0.0,0.0,0.0,0.0,0.0,0.0,0.0,0.0,0.0,0.0,0.0,0.0,0.0,0.0,0.0,0.0,0.0,0.0,0.0,0.0,0.0,0.0,0.0,0.0,0.0,0.0,0.0,0.0,0.0,0.0,0.0,0.0,0.0,0.0,0.0,0.0,0.0,0.0,0.0,0.0,0.0,0.0,0.0,0.0,0.0,0.0,0.0,0.0,0.0,0.0,0.0,0.0,0.0,0.0,-0.1101686954498291,-0.5034434199333191,-0.151190847158432,-0.07509972155094147,-0.9674924612045288,-0.24657262861728668,-0.02499553933739662,-1.3525458574295044,-0.3289121985435486,-0.03583849221467972,-1.7076441049575806,-0.413931667804718,0.5396677851676941,-0.9568867087364197,-0.1577913463115692,0.7924314141273499,-1.2856498956680298,-0.24587838351726532,0.9582273960113525,-1.4749549627304077,-0.3289661407470703,1.1105765104293823,-1.6243321895599365,-0.3979615271091461,0.6859605312347412,-0.7081056833267212,-0.1674647182226181,0.9887300133705139,-1.0035983324050903,-0.2402333915233612,1.1900385618209839,-1.1963636875152588,-0.32637500762939453,1.367010474205017,-1.350468635559082,-0.3994089663028717,0.7363353967666626,-0.41453057527542114,-0.19320857524871826,1.0371313095092773,-0.563430666923523,-0.28079140186309814,1.2307908535003662,-0.6825859546661377,-0.3661806583404541,1.3986589908599854,-0.7958778142929077,-0.43632930517196655,0.7093952298164368,-0.09638392925262451,-0.23188327252864838,0.9425114393234253,-0.029031910002231598,-0.3270271122455597,1.0913217067718506,-0.012216117233037949,-0.38360995054244995,1.2317049503326416,-0.013750642538070679,-0.42580166459083557
U,0.0,0.0,0.0,-0.24523231387138367,-0.3437463045120239,-0.08948882669210434,-0.4354014992713928,-0.8058187365531921,-0.1800307184457779,-0.5985968112945557,-1.1695250272750854,-0.2673057019710541,-0.8364093899726868,-1.3780916929244995,-0.3684980273246765,-0.1963505744934082,-1.017998218536377,-0.27252197265625,-0.29367130994796753,-1.6113290786743164,-0.4540478587150574,-0.35592398047447205,-1.9948365688323975,-0.5647556185722351,-0.42640623450279236,-2.3088927268981934,-0.6408534646034241,0.00284849782474339,-0.9344658255577087,-0.35604143142700195,-0.04291914030909538,-1.5682119131088257,-0.5299353003501892,-0.0935751423239708,-2.0047335624694824,-0.653738260269165,-0.13591931760311127,-2.365016460418701,-0.7297512888908386,0.23168036341667175,-0.7470182776451111,-0.4387759268283844,0.23087453842163086,-1.294440746307373,-0.6283541321754456,0.20851090550422668,-1.683227300643921,-0.7599810361862183,0.1929352581501007,-2.0407748222351074,-0.8428328037261963,0.49421197175979614,-0.48773646354675293,-0.5179711580276489,0.6077572703361511,-0.7056705951690674,-0.7152513265609741,0.6536824107170105,-0.8891676068305969,-0.8020925521850586,0.7037903070449829,-1.0931551456451416,-0.8483049869537354,0.0,0.0,0.0,-0.42032766342163086,-0.08911602944135666,-0.002149597043171525,-0.7544617056846619,-0.2434954196214676,-0.08100517839193344,-0.989795982837677,-0.31612253189086914,-0.18493221700191498,-1.1927168369293213,-0.3832564055919647,-0.2968439757823944,-0.7329390048980713,-0.84259033203125,-0.15130692720413208,-1.0029709339141846,-1.2073628902435303,-0.3231508731842041,-1.2248553037643433,-1.45524263381958,-0.4179278314113617,-1.3903088569641113,-1.6610578298568726,-0.4868641495704651,-0.5401577353477478,-0.8001143336296082,-0.26085758209228516,-1.0806769132614136,-0.49774983525276184,-0.4809778034687042,-1.0130046606063843,-0.26350510120391846,-0.5013483166694641,-0.8704187870025635,-0.23959305882453918,-0.4757395088672638,-0.34882137179374695,-0.6054061651229858,-0.3714297413825989,-0.8176002502441406,-0.14014191925525665,-0.568126916885376,-0.6943159699440002,-0.014744355343282223,-0.4823003113269806,-0.5458109974861145,-0.1088695079088211,-0.38500499725341797,-0.17066824436187744,-0.34964850544929504,-0.4843846559524536,-0.5193163752555847,0.07111113518476486,-0.6333872079849243,-0.41564902663230896,0.14544323086738586,-0.5742741227149963,-0.27478379011154175,0.022081740200519562,-0.4934897720813751
U,0.0,0.0,0.0,-0.3050500750541687,-0.3854338228702545,-0.05344095826148987,-0.45564764738082886,-0.877802312374115,-0.08041580021381378,-0.5310392379760742,-1.2805161476135254,-0.10483800619840622,-0.7001069188117981,-1.499582052230835,-0.13217605650424957,-0.3068268299102783,-1.0201338529586792,-0.18503665924072266,-0.3518616557121277,-1.569631814956665,-0.30027154088020325,-0.37708500027656555,-1.9303607940673828,-0.3631896674633026,-0.4089510440826416,-2.2200682163238525,-0.40620940923690796,-0.034818753600120544,-0.969963550567627,-0.24074560403823853,-0.05849837139248848,-1.488063931465149,-0.3517785370349884,-0.07784778624773026,-1.8540689945220947,-0.44469428062438965,-0.09107503294944763,-2.1566598415374756,-0.5055543780326843,0.26105165481567383,-0.8391238451004028,-0.2915344834327698,0.27506327629089355,-1.2293736934661865,-0.44290441274642944,0.2667997479438782,-1.517659068107605,-0.5625752210617065,0.2676032781600952,-1.7585586309432983,-0.6339365243911743,0.560023307800293,-0.6548776626586914,-0.33699506521224976,0.771284282207489,-0.8138957619667053,-0.4915331304073334,0.9126514792442322,-0.8960639834403992,-0.5674883127212524,1.0442897081375122,-0.9671635627746582,-0.6041879057884216,0.0,0.0,0.0,-0.45848050713539124,-0.05469546467065811,-0.0488579235970974,-0.8103371262550354,-0.15370599925518036,-0.1488892138004303,-1.0930871963500977,-0.15232807397842407,-0.26876792311668396,-1.322601318359375,-0.05379467085003853,-0.3993265926837921,-0.7433120608329773,-0.8179330229759216,-0.1985187828540802,-1.0120009183883667,-1.2009599208831787,-0.3650608956813812,-1.1927423477172852,-1.4491243362426758,-0.4622214734554291,-1.3415589332580566,-1.6402250528335571,-0.5332328677177429,-0.533267617225647,-0.7991006970405579,-0.277603417634964,-1.0207655429840088,-0.6465759873390198,-0.5374246835708618,-1.122301697731018,-0.25717779994010925,-0.5920739769935608,-1.1000102758407593,-0.008723207749426365,-0.5805020928382874,-0.348158061504364,-0.6346575617790222,-0.3595886826515198,-0.7949963808059692,-0.41728314757347107,-0.610580325126648,-0.8599790930747986,-0.11415869742631912,-0.5916152596473694,-0.8207980990409851,0.06983447074890137,-0.514898955821991,-0.19879110157489777,-0.40896934270858765,-0.4413933753967285,-0.5485227704048157,-0.25095421075820923,-0.6261332035064697,-0.7415739297866821,-0.03913911432027817,-0.6204468607902527,-0.8374810218811035,0.1163475289940834,-0.5671719908714294
U,0.0,0.0,0.0,0.3220803439617157,-0.09331013262271881,-0.11814554780721664,0.600286066532135,-0.20458000898361206,-0.2873114347457886,0.7965235114097595,-0.11854497343301773,-0.47489580512046814,0.9119204878807068,0.05423693358898163,-0.6842942237854004,0.49732455611228943,-0.9420919418334961,-0.3534136414527893,0.7642785906791687,-1.473187804222107,-0.5123745203018188,0.9870145320892334,-1.6601223945617676,-0.5936992168426514,1.1512932777404785,-1.832736611366272,-0.6558765769004822,0.1901194304227829,-0.8941895365715027,-0.4053143858909607,0.5806688070297241,-0.4819592535495758,-0.6415984630584717,0.6754200458526611,0.05004099756479263,-0.6672399044036865,0.6824782490730286,0.3740195333957672,-0.656626284122467,-0.06219686195254326,-0.656151294708252,-0.45293188095092773,0.3395487368106842,-0.20844070613384247,-0.6273900270462036,0.37940385937690735,0.1737084686756134,-0.5369696617126465,0.34047797322273254,0.38981619477272034,-0.4460224211215973,-0.25175121426582336,-0.37293288111686707,-0.5137773156166077,0.003877996699884534,-0.09181855618953705,-0.5604403018951416,0.08374296128749847,0.1560106873512268,-0.4260869026184082,0.09467903524637222,0.2916274070739746,-0.3048837184906006,0.0,0.0,0.0,0.10436622053384781,-0.5444804430007935,0.01675889827311039,0.1649082601070404,-1.001800298690796,0.0012857872061431408,0.2330317199230194,-1.329211950302124,-0.03309856355190277,0.3572368025779724,-1.5311975479125977,-0.0745728611946106,0.035706181079149246,-1.0391136407852173,0.036839164793491364,0.032321177423000336,-1.46055269241333,-0.03668725863099098,0.0381634496152401,-1.7552374601364136,-0.10502919554710388,0.05298984795808792,-1.985565423965454,-0.14582489430904388,-0.15182282030582428,-0.9883696436882019,-0.00867446605116129,-0.15423639118671417,-1.4145870208740234,-0.060990381985902786,-0.15310542285442352,-1.7161016464233398,-0.1122838482260704,-0.14203155040740967,-1.9730887413024902,-0.15062052011489868,-0.342131108045578,-0.8969288468360901,-0.06186265870928764,-0.4154132306575775,-1.265905499458313,-0.10325071960687637,-0.43956056237220764,-1.5348114967346191,-0.14213953912258148,-0.4585999846458435,-1.7674561738967896,-0.1706687957048416,-0.550832986831665,-0.7447196245193481,-0.11679478734731674,-0.7069103717803955,-0.9866165518760681,-0.14138484001159668,-0.8257593512535095,-1.1198334693908691,-0.1499222218990326,-0.9280280470848083,-1.2432180643081665,-0.15663883090019226
U,0.0,0.0,0.0,-0.2515295147895813,-0.40797606110572815,-0.10515888035297394,-0.31691551208496094,-0.9343628287315369,-0.16990695893764496,-0.2663869559764862,-1.337449073791504,-0.22470690310001373,-0.2547880709171295,-1.6631758213043213,-0.2821912467479706,-0.10487240552902222,-1.0314335823059082,-0.1989937424659729,-0.0948789194226265,-1.4959748983383179,-0.38478338718414307,-0.14838926494121552,-1.8315930366516113,-0.5247389078140259,-0.22020594775676727,-2.119586229324341,-0.6114862561225891,0.06287961453199387,-0.9699663519859314,-0.2349710762500763,0.06480123102664948,-1.4472616910934448,-0.40282005071640015,-0.023525912314653397,-1.8308528661727905,-0.5170536637306213,-0.11880107969045639,-2.1471309661865234,-0.587924063205719,0.21723386645317078,-0.8582211136817932,-0.2781917154788971,0.2538570165634155,-1.3202818632125854,-0.4357892572879791,0.1693543642759323,-1.6619563102722168,-0.4936877489089966,0.07142414897680283,-1.9530335664749146,-0.5166519284248352,0.371165931224823,-0.6972173452377319,-0.32799655199050903,0.4656268358230591,-1.0419657230377197,-0.45046207308769226,0.44971373677253723,-1.3008533716201782,-0.4674488604068756,0.4131309986114502,-1.5241481065750122,-0.46269315481185913,0.0,0.0,0.0,-0.10635882616043091,-0.4439113438129425,0.1028231605887413,-0.3721119463443756,-0.8185018301010132,0.14649435877799988,-0.5661515593528748,-1.0770585536956787,0.1500910520553589,-0.5722694396972656,-1.2622175216674805,0.15023277699947357,-0.4689237177371979,-0.9654074311256409,0.17905375361442566,-0.7340269088745117,-1.2471956014633179,0.1661211997270584,-0.8609490394592285,-1.3228766918182373,0.1329965442419052,-0.8988838791847229,-1.4076749086380005,0.0973195880651474,-0.544972836971283,-0.8334609270095825,0.09136420488357544,-0.8250424861907959,-1.0925318002700806,0.10234018415212631,-0.8987566232681274,-1.1245574951171875,0.0902925506234169,-0.8860348463058472,-1.1543484926223755,0.06421321630477905,-0.6298730373382568,-0.6581301093101501,-0.00168666522949934,-0.8972857594490051,-0.836951732635498,0.022171594202518463,-0.938136637210846,-0.7984973788261414,0.0497010201215744,-0.8982425332069397,-0.7702723145484924,0.04621238633990288,-0.725581169128418,-0.4509657025337219,-0.0931040495634079,-0.9455896615982056,-0.5647010803222656,-0.06900635361671448,-0.9793894290924072,-0.5478147864341736,-0.034188561141490936,-0.9666488766670227,-0.5431097149848938,-0.019508367404341698
U,0.0,0.0,0.0,0.0,0.0,0.0,0.0,0.0,0.0,0.0,0.0,0.0,0.0,0.0,0.0,0.0,0.0,0.0,0.0,0.0,0.0,0.0,0.0,0.0,0.0,0.0,0.0,0.0,0.0,0.0,0.0,0.0,0.0,0.0,0.0,0.0,0.0,0.0,0.0,0.0,0.0,0.0,0.0,0.0,0.0,0.0,0.0,0.0,0.0,0.0,0.0,0.0,0.0,0.0,0.0,0.0,0.0,0.0,0.0,0.0,0.0,0.0,0.0,0.0,0.0,0.0,0.029038168489933014,-0.465923547744751,0.26152342557907104,-0.1485375612974167,-0.7326972484588623,0.36658379435539246,-0.37396711111068726,-0.8460729718208313,0.4124628007411957,-0.5793920755386353,-0.8509795069694519,0.4383782148361206,-0.3720182180404663,-0.9614366292953491,0.2514231204986572,-0.5983293056488037,-1.2943614721298218,0.32843148708343506,-0.6977145671844482,-1.4583983421325684,0.39392784237861633,-0.7733522653579712,-1.5931262969970703,0.43982362747192383,-0.5966790318489075,-0.790197491645813,0.13986466825008392,-0.9284195303916931,-0.9846585988998413,0.21337002515792847,-0.8923431634902954,-0.8978050351142883,0.29887688159942627,-0.8088424205780029,-0.8089515566825867,0.372969388961792,-0.7573773860931396,-0.5675190687179565,0.05518801137804985,-0.9908140897750854,-0.6394159197807312,0.19171716272830963,-0.8757814168930054,-0.5588291883468628,0.30306321382522583,-0.7704542279243469,-0.49573248624801636,0.3652411997318268,-0.8557332158088684,-0.32044297456741333,-0.013053224422037601,-0.9862390160560608,-0.39061641693115234,0.16006146371364594,-0.8807136416435242,-0.33979636430740356,0.3041156828403473,-0.7686892151832581,-0.28954198956489563,0.4057650864124298
V,0.0,0.0,0.0,0.0,0.0,0.0,0.0,0.0,0.0,0.0,0.0,0.0,0.0,0.0,0.0,0.0,0.0,0.0,0.0,0.0,0.0,0.0,0.0,0.0,0.0,0.0,0.0,0.0,0.0,0.0,0.0,0.0,0.0,0.0,0.0,0.0,0.0,0.0,0.0,0.0,0.0,0.0,0.0,0.0,0.0,0.0,0.0,0.0,0.0,0.0,0.0,0.0,0.0,0.0,0.0,0.0,0.0,0.0,0.0,0.0,0.0,0.0,0.0,0.0,0.0,0.0,-0.4274927079677582,0.015592166222631931,-0.04294232651591301,-0.7540755867958069,-0.06664912402629852,-0.12376265227794647,-0.8990688323974609,-0.0473405122756958,-0.22927652299404144,-0.9530389308929443,0.03576295077800751,-0.34735986590385437,-0.8035990595817566,-0.652807891368866,-0.15807987749576569,-1.028686285018921,-0.9527001976966858,-0.29242634773254395,-1.2008928060531616,-1.1486172676086426,-0.3846742808818817,-1.3669623136520386,-1.325520634651184,-0.44766390323638916,-0.6208565831184387,-0.7397642731666565,-0.2593952417373657,-0.8676708936691284,-1.076802134513855,-0.3839718997478485,-1.0832509994506836,-1.247245192527771,-0.46417972445487976,-1.294205904006958,-1.3879539966583252,-0.5090627670288086,-0.41511714458465576,-0.6770789623260498,-0.3601774573326111,-0.8229499459266663,-0.33977407217025757,-0.5220323801040649,-0.8148117065429688,-0.04711949825286865,-0.5309738516807556,-0.749308705329895,0.05575713887810707,-0.4951835870742798,-0.20829471945762634,-0.4497699439525604,-0.4652640223503113,-0.5363835096359253,-0.04637293517589569,-0.567298173904419,-0.5198428630828857,0.10253236442804337,-0.5312477350234985,-0.4305218756198883,0.07571413367986679,-0.4835891127586365
V,0.0,0.0,0.0,-0.08854402601718903,-0.403084397315979,-0.13470248878002167,-0.35244908928871155,-0.7345530390739441,-0.22031374275684357,-0.602663516998291,-0.9800545573234558,-0.29733559489250183,-0.7892089486122131,-1.2283656597137451,-0.3874340355396271,-0.7712076902389526,-0.6445966958999634,-0.27874186635017395,-1.2007089853286743,-0.8564081788063049,-0.45750194787979126,-1.4777896404266357,-0.9779843091964722,-0.5709643363952637,-1.7138571739196777,-1.0748329162597656,-0.6505722999572754,-0.8369868397712708,-0.4363054037094116,-0.33028870820999146,-1.2756184339523315,-0.6492677330970764,-0.5097231268882751,-1.5846991539001465,-0.7706484794616699,-0.6279449462890625,-1.8406728506088257,-0.8570552468299866,-0.7102742195129395,-0.7998243570327759,-0.17406822741031647,-0.3899647891521454,-1.2134417295455933,-0.3306957483291626,-0.5614240169525146,-1.5068845748901367,-0.418863981962204,-0.652532696723938,-1.758674144744873,-0.5005289912223816,-0.7136338353157043,-0.6940906047821045,0.11675247550010681,-0.45649901032447815,-1.0001908540725708,0.11042316257953644,-0.6268014311790466,-1.215676188468933,0.07002004235982895,-0.6969398260116577,-1.422882080078125,0.02336636371910572,-0.7367357611656189,0.0,0.0,0.0,-0.013943071477115154,-0.443632572889328,-0.04310688376426697,-0.2622913122177124,-0.7274672389030457,-0.1623222678899765,-0.5098109245300293,-0.713296115398407,-0.28906962275505066,-0.675480306148529,-0.5763447284698486,-0.43654972314834595,-0.25531601905822754,-0.9777088165283203,-0.38638973236083984,-0.43248963356018066,-1.52718985080719,-0.6230083703994751,-0.539729118347168,-1.8570284843444824,-0.7426698803901672,-0.6296605467796326,-2.1275932788848877,-0.8001263737678528,-0.3943732678890228,-0.7929521203041077,-0.4644315540790558,-0.7092878222465515,-1.3101706504821777,-0.6590026021003723,-0.915747344493866,-1.6266465187072754,-0.715858519077301,-1.1088603734970093,-1.8830056190490723,-0.7449182271957397,-0.49191126227378845,-0.4847680926322937,-0.5298767685890198,-0.8652414679527283,-0.5419426560401917,-0.7133603096008301,-0.7139642834663391,-0.4208389222621918,-0.6718781590461731,-0.549031138420105,-0.40040674805641174,-0.5982186794281006,-0.5296145677566528,-0.14981016516685486,-0.5906033515930176,-0.8312329649925232,-0.16473782062530518,-0.6975581049919128,-0.7127755284309387,-0.09949082881212234,-0.6162260174751282,-0.5803612470626831,-0.0924052819609642,-0.5303036570549011
V,0.0,0.0,0.0,-0.13897134363651276,-0.4449917674064636,0.0767606869339943,-0.1310536116361618,-0.7891469597816467,0.07263428717851639,-0.07366456836462021,-0.9775304198265076,0.04599251598119736,-0.02497274987399578,-1.09991455078125,0.015236517414450645,-0.27162060141563416,-1.0258328914642334,-0.0011285018408671021,-0.3726852238178253,-1.4277395009994507,-0.05218326672911644,-0.4381586015224457,-1.6709433794021606,-0.08187694102525711,-0.48290324211120605,-1.863229513168335,-0.10546445846557617,-0.1610187292098999,-0.9840023517608643,-0.07623907923698425,-0.0981661006808281,-1.3993116617202759,-0.13827678561210632,-0.0013173366896808147,-1.557638168334961,-0.16572365164756775,0.07811253517866135,-1.6777138710021973,-0.1847449392080307,-0.04507625848054886,-0.8857095241546631,-0.14203132688999176,-0.034420695155858994,-1.1544963121414185,-0.18265876173973083,-0.023302562534809113,-1.1473023891448975,-0.15852470695972443,-0.020071905106306076,-1.1336184740066528,-0.14204679429531097,0.05573704093694687,-0.7737599015235901,-0.20312702655792236,0.01764265075325966,-0.9038976430892944,-0.22153715789318085,-0.01985396444797516,-0.8995787501335144,-0.1890539973974228,-0.05985705181956291,-0.9010486006736755,-0.16266079246997833,0.0,0.0,0.0,0.0,0.0,0.0,0.0,0.0,0.0,0.0,0.0,0.0,0.0,0.0,0.0,0.0,0.0,0.0,0.0,0.0,0.0,0.0,0.0,0.0,0.0,0.0,0.0,0.0,0.0,0.0,0.0,0.0,0.0,0.0,0.0,0.0,0.0,0.0,0.0,0.0,0.0,0.0,0.0,0.0,0.0,0.0,0.0,0.0,0.0,0.0,0.0,0.0,0.0,0.0,0.0,0.0,0.0,0.0,0.0,0.0,0.0,0.0,0.0
V,0.0,0.0,0.0,0.25653257966041565,-0.3859236240386963,0.20679056644439697,0.4490976929664612,-0.6821386814117432,0.2259545922279358,0.5438123941421509,-0.8729498386383057,0.19097930192947388,0.6255273222923279,-1.0368578433990479,0.13556279242038727,0.3994145691394806,-0.9630932211875916,0.014524854719638824,0.7503485679626465,-1.3267264366149902,-0.08356638252735138,1.0214154720306396,-1.416675090789795,-0.1321258842945099,1.2351685762405396,-1.4663805961608887,-0.15468455851078033,0.35311922430992126,-0.9220430850982666,-0.15856611728668213,0.8015751838684082,-1.32621431350708,-0.2743780314922333,1.1063426733016968,-1.3908429145812988,-0.3068510890007019,1.3168399333953857,-1.4080767631530762,-0.32281196117401123,0.29108262062072754,-0.8290842771530151,-0.31484368443489075,0.6718887090682983,-1.225526213645935,-0.4194282591342926,0.9833811521530151,-1.326048731803894,-0.42164596915245056,1.1911453008651733,-1.3640209436416626,-0.4151916801929474,0.21016272902488708,-0.7112179398536682,-0.4501008689403534,0.35330909490585327,-1.0019042491912842,-0.5297631025314331,0.511386513710022,-1.1583287715911865,-0.5303373336791992,0.651960015296936,-1.2650725841522217,-0.5239747166633606,0.0,0.0,0.0,0.14317429065704346,-0.37380748987197876,-0.07906673848628998,0.37319043278694153,-0.5841827988624573,-0.13996364176273346,0.63298100233078,-0.7498747706413269,-0.1925019770860672,0.744103193283081,-0.9484850168228149,-0.24428220093250275,0.9221147298812866,-0.34006696939468384,-0.10460672527551651,1.3429042100906372,-0.37003543972969055,-0.17398403584957123,1.58380126953125,-0.37403225898742676,-0.24267016351222992,1.7954968214035034,-0.3659697473049164,-0.30793628096580505,0.9816685318946838,-0.11793303489685059,-0.14972828328609467,1.4379469156265259,-0.07942218333482742,-0.24786071479320526,1.717410683631897,-0.04163072630763054,-0.34805622696876526,1.956159234046936,-0.01453398261219263,-0.42931610345840454,0.9117909669876099,0.0712290033698082,-0.19911888241767883,1.3169351816177368,0.17193010449409485,-0.3134360909461975,1.578844666481018,0.23803342878818512,-0.3929157853126526,1.8184725046157837,0.29599347710609436,-0.45445534586906433,0.7409629225730896,0.25703319907188416,-0.25086987018585205,1.029706358909607,0.4284708499908447,-0.3614318072795868,1.1953788995742798,0.5484899878501892,-0.40208563208580017,1.3615957498550415,0.6441212892532349,-0.4317600727081299
V,0.0,0.0,0.0,0.08632812649011612,-0.34745657444000244,0.037905674427747726,0.170576810836792,-0.701188325881958,0.07271426171064377,0.2104245275259018,-0.9451145529747009,0.08888914436101913,0.22933551669120789,-1.1428234577178955,0.10759735852479935,0.4071759879589081,-0.9410889148712158,0.14684298634529114,0.5479426383972168,-1.2731937170028687,0.1663954257965088,0.5613463521003723,-1.4481408596038818,0.153772234916687,0.5572043657302856,-1.590856909751892,0.14216609299182892,0.38725659251213074,-0.9131638407707214,0.1271384209394455,0.38040679693222046,-1.2552742958068848,0.14414672553539276,0.24965804815292358,-1.3744350671768188,0.1173371896147728,0.12788738310337067,-1.4188200235366821,0.09808766096830368,0.33195075392723083,-0.8674623966217041,0.10227426886558533,0.3026972711086273,-1.1333060264587402,0.14307184517383575,0.1717308610677719,-1.2341142892837524,0.13313676416873932,0.04471300542354584,-1.270039439201355,0.11613436043262482,0.2515179216861725,-0.7904009222984314,0.07540510594844818,0.20372606813907623,-0.9577193260192871,0.12204287946224213,0.12082426995038986,-1.0164668560028076,0.13821189105510712,0.03292229771614075,-1.0363643169403076,0.147042378783226,0.0,0.0,0.0,0.18608109652996063,-0.33384978771209717,-0.23251520097255707,0.04556886479258537,-0.5580647587776184,-0.4463447034358978,-0.11275642365217209,-0.7510233521461487,-0.6388670802116394,-0.07170753926038742,-0.8599458336830139,-0.8365707993507385,-0.4674037992954254,-0.2208050638437271,-0.6539177894592285,-1.1962934732437134,-0.23079068958759308,-0.9283906817436218,-1.6173717975616455,-0.26273858547210693,-1.106940746307373,-1.8752899169921875,-0.33332207798957825,-1.2084413766860962,-0.7578644752502441,0.005539739970117807,-0.6523885130882263,-1.4891823530197144,-0.09224570542573929,-0.9237105846405029,-1.9922661781311035,-0.1534801572561264,-1.051665186882019,-2.2368900775909424,-0.21265652775764465,-1.1658580303192139,-0.808788001537323,0.18981590867042542,-0.6375136375427246,-1.4400067329406738,0.07290137559175491,-0.9135028719902039,-1.8483761548995972,-0.0027681055944412947,-0.9710449576377869,-2.175929546356201,-0.07445604354143143,-1.0000603199005127,-0.7505903840065002,0.35663747787475586,-0.6351895332336426,-1.1074743270874023,0.33938536047935486,-0.8240896463394165,-1.3317409753799438,0.2817220687866211,-0.8282479643821716,-1.5582120418548584,0.17989902198314667,-0.8374502062797546
V,0.0,0.0,0.0,0.35570454597473145,-0.030583253130316734,-0.05406627058982849,0.6970606446266174,-0.21945950388908386,-0.059510163962841034,0.9274633526802063,-0.3209187686443329,-0.07920664548873901,1.0668461322784424,-0.4096680283546448,-0.09933339059352875,0.7440709471702576,-0.7015271186828613,0.041572440415620804,0.9453364014625549,-0.9925477504730225,-0.024399518966674805,1.0661829710006714,-1.2062243223190308,-0.09116992354393005,1.1468756198883057,-1.3884161710739136,-0.14024382829666138,0.6212016344070435,-0.7836233973503113,-0.006543096620589495,0.846616268157959,-1.0756829977035522,-0.06341055780649185,0.9964243173599243,-1.2670824527740479,-0.14361606538295746,1.1094627380371094,-1.4555202722549438,-0.19965581595897675,0.46739301085472107,-0.792935311794281,-0.07257696986198425,0.6705428957939148,-0.96160489320755,-0.15478572249412537,0.8373705744743347,-1.026308536529541,-0.22871489822864532,0.9528660178184509,-1.1054929494857788,-0.27422821521759033,0.30554354190826416,-0.7302545309066772,-0.14689090847969055,0.462685227394104,-0.7426575422286987,-0.219891756772995,0.5881988406181335,-0.6882205605506897,-0.24395570158958435,0.6670398116111755,-0.6244904398918152,-0.2542620897293091,0.0,0.0,0.0,0.0,0.0,0.0,0.0,0.0,0.0,0.0,0.0,0.0,0.0,0.0,0.0,0.0,0.0,0.0,0.0,0.0,0.0,0.0,0.0,0.0,0.0,0.0,0.0,0.0,0.0,0.0,0.0,0.0,0.0,0.0,0.0,0.0,0.0,0.0,0.0,0.0,0.0,0.0,0.0,0.0,0.0,0.0,0.0,0.0,0.0,0.0,0.0,0.0,0.0,0.0,0.0,0.0,0.0,0.0,0.0,0.0,0.0,0.0,0.0
V,0.0,0.0,0.0,0.15860341489315033,-0.45085597038269043,-0.2078472077846527,0.4464053213596344,-0.9001752138137817,-0.4524080157279968,0.6713161468505859,-1.2574939727783203,-0.6765555143356323,0.8192732930183411,-1.5703717470169067,-0.9342176914215088,0.6100268959999084,-0.7778156399726868,-0.6585908532142639,0.9104525446891785,-1.0108903646469116,-0.9244788289070129,1.0937186479568481,-1.1665669679641724,-1.1327768564224243,1.2242748737335205,-1.320193886756897,-1.2539458274841309,0.6274028420448303,-0.46106812357902527,-0.6275203227996826,0.9881662130355835,-0.6016541719436646,-0.8010254502296448,1.2794996500015259,-0.6902145743370056,-0.870039701461792,1.4403446912765503,-0.7781714797019958,-0.9502459168434143,0.5598977208137512,-0.11366063356399536,-0.5773800611495972,0.9021263122558594,-0.17312054336071014,-0.7240229845046997,1.1728379726409912,-0.24730971455574036,-0.7159293293952942,1.352848768234253,-0.3183910548686981,-0.7198116183280945,0.4489881992340088,0.22245538234710693,-0.5385454893112183,0.7778153419494629,0.22039943933486938,-0.603154718875885,0.9873420596122742,0.14176976680755615,-0.5346850156784058,1.1419942378997803,0.049360066652297974,-0.49757325649261475,0.0,0.0,0.0,0.07957343757152557,-0.4082759916782379,-0.1386626958847046,0.35447412729263306,-0.7470191121101379,-0.23571600019931793,0.6072874069213867,-0.9735896587371826,-0.322515070438385,0.791272759437561,-1.2249900102615356,-0.4181315004825592,0.7910526394844055,-0.6690278053283691,-0.2643069922924042,1.2219730615615845,-0.8732860684394836,-0.44140467047691345,1.5049700736999512,-0.9992218017578125,-0.5620377659797668,1.7444288730621338,-1.0961506366729736,-0.6429482102394104,0.8443533778190613,-0.43151354789733887,-0.31759002804756165,1.2982456684112549,-0.6240155100822449,-0.47776105999946594,1.618160367012024,-0.7519586086273193,-0.5929322242736816,1.889965534210205,-0.8494468331336975,-0.6711925864219666,0.8096194267272949,-0.15821215510368347,-0.3827631175518036,1.2417216300964355,-0.2911456227302551,-0.5534793734550476,1.544400691986084,-0.3712892532348633,-0.6510799527168274,1.8027353286743164,-0.46027976274490356,-0.7133801579475403,0.7084758877754211,0.1338839828968048,-0.45415356755256653,1.0328648090362549,0.14137744903564453,-0.6210649609565735,1.267956018447876,0.11880464851856232,-0.6830971837043762,1.4686967134475708,0.07099366188049316,-0.7175562977790833
V,0.0,0.0,0.0,0.48952406644821167,0.07071267813444138,0.0326308012008667,0.8238414525985718,0.006457289680838585,-0.0562032088637352,1.0883569717407227,0.009021717123687267,-0.1970992535352707,1.3209173679351807,0.07116954028606415,-0.34537363052368164,0.7196875810623169,-0.7373725175857544,-0.07795494049787521,0.8410680294036865,-1.0595957040786743,-0.22578004002571106,0.9136484861373901,-1.3442527055740356,-0.3394754230976105,0.9733840823173523,-1.6003577709197998,-0.4206571578979492,0.5883084535598755,-0.7756422162055969,-0.22863160073757172,0.7911804914474487,-1.0566129684448242,-0.4020414650440216,0.9352771639823914,-1.31984543800354,-0.5078375935554504,1.0546622276306152,-1.5508462190628052,-0.5727586150169373,0.47093716263771057,-0.6304633617401123,-0.37736114859580994,0.9421032071113586,-0.3664731979370117,-0.6058868765830994,1.114514946937561,-0.03216411545872688,-0.658912181854248,1.1890590190887451,0.20059365034103394,-0.6535658240318298,0.3935048580169678,-0.3603387773036957,-0.5206711292266846,0.8104155659675598,-0.13823005557060242,-0.673961341381073,1.0352473258972168,0.10225126892328262,-0.6711370944976807,1.1908299922943115,0.3201511800289154,-0.6465310454368591,0.0,0.0,0.0,0.500439465045929,-0.11030817031860352,0.05574343353509903,0.8340610265731812,-0.1999344527721405,0.04863642901182175,1.0589673519134521,-0.14279238879680634,-0.012544202618300915,1.1928340196609497,-0.12900219857692719,-0.07085733115673065,0.7973716259002686,-0.7839131355285645,0.09835968166589737,1.0546687841415405,-1.157629132270813,0.03417303413152695,1.2217570543289185,-1.3694628477096558,-0.01834690384566784,1.3445985317230225,-1.5364696979522705,-0.051334451884031296,0.6617452502250671,-0.749538004398346,-0.016909806057810783,0.9287301301956177,-1.0032284259796143,-0.09281329810619354,1.0720354318618774,-1.1572662591934204,-0.18235404789447784,1.1830158233642578,-1.288133144378662,-0.2349129617214203,0.5434370040893555,-0.6141723394393921,-0.14034534990787506,0.842840850353241,-0.4599425196647644,-0.2607090473175049,0.9763363003730774,-0.23245590925216675,-0.3545335829257965,1.0553739070892334,-0.06436549872159958,-0.38282138109207153,0.44645535945892334,-0.40529417991638184,-0.26108282804489136,0.717360258102417,-0.20511429011821747,-0.32356739044189453,0.8815438151359558,-0.04499709978699684,-0.3492288887500763,0.9918712973594666,0.10089698433876038,-0.34878188371658325
V,0.0,0.0,0.0,0.2080392688512802,-0.3271024227142334,0.12131970375776291,0.40900424122810364,-0.6036514043807983,0.18478569388389587,0.613856852054596,-0.76798015832901,0.2070346623659134,0.7581028342247009,-0.9021225571632385,0.23161345720291138,0.3616127669811249,-0.8718090653419495,0.23785632848739624,0.29648298025131226,-1.242130160331726,0.21312527358531952,0.21362513303756714,-1.4601728916168213,0.15493303537368774,0.1299729347229004,-1.6494449377059937,0.11402738839387894,0.4334152042865753,-0.8886400461196899,0.14990057051181793,0.35188421607017517,-1.3276941776275635,0.14000022411346436,0.2718901038169861,-1.571175456047058,0.08474643528461456,0.17226168513298035,-1.7653518915176392,0.03644002974033356,0.49758318066596985,-0.8511015176773071,0.05690848454833031,0.4380110800266266,-1.2606052160263062,0.04664801061153412,0.36913570761680603,-1.5082916021347046,0.007590851746499538,0.2678487002849579,-1.7065773010253906,-0.030657174065709114,0.5962527394294739,-0.7663941383361816,-0.03164397180080414,0.5697500109672546,-1.0504813194274902,-0.022219505161046982,0.5049205422401428,-1.2325657606124878,-0.013064139522612095,0.41649532318115234,-1.395365834236145,-0.013178955763578415,0.0,0.0,0.0,0.0,0.0,0.0,0.0,0.0,0.0,0.0,0.0,0.0,0.0,0.0,0.0,0.0,0.0,0.0,0.0,0.0,0.0,0.0,0.0,0.0,0.0,0.0,0.0,0.0,0.0,0.0,0.0,0.0,0.0,0.0,0.0,0.0,0.0,0.0,0.0,0.0,0.0,0.0,0.0,0.0,0.0,0.0,0.0,0.0,0.0,0.0,0.0,0.0,0.0,0.0,0.0,0.0,0.0,0.0,0.0,0.0,0.0,0.0,0.0
V,0.0,0.0,0.0,-0.1110304445028305,-0.38155221939086914,-0.14214947819709778,-0.35474851727485657,-0.5889636874198914,-0.19876691699028015,-0.6323075890541077,-0.7658358216285706,-0.24469715356826782,-0.7491603493690491,-0.9743009209632874,-0.2916107773780823,-0.9419221878051758,-0.31806257367134094,-0.10504677146673203,-1.3353018760681152,-0.38479989767074585,-0.16819989681243896,-1.5825010538101196,-0.3970138132572174,-0.224100261926651,-1.7868183851242065,-0.39309003949165344,-0.28150442242622375,-0.9862554669380188,-0.11950786411762238,-0.11409693956375122,-1.4171043634414673,-0.11205871403217316,-0.20866349339485168,-1.7049702405929565,-0.07934127748012543,-0.303438276052475,-1.9383463859558105,-0.04140634834766388,-0.37494519352912903,-0.9107020497322083,0.07030930370092392,-0.13732878863811493,-1.3222336769104004,0.15885767340660095,-0.2551017701625824,-1.5811564922332764,0.22904913127422333,-0.3561817705631256,-1.8121005296707153,0.28462445735931396,-0.4246208071708679,-0.7404077649116516,0.23744571208953857,-0.17046786844730377,-1.0357433557510376,0.4249471426010132,-0.3135563135147095,-1.2033501863479614,0.5390452742576599,-0.4013778865337372,-1.3893054723739624,0.6259366273880005,-0.4548724889755249,0.0,0.0,0.0,0.0,0.0,0.0,0.0,0.0,0.0,0.0,0.0,0.0,0.0,0.0,0.0,0.0,0.0,0.0,0.0,0.0,0.0,0.0,0.0,0.0,0.0,0.0,0.0,0.0,0.0,0.0,0.0,0.0,0.0,0.0,0.0,0.0,0.0,0.0,0.0,0.0,0.0,0.0,0.0,0.0,0.0,0.0,0.0,0.0,0.0,0.0,0.0,0.0,0.0,0.0,0.0,0.0,0.0,0.0,0.0,0.0,0.0,0.0,0.0
W,0.0,0.0,0.0,-0.3516539931297302,-0.3863159120082855,-0.11104836314916611,-0.9551734328269958,-0.7459418177604675,-0.19550253450870514,-1.4598411321640015,-1.0023691654205322,-0.25096142292022705,-1.806947946548462,-1.1980698108673096,-0.32329604029655457,-0.808808445930481,-0.6315991878509521,-0.40303847193717957,-1.3350199460983276,-0.8480275273323059,-0.5551595687866211,-1.6375974416732788,-0.9730790257453918,-0.6151658296585083,-1.8809726238250732,-1.092616081237793,-0.6516214609146118,-0.8391501307487488,-0.3496731221675873,-0.41660016775131226,-1.4014723300933838,-0.5157698392868042,-0.5773366689682007,-1.8037294149398804,-0.6387596130371094,-0.6534467935562134,-2.1088857650756836,-0.7596849203109741,-0.7159063220024109,-0.8238303065299988,-0.058446839451789856,-0.42386874556541443,-1.3992139101028442,-0.10218693315982819,-0.5864973068237305,-1.811693787574768,-0.11610586196184158,-0.6843984723091125,-2.1289868354797363,-0.1439751386642456,-0.753646194934845,-0.7940922379493713,0.20985901355743408,-0.4254429340362549,-1.2569708824157715,0.2804822325706482,-0.5769607424736023,-1.56618332862854,0.3566600978374481,-0.6656273007392883,-1.8414039611816406,0.415200799703598,-0.7288409471511841,0.0,0.0,0.0,-0.2189963012933731,-0.49412816762924194,-0.049867283552885056,-0.6166320443153381,-0.850043535232544,-0.10405856370925903,-0.9882618188858032,-0.9353518486022949,-0.14686696231365204,-1.2707442045211792,-0.8598431348800659,-0.20158688724040985,-0.7686615586280823,-0.7745686769485474,-0.2606128454208374,-1.2702820301055908,-0.8759241700172424,-0.4041024446487427,-1.6012232303619385,-0.9193776249885559,-0.47541317343711853,-1.8546305894851685,-0.9503943920135498,-0.5212000012397766,-0.8464765548706055,-0.4349384009838104,-0.3070928454399109,-1.406600832939148,-0.4344955384731293,-0.46600428223609924,-1.7848960161209106,-0.4446829557418823,-0.5588794350624084,-2.104855537414551,-0.4547988176345825,-0.6273614168167114,-0.8900464177131653,-0.07854964584112167,-0.34798523783683777,-1.445824384689331,-0.07350189238786697,-0.5087234973907471,-1.825707197189331,-0.08250318467617035,-0.6138405203819275,-2.1263527870178223,-0.07656029611825943,-0.6791029572486877,-0.9186993837356567,0.23627032339572906,-0.3809729814529419,-1.4279721975326538,0.25643154978752136,-0.5501519441604614,-1.772797703742981,0.3064490556716919,-0.6555558443069458,-2.0654959678649902,0.3677242696285248,-0.7183392643928528
W,0.0,0.0,0.0,0.0,0.0,0.0,0.0,0.0,0.0,0.0,0.0,0.0,0.0,0.0,0.0,0.0,0.0,0.0,0.0,0.0,0.0,0.0,0.0,0.0,0.0,0.0,0.0,0.0,0.0,0.0,0.0,0.0,0.0,0.0,0.0,0.0,0.0,0.0,0.0,0.0,0.0,0.0,0.0,0.0,0.0,0.0,0.0,0.0,0.0,0.0,0.0,0.0,0.0,0.0,0.0,0.0,0.0,0.0,0.0,0.0,0.0,0.0,0.0,0.0,0.0,0.0,-0.24316582083702087,-0.4218655526638031,0.07791249454021454,-0.5053074359893799,-0.7397578358650208,0.07864635437726974,-0.6703556180000305,-0.9555225372314453,0.052800726145505905,-0.7640396952629089,-1.169702410697937,0.016957027837634087,-0.6200522184371948,-0.8426917791366577,-0.006914900150150061,-0.8563750386238098,-1.1474283933639526,-0.11976487934589386,-1.0035814046859741,-1.3615754842758179,-0.20625834167003632,-1.1285938024520874,-1.5498021841049194,-0.2572745680809021,-0.6919626593589783,-0.715038001537323,-0.09954021126031876,-1.002162218093872,-1.0497609376907349,-0.18080300092697144,-1.2116259336471558,-1.2648100852966309,-0.22943580150604248,-1.388528823852539,-1.457979679107666,-0.2622177004814148,-0.7393460273742676,-0.4960199296474457,-0.1924058347940445,-1.1045092344284058,-0.6910340189933777,-0.27430880069732666,-1.3257617950439453,-0.8183785676956177,-0.3149661421775818,-1.4878720045089722,-0.9571846127510071,-0.3384731113910675,-0.7591330409049988,-0.19146932661533356,-0.2770020067691803,-1.0272176265716553,-0.2523628771305084,-0.3423866629600525,-1.1884151697158813,-0.31900930404663086,-0.3550642132759094,-1.321273922920227,-0.4068872332572937,-0.3596073389053345
W,0.0,0.0,0.0,0.0,0.0,0.0,0.0,0.0,0.0,0.0,0.0,0.0,0.0,0.0,0.0,0.0,0.0,0.0,0.0,0.0,0.0,0.0,0.0,0.0,0.0,0.0,0.0,0.0,0.0,0.0,0.0,0.0,0.0,0.0,0.0,0.0,0.0,0.0,0.0,0.0,0.0,0.0,0.0,0.0,0.0,0.0,0.0,0.0,0.0,0.0,0.0,0.0,0.0,0.0,0.0,0.0,0.0,0.0,0.0,0.0,0.0,0.0,0.0,0.0,0.0,0.0,-0.3432512879371643,-0.032732363790273666,0.13461968302726746,-0.5724579095840454,-0.21771174669265747,0.1934031844139099,-0.7165371179580688,-0.36360207200050354,0.20328733325004578,-0.8440744876861572,-0.5030310153961182,0.20770272612571716,-0.8229030966758728,-0.5797116756439209,0.20217886567115784,-1.0723069906234741,-0.8268765807151794,0.21710139513015747,-1.221481442451477,-0.9616596102714539,0.21997666358947754,-1.3487122058868408,-1.092278242111206,0.21204471588134766,-0.7748905420303345,-0.6278126835823059,0.07345688343048096,-1.0971397161483765,-0.9230961799621582,0.04523037374019623,-1.277122974395752,-1.0971310138702393,-0.004926662426441908,-1.421098232269287,-1.2516125440597534,-0.046008285135030746,-0.6994943022727966,-0.6051436066627502,-0.05812014266848564,-0.9348860383033752,-0.8802046775817871,-0.13610601425170898,-0.8652096390724182,-0.9439091086387634,-0.19354110956192017,-0.7904480695724487,-0.9796978831291199,-0.2252873182296753,-0.6388092637062073,-0.5545068383216858,-0.17845481634140015,-0.9016141295433044,-0.7454836368560791,-0.24652153253555298,-1.0627273321151733,-0.8328695297241211,-0.29002174735069275,-1.2100019454956055,-0.9093415141105652,-0.3277072012424469
W,0.0,0.0,0.0,0.060396112501621246,0.1856813281774521,-0.4584548771381378,0.2232482135295868,0.270927369594574,-0.7016316056251526,0.3790866732597351,0.2661314904689789,-0.8690900802612305,0.5117741823196411,0.16165420413017273,-1.0299690961837769,0.6996584534645081,-0.5027302503585815,-0.5575733780860901,1.0343915224075317,-0.8437992334365845,-0.7617607712745667,1.2593529224395752,-1.1432602405548096,-0.9189973473548889,1.4336227178573608,-1.433763027191162,-1.0210744142532349,0.7175930142402649,-0.5778698921203613,-0.3887500464916229,1.0145602226257324,-0.9040483832359314,-0.5926756262779236,1.1752936840057373,-1.2706549167633057,-0.7409760355949402,1.2587562799453735,-1.606693148612976,-0.8321143984794617,0.7039501070976257,-0.591975212097168,-0.2412189394235611,0.9380239844322205,-0.9424547553062439,-0.4101453125476837,0.9996044039726257,-1.2893116474151611,-0.5234665870666504,1.0199114084243774,-1.5769504308700562,-0.5807618498802185,0.6786330342292786,-0.5882693529129028,-0.12731307744979858,0.8553342223167419,-0.8477942943572998,-0.24193032085895538,0.9255181550979614,-1.1031187772750854,-0.31202563643455505,0.9420883655548096,-1.3164417743682861,-0.3494388163089752,0.0,0.0,0.0,0.0,0.0,0.0,0.0,0.0,0.0,0.0,0.0,0.0,0.0,0.0,0.0,0.0,0.0,0.0,0.0,0.0,0.0,0.0,0.0,0.0,0.0,0.0,0.0,0.0,0.0,0.0,0.0,0.0,0.0,0.0,0.0,0.0,0.0,0.0,0.0,0.0,0.0,0.0,0.0,0.0,0.0,0.0,0.0,0.0,0.0,0.0,0.0,0.0,0.0,0.0,0.0,0.0,0.0,0.0,0.0,0.0,0.0,0.0,0.0
W,0.0,0.0,0.0,0.012706617824733257,-0.9433353543281555,-0.1446208953857422,0.3500843048095703,-1.5498138666152954,-0.2544306218624115,0.7026068568229675,-1.7516319751739502,-0.335951566696167,0.937497079372406,-1.9032646417617798,-0.4189355671405792,0.6549307107925415,-1.1285508871078491,-0.3574508726596832,1.1116437911987305,-1.2653920650482178,-0.5330080986022949,1.4258878231048584,-1.3029340505599976,-0.6340680718421936,1.6956446170806885,-1.3122634887695312,-0.6967166662216187,0.7922543883323669,-0.45954546332359314,-0.4014361500740051,1.3112667798995972,-0.34791889786720276,-0.5632157921791077,1.6791191101074219,-0.34138059616088867,-0.6609101295471191,2.016819715499878,-0.3341072201728821,-0.7311508655548096,0.869072675704956,0.18682320415973663,-0.4472217559814453,1.4293895959854126,0.4146297574043274,-0.6321738362312317,1.821754813194275,0.4755922555923462,-0.7134595513343811,2.1599032878875732,0.522402822971344,-0.7539749145507812,0.9001284241676331,0.7818400859832764,-0.493192583322525,1.4167975187301636,1.1135988235473633,-0.6570974588394165,1.7844382524490356,1.3378243446350098,-0.696133017539978,2.11061429977417,1.5491870641708374,-0.7073333263397217,0.0,0.0,0.0,0.0,0.0,0.0,0.0,0.0,0.0,0.0,0.0,0.0,0.0,0.0,0.0,0.0,0.0,0.0,0.0,0.0,0.0,0.0,0.0,0.0,0.0,0.0,0.0,0.0,0.0,0.0,0.0,0.0,0.0,0.0,0.0,0.0,0.0,0.0,0.0,0.0,0.0,0.0,0.0,0.0,0.0,0.0,0.0,0.0,0.0,0.0,0.0,0.0,0.0,0.0,0.0,0.0,0.0,0.0,0.0,0.0,0.0,0.0,0.0
W,0.0,0.0,0.0,0.1767479032278061,-0.40894609689712524,0.0690830647945404,0.4089129865169525,-0.7338611483573914,0.07761984318494797,0.5661345720291138,-0.975848913192749,0.06209347024559975,0.6289200782775879,-1.2022920846939087,0.040544379502534866,0.6009727120399475,-0.8783208727836609,-0.026119494810700417,0.7764107584953308,-1.2728627920150757,-0.15951628983020782,0.8431422710418701,-1.496828317642212,-0.25143057107925415,0.8926718235015869,-1.692676067352295,-0.30060499906539917,0.670967698097229,-0.730339765548706,-0.12808674573898315,1.0104562044143677,-1.1127653121948242,-0.24907585978507996,1.244338870048523,-1.3655850887298584,-0.3347521424293518,1.425819754600525,-1.5744129419326782,-0.3877906799316406,0.7097640037536621,-0.4868846535682678,-0.23083454370498657,1.0777238607406616,-0.6925613284111023,-0.3707104027271271,1.3206250667572021,-0.8654102087020874,-0.47978100180625916,1.513672113418579,-1.021030068397522,-0.5416204929351807,0.7261113524436951,-0.18086639046669006,-0.32003405690193176,1.0221461057662964,-0.20246165990829468,-0.44037723541259766,1.2185702323913574,-0.2526896893978119,-0.5054080486297607,1.393137812614441,-0.3308770954608917,-0.5433399677276611,0.0,0.0,0.0,0.0,0.0,0.0,0.0,0.0,0.0,0.0,0.0,0.0,0.0,0.0,0.0,0.0,0.0,0.0,0.0,0.0,0.0,0.0,0.0,0.0,0.0,0.0,0.0,0.0,0.0,0.0,0.0,0.0,0.0,0.0,0.0,0.0,0.0,0.0,0.0,0.0,0.0,0.0,0.0,0.0,0.0,0.0,0.0,0.0,0.0,0.0,0.0,0.0,0.0,0.0,0.0,0.0,0.0,0.0,0.0,0.0,0.0,0.0,0.0
W,0.0,0.0,0.0,0.36604931950569153,-0.2921169102191925,0.07436040043830872,0.6572831273078918,-0.5290645360946655,0.08504954725503922,0.8914561867713928,-0.6695636510848999,0.06883269548416138,1.0886976718902588,-0.7894912362098694,0.05906395986676216,0.6253518462181091,-0.8489792346954346,0.12397443503141403,0.9488657116889954,-0.9900369048118591,0.10960152000188828,1.1182763576507568,-1.0139561891555786,0.08863203227519989,1.240386724472046,-1.0159478187561035,0.07218722254037857,0.5694333910942078,-0.8197497725486755,0.06128465756773949,0.9545134902000427,-0.8548914194107056,0.036945123225450516,1.1163229942321777,-0.8101168274879456,7.993007602635771e-05,1.258665680885315,-0.7956898212432861,-0.028086259961128235,0.5210484862327576,-0.7621612548828125,-0.0038837972097098827,0.9056591391563416,-0.8375129103660583,-0.03752930089831352,1.0665427446365356,-0.8069515228271484,-0.05840200185775757,1.1843172311782837,-0.7893280386924744,-0.07225098460912704,0.4874955713748932,-0.6873061060905457,-0.06280549615621567,0.6822386980056763,-0.8635789752006531,-0.08590951561927795,0.7637558579444885,-0.9280446767807007,-0.08918754011392593,0.8219496011734009,-0.975395679473877,-0.08901853859424591,0.0,0.0,0.0,-0.04993045702576637,0.27448132634162903,-0.5369434356689453,-0.21184928715229034,0.29690325260162354,-0.8154475688934326,-0.3722897171974182,0.2726440131664276,-0.9947078227996826,-0.5244631767272949,0.14651793241500854,-1.1653081178665161,-0.7608797550201416,-0.4052647352218628,-0.6142014265060425,-1.1298564672470093,-0.8665812611579895,-0.7500401139259338,-1.3508518934249878,-1.2022030353546143,-0.857824444770813,-1.5168763399124146,-1.4748005867004395,-0.9296353459358215,-0.7579358816146851,-0.5397060513496399,-0.36640220880508423,-1.0512655973434448,-0.9815281629562378,-0.4815204441547394,-1.1182793378829956,-1.346672773361206,-0.5761569738388062,-1.1247217655181885,-1.647120714187622,-0.6437532305717468,-0.7338076829910278,-0.5838841199874878,-0.14076027274131775,-0.9988545775413513,-0.9321379065513611,-0.21616698801517487,-1.0329666137695312,-1.2435060739517212,-0.3110676407814026,-0.9980449676513672,-1.4908742904663086,-0.37804102897644043,-0.7217983603477478,-0.5941580533981323,0.045032061636447906,-0.9376876950263977,-0.8581430315971375,0.006258844397962093,-1.001478910446167,-1.0717853307724,-0.05017527937889099,-1.0074381828308105,-1.2565470933914185,-0.09819066524505615
W,0.0,0.0,0.0,0.3356294631958008,-0.30056360363960266,0.07689846307039261,0.5841534733772278,-0.5322088003158569,0.10984392464160919,0.7904190421104431,-0.6622666120529175,0.11077243089675903,0.930413544178009,-0.7348154783248901,0.1259881854057312,0.49833372235298157,-0.9715789556503296,0.22731083631515503,0.7439054250717163,-1.0087333917617798,0.22833897173404694,0.8586439490318298,-0.9167285561561584,0.18858011066913605,0.914823055267334,-0.8667142391204834,0.1634078472852707,0.48466503620147705,-0.8564015030860901,0.1779782623052597,0.7924447655677795,-0.7883614897727966,0.21661369502544403,0.8798950910568237,-0.6546481847763062,0.18583810329437256,0.9125374555587769,-0.591515064239502,0.1487245261669159,0.4827877879142761,-0.6525446176528931,0.12142812460660934,0.7815325260162354,-0.5399647355079651,0.17393386363983154,0.8491290807723999,-0.43979811668395996,0.18144148588180542,0.8609609603881836,-0.3825071156024933,0.16854871809482574,0.4886070489883423,-0.39562711119651794,0.06411697715520859,0.7194626331329346,-0.29981714487075806,0.15262766182422638,0.7944777607917786,-0.24323071539402008,0.20845550298690796,0.8145599961280823,-0.21508118510246277,0.2371998429298401,0.0,0.0,0.0,0.0,0.0,0.0,0.0,0.0,0.0,0.0,0.0,0.0,0.0,0.0,0.0,0.0,0.0,0.0,0.0,0.0,0.0,0.0,0.0,0.0,0.0,0.0,0.0,0.0,0.0,0.0,0.0,0.0,0.0,0.0,0.0,0.0,0.0,0.0,0.0,0.0,0.0,0.0,0.0,0.0,0.0,0.0,0.0,0.0,0.0,0.0,0.0,0.0,0.0,0.0,0.0,0.0,0.0,0.0,0.0,0.0,0.0,0.0,0.0
W,0.0,0.0,0.0,0.25382837653160095,-0.36244288086891174,0.02601916901767254,0.6013731360435486,-0.5754100680351257,-0.031613416969776154,0.8821161985397339,-0.6529514789581299,-0.10943618416786194,1.0898473262786865,-0.6920344829559326,-0.19122828543186188,0.7460934519767761,-0.7099302411079407,-0.13182149827480316,1.1442208290100098,-0.931205153465271,-0.3020138740539551,1.4309539794921875,-1.1528196334838867,-0.42522573471069336,1.6163079738616943,-1.3497464656829834,-0.5052530765533447,0.7796130776405334,-0.5748046636581421,-0.2486022561788559,1.1927571296691895,-0.7749125361442566,-0.41390377283096313,1.5052316188812256,-0.999150276184082,-0.5192915797233582,1.7349460124969482,-1.2104768753051758,-0.5872123837471008,0.782700777053833,-0.34242871403694153,-0.3620641529560089,1.2183839082717896,-0.4601450562477112,-0.5043855905532837,1.4972929954528809,-0.55122971534729,-0.5543167591094971,1.6934046745300293,-0.6483217477798462,-0.5817692875862122,0.7492265105247498,-0.02678617276251316,-0.47280043363571167,1.0830007791519165,-0.042303260415792465,-0.5728530287742615,1.3044716119766235,-0.095158651471138,-0.577843964099884,1.477340817451477,-0.15749502182006836,-0.5733014345169067,0.0,0.0,0.0,-0.17913010716438293,-0.41048377752304077,-0.025578904896974564,-0.5856748223304749,-0.8661359548568726,-0.08770167827606201,-0.8869044184684753,-1.179266095161438,-0.14265626668930054,-1.0341273546218872,-1.4462189674377441,-0.21858829259872437,-0.6712488532066345,-0.8912109136581421,-0.2680666148662567,-1.1209877729415894,-1.071807861328125,-0.41574621200561523,-1.4276485443115234,-1.1520216464996338,-0.5028468370437622,-1.6649850606918335,-1.200042963027954,-0.5590724945068359,-0.7296384572982788,-0.599149227142334,-0.3296176791191101,-1.234119176864624,-0.769438624382019,-0.4523848593235016,-1.5566595792770386,-0.7990939021110535,-0.5110898017883301,-1.8195570707321167,-0.8157888650894165,-0.5571193099021912,-0.7702193856239319,-0.23377740383148193,-0.3806152939796448,-1.2899394035339355,-0.3714573085308075,-0.4858739376068115,-1.5856770277023315,-0.3952244520187378,-0.49096381664276123,-1.8010941743850708,-0.4158303439617157,-0.49557194113731384,-0.8037062883377075,0.1719834804534912,-0.4269915819168091,-1.2494583129882812,0.05163028463721275,-0.5233162045478821,-1.515089750289917,-0.006140278186649084,-0.524505078792572,-1.726284146308899,-0.05191928148269653,-0.5167943239212036
W,0.0,0.0,0.0,0.3350451588630676,-0.16589948534965515,0.47667279839515686,0.5253010392189026,-0.2846747934818268,0.6561340689659119,0.647246778011322,-0.37046486139297485,0.7283754348754883,0.7996178269386292,-0.5025532245635986,0.7793591022491455,0.7802047729492188,-0.6465466022491455,0.3975781202316284,1.0421267747879028,-0.8747161626815796,0.41566601395606995,1.1670645475387573,-1.036329746246338,0.4440160095691681,1.2644896507263184,-1.1342970132827759,0.45476406812667847,0.7476800084114075,-0.6580695509910583,0.08898869901895523,1.1065081357955933,-1.0110011100769043,-0.008354630321264267,1.3388181924819946,-1.2751296758651733,-0.0595606192946434,1.5116275548934937,-1.469172716140747,-0.08429095894098282,0.6928694844245911,-0.621290385723114,-0.19361183047294617,1.0406734943389893,-0.8734028935432434,-0.3248133063316345,1.2834609746932983,-1.069867730140686,-0.3673367500305176,1.4738707542419434,-1.209130048751831,-0.37626516819000244,0.6504620313644409,-0.5546257495880127,-0.43082910776138306,0.9382795095443726,-0.7862436175346375,-0.5734911561012268,1.110620379447937,-0.9105476140975952,-0.6310465335845947,1.2601070404052734,-1.0157949924468994,-0.6583727598190308,0.0,0.0,0.0,-0.3090922236442566,-0.24304401874542236,0.4772461950778961,-0.5668185353279114,-0.40779849886894226,0.669147789478302,-0.7249897718429565,-0.4794017970561981,0.7705171704292297,-0.9186285734176636,-0.5503314733505249,0.8578411936759949,-0.6968314051628113,-0.6922956109046936,0.4054563641548157,-0.9801340103149414,-0.874061644077301,0.4921417534351349,-1.118564248085022,-0.9697405695915222,0.5535732507705688,-1.2237908840179443,-1.0772393941879272,0.5717206597328186,-0.7123441100120544,-0.6849662661552429,0.15292833745479584,-1.0279532670974731,-0.9427265524864197,0.1929449886083603,-1.0974817276000977,-1.0838388204574585,0.2304324358701706,-1.1275774240493774,-1.2593141794204712,0.2457815408706665,-0.7505491375923157,-0.5899078845977783,-0.06902807205915451,-1.114732027053833,-0.8553267121315002,-0.048309341073036194,-1.3182179927825928,-0.9954684376716614,-0.0016783932223916054,-1.430678129196167,-1.1352791786193848,0.014767143875360489,-0.8092818856239319,-0.45542800426483154,-0.25211718678474426,-1.0983846187591553,-0.7172164916992188,-0.2983905076980591,-1.29972243309021,-0.9045906066894531,-0.3204552233219147,-1.4550622701644897,-1.0832815170288086,-0.3389419615268707
X,0.0,0.0,0.0,0.3913676142692566,-0.038285769522190094,0.08856909722089767,0.6267977356910706,-0.22887258231639862,0.09962070733308792,0.7696186900138855,-0.39349478483200073,0.06715085357427597,0.8741823434829712,-0.5506058931350708,0.04124367609620094,0.6452478766441345,-0.7876571416854858,0.12830154597759247,0.8737046122550964,-0.9377896785736084,0.10486111044883728,0.9904130697250366,-1.0165340900421143,0.0881490632891655,1.062045693397522,-1.1126437187194824,0.07700745761394501,0.549379825592041,-0.8343428373336792,0.04531894996762276,0.8599017858505249,-0.6883214712142944,-0.016565216705203056,0.7991730570793152,-0.45738276839256287,-0.03389095887541771,0.7061659097671509,-0.3585287928581238,-0.026578692719340324,0.4750846326351166,-0.7875024676322937,-0.0381464809179306,0.7571710348129272,-0.5511114001274109,-0.09066525101661682,0.6741328239440918,-0.3328469395637512,-0.06545888632535934,0.5624195337295532,-0.2500283420085907,-0.032289016991853714,0.41770699620246887,-0.6752512454986572,-0.118472158908844,0.6426582932472229,-0.4635705053806305,-0.11625266820192337,0.605252742767334,-0.2904054522514343,-0.07066355645656586,0.5238475203514099,-0.22011716663837433,-0.03248582035303116,0.0,0.0,0.0,0.0,0.0,0.0,0.0,0.0,0.0,0.0,0.0,0.0,0.0,0.0,0.0,0.0,0.0,0.0,0.0,0.0,0.0,0.0,0.0,0.0,0.0,0.0,0.0,0.0,0.0,0.0,0.0,0.0,0.0,0.0,0.0,0.0,0.0,0.0,0.0,0.0,0.0,0.0,0.0,0.0,0.0,0.0,0.0,0.0,0.0,0.0,0.0,0.0,0.0,0.0,0.0,0.0,0.0,0.0,0.0,0.0,0.0,0.0,0.0
X,0.0,0.0,0.0,0.3896995782852173,-0.17066343128681183,0.02592877484858036,0.7015396356582642,-0.23881909251213074,-0.021771127358078957,0.9411960244178772,-0.16639773547649384,-0.10273676365613937,1.0986751317977905,-0.1338006556034088,-0.17589408159255981,0.7467782497406006,-0.8247150182723999,0.031824976205825806,0.9366348385810852,-0.9072808027267456,-0.06512769311666489,1.0573545694351196,-0.9532520174980164,-0.16103442013263702,1.1446726322174072,-0.9889318346977234,-0.23646731674671173,0.6763186454772949,-0.7342529892921448,-0.05886894464492798,0.9507362842559814,-0.2966707646846771,-0.16684286296367645,0.8825949430465698,-0.18027357757091522,-0.2184111773967743,0.7963783740997314,-0.22141894698143005,-0.2533252537250519,0.5785412192344666,-0.5352222919464111,-0.15644097328186035,0.8290677070617676,-0.07231811434030533,-0.2345973253250122,0.741921603679657,-0.035933591425418854,-0.21009711921215057,0.6563580632209778,-0.12191255390644073,-0.19439482688903809,0.4736303687095642,-0.2863372266292572,-0.26194581389427185,0.6643592119216919,0.07318095117807388,-0.2932731807231903,0.5983499884605408,0.07772892713546753,-0.25554805994033813,0.5182012915611267,-0.027089299634099007,-0.22681020200252533,0.0,0.0,0.0,-0.30256912112236023,-0.3415888547897339,-0.011541007086634636,-0.8092591166496277,-0.3978489339351654,-0.08001220226287842,-1.1669586896896362,-0.10232596099376678,-0.16030853986740112,-1.3899120092391968,0.15384556353092194,-0.255147248506546,-0.8543553352355957,-0.7591004371643066,-0.14137136936187744,-1.2724651098251343,-1.043325424194336,-0.2992163598537445,-1.5259050130844116,-1.2619426250457764,-0.3796878755092621,-1.7008799314498901,-1.4852551221847534,-0.42459917068481445,-0.8224090337753296,-0.5254067182540894,-0.2181539535522461,-1.4078537225723267,-0.34767746925354004,-0.4090735614299774,-1.298246145248413,-0.13061563670635223,-0.4346402883529663,-1.092677116394043,-0.1118343397974968,-0.4077486991882324,-0.7487766742706299,-0.1877833604812622,-0.29230692982673645,-1.2115848064422607,0.12556451559066772,-0.45069828629493713,-1.0802695751190186,0.2241431325674057,-0.3955136239528656,-0.9103863835334778,0.1358303427696228,-0.3143565058708191,-0.6605149507522583,0.16703039407730103,-0.36446723341941833,-1.0790153741836548,0.37873318791389465,-0.4544878304004669,-0.9694409370422363,0.4536246955394745,-0.3855971097946167,-0.8013812899589539,0.4021877646446228,-0.3066495358943939
X,0.0,0.0,0.0,0.3430255651473999,-0.05047920346260071,0.050406958907842636,0.6258086562156677,-0.18769536912441254,0.022007007151842117,0.8169918656349182,-0.25535959005355835,-0.04167011007666588,0.9539600610733032,-0.2948894500732422,-0.09919669479131699,0.718116044998169,-0.7416136860847473,-0.01094804797321558,1.0157314538955688,-0.9545283913612366,-0.11367619037628174,1.2168687582015991,-1.0588809251785278,-0.17760880291461945,1.364639401435852,-1.121583104133606,-0.21678416430950165,0.6576725244522095,-0.7467378973960876,-0.09924355149269104,0.9794619083404541,-0.22250017523765564,-0.2387087047100067,0.8573741912841797,-0.030897222459316254,-0.2521917223930359,0.7339361310005188,-0.03829405829310417,-0.23675958812236786,0.5897107124328613,-0.618669331073761,-0.18794995546340942,0.8609791994094849,-0.060474004596471786,-0.2946736812591553,0.7266181111335754,0.05235401168465614,-0.24337464570999146,0.6347006559371948,0.0016297120600938797,-0.19095709919929504,0.5273230671882629,-0.4344092309474945,-0.27940285205841064,0.7235603332519531,-0.0013733982341364026,-0.3033572733402252,0.6180242896080017,0.08470028638839722,-0.23735637962818146,0.5331555604934692,0.0362987257540226,-0.1800653487443924,0.0,0.0,0.0,-0.35149502754211426,-0.06374666839838028,0.030760884284973145,-0.5852827429771423,-0.19130055606365204,-0.05164454132318497,-0.7400026321411133,-0.2545035779476166,-0.15156152844429016,-0.8320731520652771,-0.2870202660560608,-0.26116350293159485,-0.5916146636009216,-0.822996973991394,-0.1613585203886032,-0.7539622187614441,-1.1198995113372803,-0.3135644197463989,-0.8682518005371094,-1.3923211097717285,-0.4247950613498688,-0.9416784644126892,-1.6334024667739868,-0.5028901100158691,-0.42423856258392334,-0.8710522055625916,-0.24756783246994019,-0.7019428610801697,-0.4935147762298584,-0.37777552008628845,-0.6581801176071167,-0.23977680504322052,-0.378825306892395,-0.5839830040931702,-0.15351858735084534,-0.3796972334384918,-0.29237788915634155,-0.7311751246452332,-0.3311547040939331,-0.6002638936042786,-0.28760871291160583,-0.431286096572876,-0.5437186360359192,-0.10324452817440033,-0.34771618247032166,-0.4409121572971344,-0.06701068580150604,-0.2869859039783478,-0.20391066372394562,-0.516017735004425,-0.4148736596107483,-0.5022087097167969,-0.18910953402519226,-0.505695641040802,-0.5498700141906738,0.02433229424059391,-0.4670819938182831,-0.5457655191421509,0.1338128298521042,-0.4244115650653839
X,0.0,0.0,0.0,0.3048577904701233,-0.29560184478759766,0.043562620878219604,0.5838668346405029,-0.5572053790092468,0.0553993321955204,0.8113772869110107,-0.716493546962738,0.04251923784613609,0.9705260396003723,-0.7944853901863098,0.03648074343800545,0.6683688759803772,-0.7788113951683044,0.1122819036245346,1.029647946357727,-0.8000152707099915,0.08050835132598877,1.073289155960083,-0.6970933079719543,0.05035047605633736,1.063230037689209,-0.6608547568321228,0.03818411007523537,0.6322242021560669,-0.7711431980133057,0.0750376284122467,1.0261499881744385,-0.7705342769622803,0.054969221353530884,1.0250778198242188,-0.6610984206199646,0.034421682357788086,0.9916076064109802,-0.6183444261550903,0.025456637144088745,0.6014761328697205,-0.7226316332817078,0.03153154253959656,0.9698628783226013,-0.7227205634117126,0.025567958131432533,0.9505954384803772,-0.619131326675415,0.03523886948823929,0.8925870656967163,-0.563991904258728,0.04622059315443039,0.5693679451942444,-0.6511970162391663,-0.011262036859989166,0.8365761637687683,-0.6858934760093689,0.008891883306205273,0.8755711317062378,-0.6119771599769592,0.041610654443502426,0.8707635402679443,-0.5503934025764465,0.07002218067646027,0.0,0.0,0.0,0.0,0.0,0.0,0.0,0.0,0.0,0.0,0.0,0.0,0.0,0.0,0.0,0.0,0.0,0.0,0.0,0.0,0.0,0.0,0.0,0.0,0.0,0.0,0.0,0.0,0.0,0.0,0.0,0.0,0.0,0.0,0.0,0.0,0.0,0.0,0.0,0.0,0.0,0.0,0.0,0.0,0.0,0.0,0.0,0.0,0.0,0.0,0.0,0.0,0.0,0.0,0.0,0.0,0.0,0.0,0.0,0.0,0.0,0.0,0.0
X,0.0,0.0,0.0,0.28159546852111816,-0.3294534683227539,-0.011313690803945065,0.7254847288131714,-0.39095640182495117,-0.1135595366358757,1.0742448568344116,-0.16153696179389954,-0.22764135897159576,1.2697101831436157,0.14861436188220978,-0.3388686180114746,0.7719765901565552,-0.7835840582847595,-0.2556360065937042,1.1983562707901,-1.0856502056121826,-0.42052993178367615,1.4528716802597046,-1.316595196723938,-0.5110750794410706,1.642441987991333,-1.5555894374847412,-0.5701965093612671,0.7501328587532043,-0.5555797219276428,-0.35865285992622375,1.309114933013916,-0.3876141607761383,-0.539207398891449,1.221491813659668,-0.18557946383953094,-0.5466800332069397,1.0438045263290405,-0.1425950825214386,-0.5186910033226013,0.6806454062461853,-0.21976827085018158,-0.4503121078014374,1.1732527017593384,0.07553637772798538,-0.5806003212928772,1.0445599555969238,0.1762545257806778,-0.47868427634239197,0.8799936175346375,0.12593115866184235,-0.3844654858112335,0.6021776795387268,0.1535462737083435,-0.5443334579467773,1.0220659971237183,0.3370015323162079,-0.5590280890464783,0.9041409492492676,0.382495641708374,-0.4198061227798462,0.7533575296401978,0.3343895673751831,-0.3183855414390564,0.0,0.0,0.0,-0.34815821051597595,-0.32451194524765015,0.05099491775035858,-0.7811741232872009,-0.46873241662979126,0.02913391962647438,-1.070966124534607,-0.4074268341064453,-0.00953078642487526,-1.2512247562408447,-0.3789573013782501,-0.06044183298945427,-0.9033478498458862,-0.6655483841896057,-0.09213424474000931,-1.2119572162628174,-0.8515546917915344,-0.23534931242465973,-1.3803077936172485,-0.8966654539108276,-0.3112460672855377,-1.4435940980911255,-0.9431849122047424,-0.34572717547416687,-0.8650002479553223,-0.4688098728656769,-0.1788627952337265,-1.2849678993225098,-0.06722596287727356,-0.32037827372550964,-1.1853196620941162,0.06621013581752777,-0.3248580992221832,-1.030539870262146,0.017660945653915405,-0.30361565947532654,-0.7617842555046082,-0.17854847013950348,-0.26190805435180664,-1.1018383502960205,0.2844003140926361,-0.3915984630584717,-0.9705577492713928,0.3233320415019989,-0.33093154430389404,-0.8464179039001465,0.19748139381408691,-0.2648826539516449,-0.6376296281814575,0.12340518087148666,-0.3361095190048218,-0.8762868642807007,0.5107545852661133,-0.43485748767852783,-0.7529299259185791,0.5193549394607544,-0.38249823451042175,-0.6413419842720032,0.3904993534088135,-0.3192206025123596
X,0.0,0.0,0.0,0.2979072034358978,-0.24542053043842316,0.050147175788879395,0.6274041533470154,-0.39838773012161255,0.0029543843120336533,0.9032377004623413,-0.3494986593723297,-0.07644014805555344,1.0925612449645996,-0.2751372158527374,-0.14965121448040009,0.6883645057678223,-0.8581737279891968,-0.03705732524394989,1.0111098289489746,-1.0614582300186157,-0.13664482533931732,1.2231674194335938,-1.1003775596618652,-0.20115840435028076,1.3700021505355835,-1.1111314296722412,-0.2407427728176117,0.6599940061569214,-0.7393029928207397,-0.1335628181695938,1.071235179901123,-0.4304424226284027,-0.25391533970832825,1.00765860080719,-0.25538507103919983,-0.2739676535129547,0.8978806138038635,-0.23552092909812927,-0.2683040201663971,0.6222337484359741,-0.5153411626815796,-0.22675959765911102,0.9503770470619202,-0.14371654391288757,-0.3040326237678528,0.8457720875740051,-0.05416521802544594,-0.2561980187892914,0.7479389905929565,-0.10086379200220108,-0.21347551047801971,0.5896766185760498,-0.2500990629196167,-0.322001188993454,0.8304262161254883,0.0446951799094677,-0.3201252222061157,0.726472020149231,0.09107541292905807,-0.24771417677402496,0.6256136894226074,0.029479559510946274,-0.19274131953716278,0.0,0.0,0.0,-0.363666832447052,-0.025478297844529152,-0.012895808555185795,-0.6318060755729675,-0.17362268269062042,-0.07016795128583908,-0.7770880460739136,-0.2884211540222168,-0.14178213477134705,-0.8649952411651611,-0.38338249921798706,-0.22383682429790497,-0.6302627921104431,-0.8388580083847046,-0.11154840886592865,-0.8205994963645935,-1.1231216192245483,-0.2502301037311554,-0.9795071482658386,-1.3455723524093628,-0.3439081907272339,-1.0884835720062256,-1.5372673273086548,-0.4028097987174988,-0.47091683745384216,-0.8637794256210327,-0.1792270541191101,-0.7776976823806763,-0.633182942867279,-0.33606278896331787,-0.7647492289543152,-0.36180710792541504,-0.3747532069683075,-0.6878212094306946,-0.22450993955135345,-0.3735334873199463,-0.3054083585739136,-0.7540266513824463,-0.24788647890090942,-0.5640051364898682,-0.4127110242843628,-0.3985477089881897,-0.5064557194709778,-0.2228817343711853,-0.35568562150001526,-0.42177146673202515,-0.19059723615646362,-0.287659615278244,-0.1562194675207138,-0.5764119029045105,-0.31581273674964905,-0.388661652803421,-0.32846617698669434,-0.4179803729057312,-0.3543424904346466,-0.1946389526128769,-0.36842480301856995,-0.28726324439048767,-0.20107103884220123,-0.3017703592777252
X,0.0,0.0,0.0,0.3911523222923279,-0.09370170533657074,0.0037348130717873573,0.5952784419059753,-0.23110081255435944,-0.09558816999197006,0.7549115419387817,-0.29565390944480896,-0.2277216613292694,0.8653513789176941,-0.36950451135635376,-0.34844788908958435,0.599801778793335,-0.8364680409431458,-0.13916850090026855,0.8082172870635986,-1.1547138690948486,-0.2825186848640442,0.9307950139045715,-1.394797682762146,-0.3690049350261688,1.009670376777649,-1.5910325050354004,-0.4274578094482422,0.4571695029735565,-0.8589999079704285,-0.2304673194885254,0.7614228129386902,-0.552036702632904,-0.407064288854599,0.6999912261962891,-0.30650901794433594,-0.425613135099411,0.6270037293434143,-0.2133176326751709,-0.4148193299770355,0.33764180541038513,-0.7551046013832092,-0.32253265380859375,0.6622133851051331,-0.3432771861553192,-0.4739869236946106,0.5945957899093628,-0.15439346432685852,-0.41022762656211853,0.5001341104507446,-0.09482710808515549,-0.3420049250125885,0.25055596232414246,-0.5706806778907776,-0.4218166172504425,0.5362942218780518,-0.24081747233867645,-0.5066185593605042,0.5833123326301575,-0.05071129649877548,-0.455400675535202,0.5900275111198425,0.05559466779232025,-0.3982107639312744,0.0,0.0,0.0,0.0,0.0,0.0,0.0,0.0,0.0,0.0,0.0,0.0,0.0,0.0,0.0,0.0,0.0,0.0,0.0,0.0,0.0,0.0,0.0,0.0,0.0,0.0,0.0,0.0,0.0,0.0,0.0,0.0,0.0,0.0,0.0,0.0,0.0,0.0,0.0,0.0,0.0,0.0,0.0,0.0,0.0,0.0,0.0,0.0,0.0,0.0,0.0,0.0,0.0,0.0,0.0,0.0,0.0,0.0,0.0,0.0,0.0,0.0,0.0
X,0.0,0.0,0.0,0.3757738471031189,-0.06165019050240517,-0.030236706137657166,0.61817467212677,-0.22213773429393768,-0.10364138334989548,0.7409051656723022,-0.3449717164039612,-0.19569902122020721,0.8184215426445007,-0.44677507877349854,-0.2851821184158325,0.6403263807296753,-0.8374664187431335,-0.1266467124223709,0.8704185485839844,-1.1095600128173828,-0.2476162165403366,1.0118030309677124,-1.2988808155059814,-0.3348242938518524,1.1184004545211792,-1.4699149131774902,-0.40181440114974976,0.4712202250957489,-0.8595982789993286,-0.19759121537208557,0.7594010233879089,-0.6521525382995605,-0.34890732169151306,0.7149938344955444,-0.44602352380752563,-0.39370593428611755,0.617891252040863,-0.38596755266189575,-0.41361501812934875,0.30460694432258606,-0.7561872005462646,-0.27018237113952637,0.5758200883865356,-0.4903542697429657,-0.3927096426486969,0.5058982968330383,-0.3266567587852478,-0.35785040259361267,0.40850138664245605,-0.31593433022499084,-0.32527968287467957,0.16441282629966736,-0.5869956016540527,-0.3515061140060425,0.3793514370918274,-0.37021276354789734,-0.4184183180332184,0.34516391158103943,-0.24563327431678772,-0.3767332434654236,0.2654060423374176,-0.2419595867395401,-0.3382534384727478,0.0,0.0,0.0,-0.24229080975055695,-0.32908007502555847,0.0031147946137934923,-0.6466655135154724,-0.5952714681625366,-0.031976524740457535,-0.9628987908363342,-0.6389460563659668,-0.08094611763954163,-1.179649829864502,-0.6384660005569458,-0.14031590521335602,-0.7540032267570496,-0.9014655947685242,-0.08452274650335312,-1.0354121923446655,-1.1223541498184204,-0.2555886507034302,-1.176578164100647,-1.321901559829712,-0.3579994738101959,-1.2454493045806885,-1.5060228109359741,-0.4176114499568939,-0.6883443593978882,-0.7067901492118835,-0.1631864607334137,-1.2051904201507568,-0.2808612585067749,-0.33591896295547485,-1.0696386098861694,-0.12048625946044922,-0.35023340582847595,-0.8749316334724426,-0.1974741667509079,-0.33853891491889954,-0.6080269813537598,-0.3723282217979431,-0.24990318715572357,-1.0855027437210083,0.056526508182287216,-0.4215795397758484,-0.9260131120681763,0.13419115543365479,-0.35118529200553894,-0.7594794034957886,-0.01426576916128397,-0.27502256631851196,-0.5116552710533142,-0.015944883227348328,-0.33460620045661926,-0.8767211437225342,0.34744322299957275,-0.4783146381378174,-0.7244378328323364,0.37997180223464966,-0.4304228723049164,-0.5581448078155518,0.24206355214118958,-0.36267295479774475
X,0.0,0.0,0.0,-0.2695523202419281,-0.2380274534225464,-0.13963709771633148,-0.584808349609375,-0.5580348372459412,-0.13028831779956818,-0.8149232864379883,-0.78420090675354,-0.08895200490951538,-0.9108880162239075,-0.9394267201423645,-0.028149759396910667,-0.5306033492088318,-0.8917016386985779,-0.0011248878436163068,-0.8328664302825928,-1.2018073797225952,0.009381972253322601,-0.9015585780143738,-1.2845120429992676,0.010640524327754974,-0.954023003578186,-1.3634026050567627,0.013776125386357307,-0.5213866829872131,-0.8491082191467285,0.08468329161405563,-0.8331079483032227,-1.150620460510254,0.08667151629924774,-0.8639489412307739,-1.1692692041397095,0.059996142983436584,-0.8416363596916199,-1.178646206855774,0.04811437055468559,-0.5204683542251587,-0.7599751353263855,0.15381067991256714,-0.7896531224250793,-0.9585361480712891,0.1329622119665146,-0.7959204316139221,-0.8914926648139954,0.08142895251512527,-0.7630054950714111,-0.8477435111999512,0.0597502626478672,-0.533951997756958,-0.6678866744041443,0.21514061093330383,-0.7441093921661377,-0.7797939777374268,0.20604316890239716,-0.7402876615524292,-0.7298414707183838,0.18647190928459167,-0.6923409700393677,-0.6804047226905823,0.18005898594856262,0.0,0.0,0.0,0.0,0.0,0.0,0.0,0.0,0.0,0.0,0.0,0.0,0.0,0.0,0.0,0.0,0.0,0.0,0.0,0.0,0.0,0.0,0.0,0.0,0.0,0.0,0.0,0.0,0.0,0.0,0.0,0.0,0.0,0.0,0.0,0.0,0.0,0.0,0.0,0.0,0.0,0.0,0.0,0.0,0.0,0.0,0.0,0.0,0.0,0.0,0.0,0.0,0.0,0.0,0.0,0.0,0.0,0.0,0.0,0.0,0.0,0.0,0.0
X,0.0,0.0,0.0,-0.3150418698787689,0.07040495425462723,0.02302476577460766,-0.554774820804596,-0.14131544530391693,0.008414420299232006,-0.6930791735649109,-0.3503402769565582,-0.04058451950550079,-0.790016233921051,-0.5135385990142822,-0.09286686778068542,-0.5703766942024231,-0.7771292924880981,0.05683249980211258,-0.798911988735199,-0.9837071299552917,-0.02725948765873909,-0.9456180334091187,-1.137829065322876,-0.07743923366069794,-1.0563629865646362,-1.2968112230300903,-0.12001391500234604,-0.46953335404396057,-0.8821502923965454,-0.036732640117406845,-0.8024715781211853,-0.7213601469993591,-0.1933918446302414,-0.7430435419082642,-0.36404886841773987,-0.2045663446187973,-0.6192203760147095,-0.24628600478172302,-0.17073267698287964,-0.3688507676124573,-0.8567831516265869,-0.14320750534534454,-0.6642407178878784,-0.5700068473815918,-0.2828960418701172,-0.5732700824737549,-0.28404009342193604,-0.2132476568222046,-0.4540335237979889,-0.27669382095336914,-0.13538965582847595,-0.27478206157684326,-0.7344741225242615,-0.2552807331085205,-0.49125349521636963,-0.4313288629055023,-0.3464374840259552,-0.4328395128250122,-0.23235513269901276,-0.3024847209453583,-0.33617275953292847,-0.2664194405078888,-0.2508668601512909,0.0,0.0,0.0,-0.2627863585948944,-0.17991650104522705,0.07531271874904633,-0.4716150462627411,-0.4063558876514435,0.03723800554871559,-0.6158572435379028,-0.6060226559638977,-0.0037875014822930098,-0.7634188532829285,-0.7055045962333679,-0.05521277338266373,-0.5591015219688416,-0.7916991114616394,-0.28160616755485535,-0.8443415760993958,-1.0751159191131592,-0.500440776348114,-1.0201339721679688,-1.2305110692977905,-0.6465253233909607,-1.1561199426651,-1.4221867322921753,-0.7410150170326233,-0.3673894703388214,-0.845183789730072,-0.38818714022636414,-0.763321042060852,-0.7202436923980713,-0.5518027544021606,-0.6565878391265869,-0.357880562543869,-0.49192655086517334,-0.5236888527870178,-0.2576170861721039,-0.43527716398239136,-0.1854720115661621,-0.7209757566452026,-0.4877934455871582,-0.5470088720321655,-0.47122347354888916,-0.6333790421485901,-0.4458857774734497,-0.16856910288333893,-0.4845598638057709,-0.2925257980823517,-0.1624469757080078,-0.36391380429267883,-0.01383277028799057,-0.5606576800346375,-0.5782450437545776,-0.25838953256607056,-0.23863594233989716,-0.6682332158088684,-0.22709354758262634,-0.038944922387599945,-0.5648140907287598,-0.1372314989566803,-0.09676807373762131,-0.4768405854701996
Y,0.0,0.0,0.0,0.0,0.0,0.0,0.0,0.0,0.0,0.0,0.0,0.0,0.0,0.0,0.0,0.0,0.0,0.0,0.0,0.0,0.0,0.0,0.0,0.0,0.0,0.0,0.0,0.0,0.0,0.0,0.0,0.0,0.0,0.0,0.0,0.0,0.0,0.0,0.0,0.0,0.0,0.0,0.0,0.0,0.0,0.0,0.0,0.0,0.0,0.0,0.0,0.0,0.0,0.0,0.0,0.0,0.0,0.0,0.0,0.0,0.0,0.0,0.0,0.0,0.0,0.0,-0.13045911490917206,0.10486756265163422,-0.24215199053287506,-0.2150985151529312,0.07469017058610916,-0.41074755787849426,-0.2049235850572586,-0.03440473601222038,-0.5690732598304749,-0.18368412554264069,-0.22480259835720062,-0.7294791340827942,-0.5435470938682556,-0.710720956325531,-0.28278210759162903,-0.5822848081588745,-1.3145568370819092,-0.47632092237472534,-0.6043664216995239,-1.7614167928695679,-0.6314632892608643,-0.6176137328147888,-2.147906541824341,-0.7283112406730652,-0.5131049752235413,-0.8196647763252258,-0.25470170378685,-0.6563872694969177,-1.2266640663146973,-0.42321231961250305,-0.783256471157074,-1.5311075448989868,-0.5411287546157837,-0.8678329586982727,-1.8055442571640015,-0.6175787448883057,-0.46048983931541443,-0.839576244354248,-0.24910566210746765,-0.6206750869750977,-0.9959248304367065,-0.38143712282180786,-0.718536376953125,-1.1594868898391724,-0.43160369992256165,-0.7762338519096375,-1.3348984718322754,-0.4457515478134155,-0.4058336317539215,-0.7544844746589661,-0.2714419960975647,-0.5695558190345764,-0.8245274424552917,-0.3471776843070984,-0.6981152892112732,-0.8764567375183105,-0.35238224267959595,-0.8061845302581787,-0.9790347218513489,-0.3404555916786194
Y,0.0,0.0,0.0,-0.3722444474697113,-0.2944110035896301,-0.005352892447263002,-0.5074352025985718,-0.5664408206939697,-0.002845883835107088,-0.5891624093055725,-0.8049498796463013,-0.035061683505773544,-0.7039650082588196,-0.9367750287055969,-0.08217671513557434,-0.22956186532974243,-0.9942333102226257,0.14591293036937714,-0.18779774010181427,-1.2961540222167969,0.10019434988498688,-0.18746230006217957,-1.5168259143829346,0.027700284495949745,-0.17979392409324646,-1.6950987577438354,-0.028432097285985947,-0.07767833769321442,-0.9931891560554504,0.08684124052524567,-0.010289215482771397,-1.3364115953445435,0.05318477749824524,0.014475190080702305,-1.5634092092514038,-0.029011867940425873,0.05564281344413757,-1.7396496534347534,-0.0922151505947113,0.05187975615262985,-0.9362144470214844,0.00828539952635765,0.1835259348154068,-1.23843252658844,-0.06681511551141739,0.24288682639598846,-1.4274773597717285,-0.15448063611984253,0.30311039090156555,-1.5774272680282593,-0.21254020929336548,0.1805303394794464,-0.8035891056060791,-0.07437199354171753,0.3750918507575989,-1.001667857170105,-0.17531782388687134,0.5005683898925781,-1.1237525939941406,-0.2337293177843094,0.6222426295280457,-1.2239086627960205,-0.26401397585868835,0.0,0.0,0.0,-0.16554762423038483,-0.18884843587875366,-0.15137453377246857,-0.2474321871995926,-0.42510533332824707,-0.2732505202293396,-0.3145551383495331,-0.579224169254303,-0.38591787219047546,-0.4626100957393646,-0.6333971619606018,-0.505708634853363,0.09209237992763519,-0.9957911968231201,-0.20423708856105804,0.271535724401474,-1.358349323272705,-0.3332083821296692,0.4077329635620117,-1.595059871673584,-0.4476977288722992,0.5246588587760925,-1.7833694219589233,-0.5302715301513672,0.3160317838191986,-0.9201024174690247,-0.23137740790843964,0.5460603833198547,-1.3127148151397705,-0.3332810401916504,0.7023085951805115,-1.5747085809707642,-0.433075875043869,0.8203240036964417,-1.7896764278411865,-0.5074541568756104,0.5042368769645691,-0.7645629644393921,-0.27331843972206116,0.7545172572135925,-1.1319870948791504,-0.3820706307888031,0.8948720097541809,-1.3701626062393188,-0.476159006357193,0.9999226331710815,-1.5676597356796265,-0.5419377088546753,0.651151180267334,-0.5412548780441284,-0.32727688550949097,0.9381217360496521,-0.7504444718360901,-0.42954033613204956,1.1218186616897583,-0.8897488713264465,-0.4812460243701935,1.274509310722351,-1.0171387195587158,-0.5136483311653137
Y,0.0,0.0,0.0,0.0,0.0,0.0,0.0,0.0,0.0,0.0,0.0,0.0,0.0,0.0,0.0,0.0,0.0,0.0,0.0,0.0,0.0,0.0,0.0,0.0,0.0,0.0,0.0,0.0,0.0,0.0,0.0,0.0,0.0,0.0,0.0,0.0,0.0,0.0,0.0,0.0,0.0,0.0,0.0,0.0,0.0,0.0,0.0,0.0,0.0,0.0,0.0,0.0,0.0,0.0,0.0,0.0,0.0,0.0,0.0,0.0,0.0,0.0,0.0,0.0,0.0,0.0,-0.3045312166213989,-0.3779417872428894,-0.024487871676683426,-0.46570059657096863,-0.7251339554786682,0.013373683206737041,-0.5341891646385193,-0.9956530928611755,0.028450168669223785,-0.6411763429641724,-1.1719071865081787,0.0435267873108387,-0.005547264590859413,-0.9914407134056091,0.25629478693008423,0.09329783916473389,-1.2533413171768188,0.2547699213027954,0.17344419658184052,-1.4127646684646606,0.19014889001846313,0.2637194097042084,-1.5592011213302612,0.13679726421833038,0.17206811904907227,-0.9580955505371094,0.229009747505188,0.28287094831466675,-1.2604608535766602,0.2615792751312256,0.36069637537002563,-1.4408249855041504,0.20737066864967346,0.4396609961986542,-1.5952343940734863,0.1564779430627823,0.31175312399864197,-0.8749731779098511,0.17095527052879333,0.43377918004989624,-1.150700569152832,0.1896728277206421,0.49994274973869324,-1.313092827796936,0.16977691650390625,0.5461156964302063,-1.4573580026626587,0.14579017460346222,0.44485315680503845,-0.7360618114471436,0.09875369071960449,0.553852915763855,-0.9535660743713379,0.1268656998872757,0.6018792390823364,-1.085024356842041,0.15344877541065216,0.6324546337127686,-1.2028523683547974,0.16558854281902313
Y,0.0,0.0,0.0,0.21075966954231262,-0.28585687279701233,-0.1290281116962433,0.3108908236026764,-0.5642729997634888,-0.20486320555210114,0.3619058132171631,-0.7319872379302979,-0.28262031078338623,0.4464026689529419,-0.7633447647094727,-0.3693470358848572,-0.032765548676252365,-1.0288485288619995,-0.10587772727012634,-0.1851259022951126,-1.3776768445968628,-0.19508002698421478,-0.2774660885334015,-1.5664174556732178,-0.2931991219520569,-0.3712277412414551,-1.737864375114441,-0.3758716881275177,-0.23315055668354034,-0.9625486135482788,-0.13835090398788452,-0.42107081413269043,-1.340025544166565,-0.21393635869026184,-0.5293093919754028,-1.550889492034912,-0.3116222023963928,-0.6397275328636169,-1.7204543352127075,-0.397470623254776,-0.38400405645370483,-0.8256592750549316,-0.18749356269836426,-0.5835406184196472,-1.1550825834274292,-0.2669479250907898,-0.6899061799049377,-1.361172080039978,-0.3554511070251465,-0.7871834635734558,-1.5329455137252808,-0.42957013845443726,-0.49930906295776367,-0.6263626217842102,-0.2528133988380432,-0.7507887482643127,-0.8120318055152893,-0.3379404842853546,-0.9029587507247925,-0.9233055114746094,-0.3882025480270386,-1.0338064432144165,-1.0275019407272339,-0.429492712020874,0.0,0.0,0.0,0.0,0.0,0.0,0.0,0.0,0.0,0.0,0.0,0.0,0.0,0.0,0.0,0.0,0.0,0.0,0.0,0.0,0.0,0.0,0.0,0.0,0.0,0.0,0.0,0.0,0.0,0.0,0.0,0.0,0.0,0.0,0.0,0.0,0.0,0.0,0.0,0.0,0.0,0.0,0.0,0.0,0.0,0.0,0.0,0.0,0.0,0.0,0.0,0.0,0.0,0.0,0.0,0.0,0.0,0.0,0.0,0.0,0.0,0.0,0.0
Y,0.0,0.0,0.0,-0.07035171985626221,-0.5745856761932373,0.048366203904151917,-0.13292385637760162,-1.0278406143188477,0.0849611759185791,-0.1554175168275833,-1.323504090309143,0.10384469479322433,-0.16468080878257751,-1.5272290706634521,0.125463604927063,-0.19617290794849396,-1.0796880722045898,0.10255101323127747,-0.31127890944480896,-1.4173202514648438,0.09538191556930542,-0.3672572076320648,-1.5949687957763672,0.07681123167276382,-0.4039074182510376,-1.7455397844314575,0.061671823263168335,-0.17998528480529785,-0.9821584820747375,0.05449732393026352,-0.29023247957229614,-1.3627177476882935,0.04786054044961929,-0.35524481534957886,-1.6003799438476562,0.00648033432662487,-0.39922553300857544,-1.8001823425292969,-0.03086787834763527,-0.13811607658863068,-0.8310084939002991,0.002685145242139697,-0.19069842994213104,-1.1295963525772095,-0.012938983738422394,-0.23613043129444122,-1.378194808959961,-0.07017043232917786,-0.26252901554107666,-1.5896553993225098,-0.12291565537452698,-0.068055160343647,-0.6468462944030762,-0.046621400862932205,-0.025109758600592613,-0.8189395070075989,-0.069513238966465,0.04272368922829628,-0.9787627458572388,-0.10210855305194855,0.12264533340930939,-1.097575306892395,-0.13312409818172455,0.0,0.0,0.0,0.2718144953250885,-0.10071197897195816,-0.2547145187854767,0.4826417863368988,-0.3660169839859009,-0.4015358090400696,0.6736300587654114,-0.6541498303413391,-0.5057298541069031,0.8520320057868958,-0.8502812385559082,-0.6074385643005371,0.14743255078792572,-0.8842028379440308,-0.36962372064590454,0.10736621916294098,-1.3504960536956787,-0.5136978030204773,0.07509282976388931,-1.6685267686843872,-0.606731116771698,0.04806840419769287,-1.9366906881332397,-0.6704522967338562,-0.01949506253004074,-0.9520000219345093,-0.3054765462875366,-0.10123508423566818,-1.5041100978851318,-0.44720548391342163,-0.15133845806121826,-1.8881306648254395,-0.5376992225646973,-0.19509665668010712,-2.2015013694763184,-0.5984567999839783,-0.1362294703722,-0.9357802867889404,-0.2513762414455414,-0.23825424909591675,-1.425775408744812,-0.3745553195476532,-0.3056611120700836,-1.7673659324645996,-0.4605323374271393,-0.35746344923973083,-2.047262668609619,-0.5128698945045471,-0.2038448303937912,-0.8574563264846802,-0.21437668800354004,-0.3185240924358368,-1.2059108018875122,-0.3192041516304016,-0.3927631080150604,-1.4549181461334229,-0.385588675737381,-0.45006752014160156,-1.6679729223251343,-0.4264981150627136
Y,0.0,0.0,0.0,0.0,0.0,0.0,0.0,0.0,0.0,0.0,0.0,0.0,0.0,0.0,0.0,0.0,0.0,0.0,0.0,0.0,0.0,0.0,0.0,0.0,0.0,0.0,0.0,0.0,0.0,0.0,0.0,0.0,0.0,0.0,0.0,0.0,0.0,0.0,0.0,0.0,0.0,0.0,0.0,0.0,0.0,0.0,0.0,0.0,0.0,0.0,0.0,0.0,0.0,0.0,0.0,0.0,0.0,0.0,0.0,0.0,0.0,0.0,0.0,0.0,0.0,0.0,-0.20169693231582642,-0.24640856683254242,-0.05288625508546829,-0.30692338943481445,-0.46370774507522583,-0.10428524762392044,-0.3658004403114319,-0.576885461807251,-0.16956989467144012,-0.44146135449409485,-0.6164590716362,-0.24078437685966492,-0.011879065074026585,-1.0419394969940186,-0.013026912696659565,0.06572455912828445,-1.3981002569198608,-0.08332939445972443,0.11138318479061127,-1.5897274017333984,-0.15422876179218292,0.15681925415992737,-1.768763780593872,-0.21356774866580963,0.14079725742340088,-0.9875635504722595,-0.06995993852615356,0.28546208143234253,-1.3556523323059082,-0.11252511292695999,0.35291942954063416,-1.539754867553711,-0.17032086849212646,0.4145858883857727,-1.7176958322525024,-0.22712205350399017,0.24669617414474487,-0.8511242866516113,-0.14411644637584686,0.40680789947509766,-1.1537795066833496,-0.20141294598579407,0.48330381512641907,-1.3427802324295044,-0.2503361403942108,0.5461828112602234,-1.5223703384399414,-0.29725518822669983,0.31986531615257263,-0.6484516263008118,-0.2275623232126236,0.47898221015930176,-0.8065992593765259,-0.28021928668022156,0.5626401305198669,-0.9218442440032959,-0.2943432927131653,0.6276634335517883,-1.0461491346359253,-0.313384085893631
Y,0.0,0.0,0.0,-0.2699897587299347,-0.11092552542686462,-0.2569589614868164,-0.4851354956626892,-0.41748273372650146,-0.41100427508354187,-0.6961736083030701,-0.7140730619430542,-0.5157458186149597,-0.9016881585121155,-0.8934316039085388,-0.6232290863990784,-0.14189565181732178,-0.8709151744842529,-0.4075206518173218,-0.10159330815076828,-1.3507378101348877,-0.5393685698509216,-0.07325240224599838,-1.6906763315200806,-0.6274608373641968,-0.03604540601372719,-1.9718642234802246,-0.6869200468063354,0.033376678824424744,-0.94151771068573,-0.3353063464164734,0.12852558493614197,-1.5255117416381836,-0.4553096890449524,0.17735333740711212,-1.9273868799209595,-0.5317258238792419,0.23196876049041748,-2.2485594749450684,-0.5912302136421204,0.14972944557666779,-0.9401707649230957,-0.27049776911735535,0.2646009922027588,-1.4617125988006592,-0.3731634020805359,0.3283459544181824,-1.8304510116577148,-0.45244264602661133,0.3861354887485504,-2.121638774871826,-0.5105789303779602,0.21289695799350739,-0.8889405727386475,-0.22132214903831482,0.336548388004303,-1.2555460929870605,-0.30988508462905884,0.4180327355861664,-1.5171211957931519,-0.36927497386932373,0.488616406917572,-1.7417680025100708,-0.4146384596824646,0.0,0.0,0.0,-0.04339899867773056,-0.4584517478942871,0.10768597573041916,-0.05497537925839424,-0.7868654131889343,0.16685770452022552,-0.06567847728729248,-1.001261591911316,0.1939244121313095,-0.08754928410053253,-1.1940882205963135,0.21998928487300873,0.1502922624349594,-1.0506771802902222,0.20389962196350098,0.22532303631305695,-1.3639262914657593,0.23325879871845245,0.26003560423851013,-1.5619289875030518,0.24624216556549072,0.2896890342235565,-1.7074121236801147,0.25413772463798523,0.13388657569885254,-0.9812175035476685,0.13887609541416168,0.20579002797603607,-1.3245694637298584,0.1664559245109558,0.26112550497055054,-1.5595930814743042,0.17076188325881958,0.32476046681404114,-1.757664680480957,0.17286910116672516,0.09090230613946915,-0.8624305725097656,0.06617344915866852,0.12521454691886902,-1.1596132516860962,0.08166684210300446,0.17466019093990326,-1.4162031412124634,0.05420231446623802,0.21563389897346497,-1.6522046327590942,0.028099391609430313,-0.004966905806213617,-0.7225363254547119,-0.0005795431206934154,-0.08689965307712555,-0.8996545076370239,-0.01743401773273945,-0.17194262146949768,-1.0545693635940552,-0.04743286967277527,-0.24595274031162262,-1.196738600730896,-0.06839865446090698
Y,0.0,0.0,0.0,0.21957182884216309,-0.10141374170780182,-0.2881462574005127,0.3567943274974823,-0.2870770990848541,-0.45409032702445984,0.4707240164279938,-0.3862825334072113,-0.5881217122077942,0.5630775690078735,-0.47257739305496216,-0.7353167533874512,-0.025446295738220215,-1.0061105489730835,-0.34727856516838074,-0.11692508310079575,-1.4702844619750977,-0.5072007775306702,-0.2092558741569519,-1.7838796377182007,-0.6442025899887085,-0.3011702299118042,-2.0515663623809814,-0.7443613409996033,-0.23541615903377533,-0.9195761680603027,-0.31457749009132385,-0.3873448073863983,-1.3797420263290405,-0.455782413482666,-0.5260781645774841,-1.6984959840774536,-0.5943772792816162,-0.6489700078964233,-1.9562764167785645,-0.6990103125572205,-0.3782561123371124,-0.7392784953117371,-0.2975194752216339,-0.5180702805519104,-1.1070985794067383,-0.4254169762134552,-0.6116700172424316,-1.312280535697937,-0.5068197250366211,-0.6650677919387817,-1.49844229221344,-0.5654027462005615,-0.48079124093055725,-0.4853123724460602,-0.3063378930091858,-0.590861439704895,-0.6785135269165039,-0.4073721766471863,-0.6134214401245117,-0.7106543779373169,-0.42129698395729065,-0.6100366711616516,-0.7295893430709839,-0.4277476966381073,0.0,0.0,0.0,0.19146670401096344,-0.24527090787887573,-0.1024889200925827,0.2955811619758606,-0.45872896909713745,-0.1769537329673767,0.33482247591018677,-0.5952526926994324,-0.25630491971969604,0.3789321780204773,-0.6391004920005798,-0.34163549542427063,-0.006371862720698118,-1.0527622699737549,-0.08370162546634674,-0.09519241005182266,-1.406162977218628,-0.16889934241771698,-0.14916923642158508,-1.5939561128616333,-0.2597507834434509,-0.19914232194423676,-1.7712956666946411,-0.33288994431495667,-0.16193540394306183,-0.9802609086036682,-0.1134258434176445,-0.2966179847717285,-1.3390082120895386,-0.17959275841712952,-0.36560338735580444,-1.5256997346878052,-0.2614426910877228,-0.4289734661579132,-1.6758943796157837,-0.33413729071617126,-0.2700963616371155,-0.8273864984512329,-0.15749794244766235,-0.43288588523864746,-1.1272894144058228,-0.21876634657382965,-0.5063377618789673,-1.302537441253662,-0.2802315354347229,-0.5721861720085144,-1.4587585926055908,-0.3365137577056885,-0.3387429416179657,-0.6114626526832581,-0.21595105528831482,-0.49872440099716187,-0.7844638228416443,-0.28032970428466797,-0.5892282724380493,-0.9153833389282227,-0.3162177503108978,-0.6709262132644653,-1.039011836051941,-0.3468848168849945
Y,0.0,0.0,0.0,0.37148019671440125,-0.3704068958759308,-0.09522459656000137,0.5636882185935974,-0.7563187479972839,-0.10563071817159653,0.6810641288757324,-1.0784518718719482,-0.12133575975894928,0.8035601377487183,-1.3103193044662476,-0.12889033555984497,0.049162860959768295,-1.033902645111084,0.14252321422100067,-0.07832358777523041,-1.3342889547348022,0.13180573284626007,-0.17943477630615234,-1.5204746723175049,0.0749591663479805,-0.26915794610977173,-1.6821236610412598,0.02938150055706501,-0.16990813612937927,-0.975071132183075,0.14271493256092072,-0.29703763127326965,-1.3083558082580566,0.15450716018676758,-0.37352555990219116,-1.520574688911438,0.09224149584770203,-0.43383657932281494,-1.7038929462432861,0.04506313055753708,-0.3686666488647461,-0.8669794201850891,0.11690115928649902,-0.4710158705711365,-1.171584129333496,0.10895942151546478,-0.5330288410186768,-1.3720451593399048,0.06458229571580887,-0.5833744406700134,-1.5396515130996704,0.03501145541667938,-0.5475746393203735,-0.7046629190444946,0.07488908618688583,-0.6365509629249573,-0.94907546043396,0.07246696949005127,-0.6780592203140259,-1.1026651859283447,0.08447365462779999,-0.7004053592681885,-1.2443666458129883,0.09935184568166733,0.0,0.0,0.0,0.25006338953971863,-0.38691195845603943,-0.025509320199489594,0.3847452700138092,-0.7547941207885742,-0.023896532133221626,0.4918697476387024,-1.0459285974502563,-0.04954005777835846,0.591585099697113,-1.2501190900802612,-0.07187370955944061,-0.027432823553681374,-1.0153707265853882,0.19125624001026154,-0.1518581062555313,-1.2890859842300415,0.16991782188415527,-0.24957413971424103,-1.4260821342468262,0.10192633420228958,-0.3522477447986603,-1.554308295249939,0.04863222315907478,-0.20386730134487152,-0.9664620757102966,0.15617036819458008,-0.33081430196762085,-1.261110782623291,0.16147375106811523,-0.4039105176925659,-1.4188423156738281,0.1072000041604042,-0.4746176600456238,-1.557845115661621,0.060724131762981415,-0.3493739068508148,-0.8775689005851746,0.09738336503505707,-0.47355735301971436,-1.1368615627288818,0.11328890174627304,-0.5319081544876099,-1.276132583618164,0.11192531138658524,-0.5808761119842529,-1.402559757232666,0.09897759556770325,-0.474344402551651,-0.7424201369285583,0.022266298532485962,-0.586349606513977,-0.9372791051864624,0.057348061352968216,-0.6304003596305847,-1.0536558628082275,0.1022479459643364,-0.656812846660614,-1.161344051361084,0.1287492960691452
Y,0.0,0.0,0.0,0.0,0.0,0.0,0.0,0.0,0.0,0.0,0.0,0.0,0.0,0.0,0.0,0.0,0.0,0.0,0.0,0.0,0.0,0.0,0.0,0.0,0.0,0.0,0.0,0.0,0.0,0.0,0.0,0.0,0.0,0.0,0.0,0.0,0.0,0.0,0.0,0.0,0.0,0.0,0.0,0.0,0.0,0.0,0.0,0.0,0.0,0.0,0.0,0.0,0.0,0.0,0.0,0.0,0.0,0.0,0.0,0.0,0.0,0.0,0.0,0.0,0.0,0.0,-0.31343522667884827,-0.17532892525196075,-0.1815192997455597,-0.5461789965629578,-0.48317137360572815,-0.26404306292533875,-0.7258970141410828,-0.7413423657417297,-0.3341890871524811,-0.9244163632392883,-0.8772679567337036,-0.4075826406478882,-0.22403842210769653,-0.9881253242492676,-0.16667908430099487,-0.2625673711299896,-1.3951847553253174,-0.2727554142475128,-0.2607414126396179,-1.6075527667999268,-0.35678860545158386,-0.24516986310482025,-1.812608003616333,-0.43036016821861267,0.006886989809572697,-0.9830145835876465,-0.18339848518371582,0.05492369830608368,-1.4250744581222534,-0.279283732175827,0.09588796645402908,-1.6781630516052246,-0.36860790848731995,0.14779385924339294,-1.9031118154525757,-0.44866445660591125,0.20047405362129211,-0.8782872557640076,-0.22512602806091309,0.33882179856300354,-1.246934413909912,-0.3664203882217407,0.4276953339576721,-1.4747556447982788,-0.46488475799560547,0.5091081857681274,-1.687855839729309,-0.5404305458068848,0.3694009482860565,-0.7006577253341675,-0.28270652890205383,0.5793747901916504,-0.889723002910614,-0.43679437041282654,0.7210816144943237,-1.0137885808944702,-0.5140693187713623,0.8460862040519714,-1.1515957117080688,-0.5709773302078247
Z,0.0,0.0,0.0,0.11886055022478104,-0.3862907588481903,0.04706941917538643,0.045776788145303726,-0.8281388878822327,0.028833521530032158,-0.035774458199739456,-1.1357905864715576,-0.010224519297480583,-0.10484980791807175,-1.3804750442504883,-0.06276265531778336,-0.008586518466472626,-1.0421552658081055,-0.12361094355583191,-0.017498428001999855,-1.5392924547195435,-0.27858108282089233,-0.022132201120257378,-1.8835389614105225,-0.37723952531814575,-0.02870223857462406,-2.166156530380249,-0.44757670164108276,-0.03807460516691208,-0.9690719842910767,-0.24382314085960388,-0.05940396711230278,-1.545525074005127,-0.4150815010070801,-0.06627260893583298,-1.9276930093765259,-0.5289708971977234,-0.07640426605939865,-2.2519314289093018,-0.6093693375587463,-0.07594194263219833,-0.8425928950309753,-0.35888928174972534,-0.09691908210515976,-1.396967887878418,-0.5143123269081116,-0.10375405848026276,-1.7558090686798096,-0.6142253279685974,-0.1176443099975586,-2.045712471008301,-0.6817601919174194,-0.10006793588399887,-0.6813765168190002,-0.4653395712375641,-0.11566545069217682,-1.0481911897659302,-0.6184530854225159,-0.13114868104457855,-1.3260823488235474,-0.7090438604354858,-0.16055695712566376,-1.5713225603103638,-0.7727051377296448,0.0,0.0,0.0,-0.20155657827854156,-0.32828089594841003,0.10236150771379471,-0.43984153866767883,-0.5828824043273926,0.10237554460763931,-0.6604712605476379,-0.7179329991340637,0.061085015535354614,-0.8534472584724426,-0.7711372971534729,-0.0014124310109764338,-0.42962202429771423,-0.9879149198532104,0.06924410909414291,-0.8808857798576355,-0.8874680995941162,-0.03475988656282425,-1.1360632181167603,-0.8244867920875549,-0.15292437374591827,-1.3251018524169922,-0.8075284361839294,-0.22654974460601807,-0.4311313331127167,-0.9015474915504456,-0.03657888248562813,-0.9172238707542419,-0.8296182751655579,-0.08655157685279846,-1.1647180318832397,-0.7837669849395752,-0.1571720838546753,-1.3602113723754883,-0.760932207107544,-0.21956698596477509,-0.444949746131897,-0.7670395374298096,-0.1395585983991623,-0.9124500155448914,-0.737458348274231,-0.18789221346378326,-1.1607264280319214,-0.7227134704589844,-0.22898468375205994,-1.3623268604278564,-0.725809633731842,-0.263497918844223,-0.4851018488407135,-0.5849016904830933,-0.2361603081226349,-0.8658981323242188,-0.5880632400512695,-0.2619195878505707,-1.0497753620147705,-0.6120844483375549,-0.25575247406959534,-1.2118839025497437,-0.637665331363678,-0.24991226196289062
Z,0.0,0.0,0.0,0.11166780441999435,-0.4382622241973877,0.00734703429043293,0.041988570243120193,-0.7736031413078308,-0.01466089766472578,-0.0055800131522119045,-0.9903428554534912,-0.0658402219414711,-0.012729462236166,-1.184666395187378,-0.12129655480384827,-0.22509317100048065,-1.0313210487365723,0.019035719335079193,-0.3905891478061676,-1.3465466499328613,-0.09327761828899384,-0.43690264225006104,-1.5715669393539429,-0.19267165660858154,-0.4504586160182953,-1.7740628719329834,-0.26509061455726624,-0.247678741812706,-0.9664917588233948,-0.06744559854269028,-0.43957096338272095,-1.30477774143219,-0.17291778326034546,-0.49960607290267944,-1.558680534362793,-0.2695474624633789,-0.5409389734268188,-1.7931524515151978,-0.33989065885543823,-0.24495908617973328,-0.8471417427062988,-0.16665835678577423,-0.4505136013031006,-1.1471314430236816,-0.2695152461528778,-0.5303962230682373,-1.3738337755203247,-0.3487052321434021,-0.5939545631408691,-1.580152153968811,-0.4054104685783386,-0.21314039826393127,-0.6727854013442993,-0.2693643569946289,-0.41206008195877075,-0.8330338001251221,-0.3598204255104065,-0.5407018065452576,-0.9629727005958557,-0.4093961715698242,-0.6554519534111023,-1.0771507024765015,-0.44523507356643677,0.0,0.0,0.0,-0.10227932035923004,-0.4475037753582001,0.024209290742874146,-0.35735154151916504,-0.7765277028083801,0.02337489277124405,-0.5355541110038757,-0.9512918591499329,-0.0021399082615971565,-0.6050251126289368,-1.114676594734192,-0.030431775376200676,-0.717319130897522,-0.7130600214004517,0.05709824338555336,-1.0873538255691528,-0.9300631880760193,-0.03234999254345894,-1.2787617444992065,-1.1250345706939697,-0.11712388694286346,-1.3906344175338745,-1.3031646013259888,-0.17368875443935394,-0.7937386631965637,-0.6081670522689819,-0.01057368516921997,-1.1960450410842896,-0.8387457728385925,-0.08956407755613327,-1.4225777387619019,-1.0602552890777588,-0.1727983057498932,-1.5748422145843506,-1.2702308893203735,-0.22879457473754883,-0.8252250552177429,-0.50287264585495,-0.08407296240329742,-1.1997333765029907,-0.7196369767189026,-0.15088537335395813,-1.4383454322814941,-0.9415661692619324,-0.19340674579143524,-1.6114633083343506,-1.1514793634414673,-0.2191944569349289,-0.8031620979309082,-0.39506587386131287,-0.15901362895965576,-1.0995832681655884,-0.5322425365447998,-0.20658613741397858,-1.2817058563232422,-0.6569308638572693,-0.2052048295736313,-1.4160099029541016,-0.7756823897361755,-0.1980486363172531
Z,0.0,0.0,0.0,0.24132013320922852,-0.21874818205833435,0.07035423815250397,0.29443755745887756,-0.44448643922805786,0.09636561572551727,0.32882964611053467,-0.583196759223938,0.07823174446821213,0.33623620867729187,-0.7053106427192688,0.0486958846449852,0.05416600778698921,-0.9825377464294434,0.21054033935070038,0.09112220257520676,-1.348132610321045,0.19593429565429688,0.1045583039522171,-1.5779539346694946,0.14749592542648315,0.09492466598749161,-1.7784416675567627,0.10011378675699234,0.03221572935581207,-0.9941164255142212,0.1034153625369072,0.06041489914059639,-1.4149606227874756,0.09919294714927673,0.06527777761220932,-1.6794837713241577,0.04376821964979172,0.0583656020462513,-1.897050380706787,-0.016919992864131927,0.005610124673694372,-0.9639973640441895,-0.02051466330885887,0.04160764440894127,-1.3699958324432373,-0.03476915881037712,0.060373298823833466,-1.6211906671524048,-0.08034753799438477,0.0569848008453846,-1.820468783378601,-0.129469633102417,-0.012500124052166939,-0.9067867398262024,-0.14931277930736542,0.025042695924639702,-1.2286847829818726,-0.16499672830104828,0.05048300325870514,-1.441927433013916,-0.18518385291099548,0.0618412159383297,-1.6316895484924316,-0.21487951278686523,0.0,0.0,0.0,-0.4476269781589508,0.04075240343809128,0.09357157349586487,-0.7265089154243469,-0.07459983229637146,0.11942669749259949,-0.9330164194107056,-0.19328151643276215,0.11084883660078049,-1.0774180889129639,-0.2681264877319336,0.09365149587392807,-0.8522295951843262,-0.5307547450065613,0.16168314218521118,-1.2204382419586182,-0.4443033039569855,0.12346009165048599,-1.4360694885253906,-0.36099985241889954,0.07143853604793549,-1.595922827720642,-0.33126944303512573,0.03147967532277107,-0.8302960395812988,-0.5513554215431213,0.08133761584758759,-1.264354944229126,-0.43128353357315063,0.04440004751086235,-1.4750860929489136,-0.35340365767478943,-0.0020630168728530407,-1.6347780227661133,-0.3236388564109802,-0.04188261553645134,-0.7988928556442261,-0.49333736300468445,-0.0053877620957791805,-1.2208088636398315,-0.39343100786209106,-0.05764082819223404,-1.4470278024673462,-0.31528252363204956,-0.08379214257001877,-1.6244484186172485,-0.2726665139198303,-0.10267259180545807,-0.7774259448051453,-0.3776479959487915,-0.08760930597782135,-1.086735725402832,-0.3496158719062805,-0.13846556842327118,-1.2848390340805054,-0.31837499141693115,-0.15561740100383759,-1.4691493511199951,-0.3019739091396332,-0.16537339985370636
Z,0.0,0.0,0.0,-0.18662787973880768,-0.5097733736038208,0.1872730404138565,-0.32431551814079285,-0.9069322347640991,0.2110603302717209,-0.38652485609054565,-1.2023699283599854,0.1646662801504135,-0.4132857620716095,-1.4642359018325806,0.10712102055549622,-0.6524128317832947,-0.8558476567268372,0.1482025682926178,-0.7232679724693298,-1.119760513305664,0.09014449268579483,-0.6966188549995422,-1.314011573791504,0.03369428589940071,-0.6559222340583801,-1.4831249713897705,-0.010992543771862984,-0.6083194613456726,-0.793549656867981,-0.015047719702124596,-0.34455496072769165,-1.3605343103408813,-0.11673028022050858,-0.11855583637952805,-1.6654572486877441,-0.18474465608596802,0.055096693336963654,-1.896215558052063,-0.22435900568962097,-0.49290984869003296,-0.7469858527183533,-0.17048527300357819,-0.21498294174671173,-1.318233609199524,-0.28704366087913513,-0.021619876846671104,-1.6509203910827637,-0.32311615347862244,0.12438657879829407,-1.8988295793533325,-0.3317277431488037,-0.33873066306114197,-0.7186397910118103,-0.31137117743492126,-0.19671347737312317,-1.153460144996643,-0.3845426142215729,-0.058193057775497437,-1.4062376022338867,-0.3771781623363495,0.06344937533140182,-1.6177562475204468,-0.35968175530433655,0.0,0.0,0.0,0.3977162837982178,-0.225941002368927,-0.036869119852781296,0.7108485102653503,-0.5189042091369629,-0.0628650113940239,0.8141307234764099,-0.7482303380966187,-0.10693363100290298,0.8257743120193481,-0.8936213254928589,-0.15359677374362946,0.5174786448478699,-0.9476497769355774,0.04260055720806122,0.606650710105896,-0.998806357383728,-0.05327772721648216,0.6659659743309021,-0.9203521609306335,-0.15208174288272858,0.7018378376960754,-0.8422361016273499,-0.2135361135005951,0.30307239294052124,-0.9529634714126587,0.002777333604171872,0.45543187856674194,-0.9223690629005432,-0.07528579980134964,0.5012753009796143,-0.7734659314155579,-0.16544847190380096,0.5061750411987305,-0.6444569230079651,-0.2195265293121338,0.09667225927114487,-0.8723387122154236,-0.04704231396317482,0.23117350041866302,-0.8394961357116699,-0.15110787749290466,0.28508731722831726,-0.7021589875221252,-0.18662483990192413,0.30326351523399353,-0.5785351395606995,-0.18896767497062683,-0.09921129047870636,-0.7398563623428345,-0.0998598262667656,-0.031683824956417084,-0.7114978432655334,-0.17110861837863922,0.013748908415436745,-0.604188859462738,-0.15607066452503204,0.03933347016572952,-0.5003036856651306,-0.12166247516870499
Z,0.0,0.0,0.0,0.0,0.0,0.0,0.0,0.0,0.0,0.0,0.0,0.0,0.0,0.0,0.0,0.0,0.0,0.0,0.0,0.0,0.0,0.0,0.0,0.0,0.0,0.0,0.0,0.0,0.0,0.0,0.0,0.0,0.0,0.0,0.0,0.0,0.0,0.0,0.0,0.0,0.0,0.0,0.0,0.0,0.0,0.0,0.0,0.0,0.0,0.0,0.0,0.0,0.0,0.0,0.0,0.0,0.0,0.0,0.0,0.0,0.0,0.0,0.0,0.0,0.0,0.0,0.21186797320842743,-0.3686172068119049,0.022096527740359306,0.3808059096336365,-0.6738100051879883,0.013939512893557549,0.5158995389938354,-0.8873172402381897,-0.006587368901818991,0.606643557548523,-1.0868706703186035,-0.028469962999224663,0.4668912887573242,-0.9289419651031494,0.014977843500673771,0.5700634717941284,-1.3292232751846313,-0.0034999223425984383,0.6073194146156311,-1.5803686380386353,-0.02762276865541935,0.638424277305603,-1.8109357357025146,-0.04863665997982025,0.45003193616867065,-0.8928228616714478,-0.018398724496364594,0.5534842014312744,-1.3091741800308228,-0.03670811280608177,0.6094286441802979,-1.5966109037399292,-0.0752652958035469,0.6510039567947388,-1.8513169288635254,-0.11144132912158966,0.4141150116920471,-0.8167644143104553,-0.049410343170166016,0.5332275032997131,-1.1731746196746826,-0.051209211349487305,0.581698477268219,-1.4569928646087646,-0.08172717690467834,0.6003412008285522,-1.6949042081832886,-0.11962068825960159,0.38617607951164246,-0.7143908143043518,-0.07916222512722015,0.4611360430717468,-0.9071977138519287,-0.06693246960639954,0.4852847754955292,-1.0516526699066162,-0.06439970433712006,0.4952399432659149,-1.1784385442733765,-0.07421795278787613
Z,0.0,0.0,0.0,0.5062758326530457,0.17481203377246857,0.11211121827363968,0.7558952569961548,0.05042846128344536,0.14626158773899078,0.90731281042099,-0.08530383557081223,0.12961538136005402,1.0431894063949585,-0.1550479531288147,0.10485361516475677,0.8278307914733887,-0.6033035516738892,0.16223517060279846,1.2380937337875366,-0.41419947147369385,0.1288089007139206,1.476036548614502,-0.2850329279899597,0.07206159830093384,1.65410578250885,-0.19545772671699524,0.017789313569664955,0.7890654802322388,-0.6122955083847046,0.04969752952456474,1.2678426504135132,-0.3536476790904999,0.02026846446096897,1.519207239151001,-0.19636569917201996,-0.027568353340029716,1.7268399000167847,-0.08487414568662643,-0.07818745076656342,0.7673388719558716,-0.5241380929946899,-0.06843061000108719,1.2473068237304688,-0.28236523270606995,-0.10983888059854507,1.512211799621582,-0.13072893023490906,-0.1460341364145279,1.7145841121673584,-0.027171136811375618,-0.18152764439582825,0.7602012753486633,-0.3604620099067688,-0.18481098115444183,1.121414065361023,-0.251412957906723,-0.21922987699508667,1.3465948104858398,-0.17352645099163055,-0.2307513803243637,1.5400995016098022,-0.11824735254049301,-0.24569541215896606,0.0,0.0,0.0,0.0,0.0,0.0,0.0,0.0,0.0,0.0,0.0,0.0,0.0,0.0,0.0,0.0,0.0,0.0,0.0,0.0,0.0,0.0,0.0,0.0,0.0,0.0,0.0,0.0,0.0,0.0,0.0,0.0,0.0,0.0,0.0,0.0,0.0,0.0,0.0,0.0,0.0,0.0,0.0,0.0,0.0,0.0,0.0,0.0,0.0,0.0,0.0,0.0,0.0,0.0,0.0,0.0,0.0,0.0,0.0,0.0,0.0,0.0,0.0
Z,0.0,0.0,0.0,0.2206723690032959,-0.28088438510894775,0.09641224145889282,0.4311733543872833,-0.6245241761207581,0.08904386311769485,0.5434896945953369,-0.8974098563194275,0.040473099797964096,0.5337874889373779,-1.147404670715332,-0.013317436911165714,0.532323956489563,-0.9293889999389648,0.07383101433515549,0.9323083758354187,-0.8808839321136475,-0.0011223417241126299,1.1947541236877441,-0.792855978012085,-0.06493070721626282,1.3814584016799927,-0.7147628664970398,-0.1025276631116867,0.5275463461875916,-0.8485897183418274,-0.03987950086593628,0.9797117114067078,-0.8114035129547119,-0.06743273884057999,1.2453064918518066,-0.7268162965774536,-0.08751870691776276,1.4505125284194946,-0.6594228148460388,-0.1073460802435875,0.5426014065742493,-0.6720321178436279,-0.15699198842048645,0.9815226197242737,-0.6628519296646118,-0.1569966971874237,1.2398017644882202,-0.6060713529586792,-0.15404130518436432,1.431958794593811,-0.5719884037971497,-0.16096214950084686,0.5642094612121582,-0.4302765727043152,-0.2751329243183136,0.9125187993049622,-0.47103527188301086,-0.24364402890205383,1.1231526136398315,-0.4639894366264343,-0.2128097265958786,1.2969187498092651,-0.45666712522506714,-0.1986244171857834,0.0,0.0,0.0,0.0,0.0,0.0,0.0,0.0,0.0,0.0,0.0,0.0,0.0,0.0,0.0,0.0,0.0,0.0,0.0,0.0,0.0,0.0,0.0,0.0,0.0,0.0,0.0,0.0,0.0,0.0,0.0,0.0,0.0,0.0,0.0,0.0,0.0,0.0,0.0,0.0,0.0,0.0,0.0,0.0,0.0,0.0,0.0,0.0,0.0,0.0,0.0,0.0,0.0,0.0,0.0,0.0,0.0,0.0,0.0,0.0,0.0,0.0,0.0
Z,0.0,0.0,0.0,0.26649168133735657,-0.33151212334632874,0.002754045417532325,0.26858586072921753,-0.7650405764579773,-0.004275002982467413,0.19106869399547577,-1.0825265645980835,-0.037865180522203445,0.12266696244478226,-1.3066039085388184,-0.08184204995632172,0.17122560739517212,-1.0105654001235962,0.05907672271132469,0.1360999196767807,-1.4326719045639038,-0.06417452543973923,0.13792476058006287,-1.7658659219741821,-0.17722445726394653,0.1378290206193924,-2.037576675415039,-0.26118046045303345,0.11518099159002304,-0.9928382039070129,-0.031710248440504074,0.06997056305408478,-1.4768588542938232,-0.15195980668067932,0.08024881035089493,-1.8386096954345703,-0.26601701974868774,0.10230467468500137,-2.1484498977661133,-0.3480340242385864,0.06795237213373184,-0.9286891222000122,-0.1402004212141037,0.02077522501349449,-1.4046114683151245,-0.2660263776779175,0.017382411286234856,-1.7361278533935547,-0.35851454734802246,0.01427850965410471,-1.9967633485794067,-0.41334378719329834,0.0297998134046793,-0.8081177473068237,-0.2523431181907654,-0.026005499064922333,-1.1525547504425049,-0.3606953024864197,-0.03826962783932686,-1.4005554914474487,-0.41553381085395813,-0.04473085701465607,-1.6015881299972534,-0.45089051127433777,0.0,0.0,0.0,0.0,0.0,0.0,0.0,0.0,0.0,0.0,0.0,0.0,0.0,0.0,0.0,0.0,0.0,0.0,0.0,0.0,0.0,0.0,0.0,0.0,0.0,0.0,0.0,0.0,0.0,0.0,0.0,0.0,0.0,0.0,0.0,0.0,0.0,0.0,0.0,0.0,0.0,0.0,0.0,0.0,0.0,0.0,0.0,0.0,0.0,0.0,0.0,0.0,0.0,0.0,0.0,0.0,0.0,0.0,0.0,0.0,0.0,0.0,0.0
Z,0.0,0.0,0.0,0.0,0.0,0.0,0.0,0.0,0.0,0.0,0.0,0.0,0.0,0.0,0.0,0.0,0.0,0.0,0.0,0.0,0.0,0.0,0.0,0.0,0.0,0.0,0.0,0.0,0.0,0.0,0.0,0.0,0.0,0.0,0.0,0.0,0.0,0.0,0.0,0.0,0.0,0.0,0.0,0.0,0.0,0.0,0.0,0.0,0.0,0.0,0.0,0.0,0.0,0.0,0.0,0.0,0.0,0.0,0.0,0.0,0.0,0.0,0.0,0.0,0.0,0.0,0.013287898153066635,0.09391921758651733,-0.44016900658607483,-0.008710033260285854,0.038244351744651794,-0.708637535572052,-0.043686460703611374,-0.07377692312002182,-0.9075432419776917,-0.01229049637913704,-0.22774599492549896,-1.1050351858139038,-0.1550116389989853,-0.7937507629394531,-0.562079906463623,-0.1577116847038269,-1.2657997608184814,-0.7742534279823303,-0.16115610301494598,-1.6404554843902588,-0.9403283596038818,-0.1662454754114151,-1.9573086500167847,-1.0508393049240112,-0.19575420022010803,-0.885981559753418,-0.4203772246837616,-0.21305207908153534,-1.3816711902618408,-0.615943193435669,-0.23267033696174622,-1.770552635192871,-0.7587649822235107,-0.2461269050836563,-2.1318423748016357,-0.8587990403175354,-0.22213861346244812,-0.9012187123298645,-0.3002254366874695,-0.23334868252277374,-1.3534481525421143,-0.4501558244228363,-0.24125295877456665,-1.6902202367782593,-0.5488988757133484,-0.23229514062404633,-1.9813153743743896,-0.6136541366577148,-0.2563784718513489,-0.8658450245857239,-0.2135985642671585,-0.25256747007369995,-1.2341073751449585,-0.31095218658447266,-0.2578938901424408,-1.5138280391693115,-0.36807793378829956,-0.25222674012184143,-1.7492070198059082,-0.4107048213481903
Z,0.0,0.0,0.0,0.33112820982933044,-0.20683853328227997,0.041981879621744156,0.6576597094535828,-0.44312983751296997,0.015581744723021984,0.947203516960144,-0.5553672909736633,-0.03566543385386467,1.1406935453414917,-0.59633868932724,-0.08531580120325089,0.5559769868850708,-0.9048705697059631,0.004510713741183281,1.067972183227539,-0.8409100770950317,-0.0887862890958786,1.4103461503982544,-0.8084897398948669,-0.17288294434547424,1.6607205867767334,-0.7690991163253784,-0.23187239468097687,0.5542420148849487,-0.8280525803565979,-0.08452665060758591,1.1347630023956299,-0.8020725846290588,-0.15249352157115936,1.4686421155929565,-0.7503021359443665,-0.19603247940540314,1.7186392545700073,-0.7150895595550537,-0.22932924330234528,0.5879883766174316,-0.6666445136070251,-0.17698703706264496,1.152403712272644,-0.666070818901062,-0.23295684158802032,1.4803370237350464,-0.643539547920227,-0.24220503866672516,1.7188482284545898,-0.6352786421775818,-0.2482624351978302,0.6560872197151184,-0.4264829456806183,-0.2719753086566925,1.1143860816955566,-0.45648831129074097,-0.2950223684310913,1.3770307302474976,-0.46235474944114685,-0.2777429223060608,1.5780830383300781,-0.4691409766674042,-0.2654404044151306,0.0,0.0,0.0,-0.16587772965431213,-0.4049533009529114,0.030334342271089554,-0.09481632709503174,-0.8594223856925964,0.00657376553863287,-0.01728121191263199,-1.1580888032913208,-0.03755515068769455,0.026052216067910194,-1.4046647548675537,-0.09695977717638016,0.049739595502614975,-1.0374106168746948,-0.09409558773040771,0.04461384937167168,-1.5245722532272339,-0.235112264752388,0.03987773507833481,-1.8725850582122803,-0.33112484216690063,0.056848641484975815,-2.1613142490386963,-0.39662763476371765,0.09977219253778458,-0.9747663140296936,-0.19968992471694946,0.05971832200884819,-1.5322657823562622,-0.3371961712837219,0.05622287839651108,-1.9202510118484497,-0.4401414692401886,0.07922007888555527,-2.2488837242126465,-0.5115399360656738,0.13235095143318176,-0.8510323762893677,-0.3023175299167633,0.09737128764390945,-1.3920470476150513,-0.43575620651245117,0.09392718970775604,-1.7444355487823486,-0.5160290598869324,0.10753995180130005,-2.0276925563812256,-0.5664688944816589,0.1299949437379837,-0.6933892965316772,-0.40077704191207886,0.12462957203388214,-1.0683362483978271,-0.5272234082221985,0.13927263021469116,-1.330575704574585,-0.5857377052307129,0.15774665772914886,-1.553867220878601,-0.622785747051239
